optimized_group_id,headword,source_count,source_words,added_count,added_forms,memory_word_count,all_memory_words,source_group_id,decision,root_affix,group_explanation,memory_link,mnemonic,collocations,related_recommendations,definitions
O0001,abolish,1,abolish,2,"abolition, abolitionist",3,"abolish, abolition, abolitionist",D0001,kept,,,,,,,abolish: vt. 废除，废止；取消，革除
O0002,abrupt,1,abrupt,2,"abruptly, abruptness",3,"abrupt, abruptly, abruptness",D0002,kept,,,,,,,abrupt: adj. 生硬的；突然的；唐突的；陡峭的
O0003,absolutely,1,absolutely,0,,1,absolutely,D0003,kept,,,,,,,absolutely: adv. 绝对地；完全地
O0004,abstract,1,abstract,0,,1,abstract,D0004,kept,,,,,,,abstract: adj. 纯理论的；抽象的；抽象派的n. 摘要；抽象；抽象的概念；抽象派艺术作品v. 摘要；提取；抽象化；退出；转移；使心不在焉
O0005,abundance,1,abundance,0,,1,abundance,D0005,kept,,,,,,,abundance: n. 充裕，丰富
O0006,academic,1,academic,0,,1,academic,D0006,kept,,,,,,,academic: adj. 学术的；理论的；学院的n. 大学生，大学教师；学者
O0007,accelerate,2,"accelerate, acceleration",0,,2,"accelerate, acceleration",D0007,kept,词根 celer=快速，ac-加强,accelerate是动词“加速”，acceleration是名词“加速；加速度”，同词族名词派生。,司机踩下油门让汽车加速(accelerate)，速度表显示加速度(acceleration)的数值。,加速(accelerate)产生加速度(acceleration)。,accelerate growth - 加速增长 | economic acceleration - 经济加速,decelerate（减速）为反义词，注意拼写对称,accelerate: vt. 使……加快；使……增速vi. 加速；促进；增加 | acceleration: n. 加速，促进；[物] 加速度；跳级
O0008,acceptable,2,"acceptable, acceptance",0,,2,"acceptable, acceptance",D0008,kept,词根 cept=take，ac-加强,两者均源于accept，“acceptable可接受的”为形容词，“acceptance接纳”为名词。,求职者希望简历能被接受(acceptance)，因此努力成为可接受的(acceptable)候选人。,被接受(acceptance)是因为你可接受(acceptable)。,acceptable behavior - 可接受的行为 | social acceptance - 社会接纳,辨析：except（除…外）同词根但前缀不同，意思相反,acceptable: adj. 可接受的；合意的；可忍受的 | acceptance: n. 接纳；赞同；容忍
O0009,accessory,1,accessory,0,,1,accessory,D0009,kept,,,,,,,accessory: n. 配件；附件；[法] 从犯adj. 副的；同谋的；附属的
O0010,accidental,1,accidental,0,,1,accidental,D0010,kept,,,,,,,accidental: adj. 意外的；偶然的；附属的；临时记号的n. 次要方面；非主要的特性；临时记号
O0011,accommodate,2,"accommodate, accommodation",0,,2,"accommodate, accommodation",D0011,kept,词根 mod=measure/fit，ac+com+mod+ate→使适合,accommodate动词“容纳；使适应”，accommodation名词“住处；调节”，酒店场景中两者紧密关联。,酒店提供住宿(accommodation)来容纳(accommodate)大量游客。,容纳(accommodate)并提供住宿(accommodation)。,accommodate guests - 接待客人 | student accommodation - 学生住宿 | accommodate new ideas - 接纳新思想,commodity（商品）同词根mod，分享“适合”的含义,accommodate: vt. 容纳；使适应；供应；调解vi. 适应；调解 | accommodation: n. 住处，膳宿；调节；和解；预订铺位
O0012,accord,3,"accord, accordance, accordingly",1,accordant,4,"accord, accordance, accordingly, accordant",D0012,kept,词根 cord=heart，ac-加强→内心一致,accord名词/动词“一致；给予”，accordance名词“按照；一致”，accordingly副词“相应地”，为同源派生链条。,双方达成一致(accord)并签协议，因此(in accordance with)协议执行，行动也相应地(accordingly)开展。,一致(accord)达成协议，因此行动一致地(accordingly)。,in accordance with - 按照，依据 | act accordingly - 照此行动 | reach an accord - 达成一致,concord（和谐）同词根cord，discord（不和）为反义,accord: n. 符合；一致；协议；自愿vt. 使一致；给予vi. 符合；一致 | accordance: n. 按照，依据；一致，和谐 | accordingly: adv. 因此，于是；相应地；照着
O0013,accumulate,1,accumulate,0,,1,accumulate,D0013,kept,,,,,,,accumulate: vi. 累积；积聚vt. 积攒
O0014,accurate,1,accurate,0,,1,accurate,D0014,kept,,,,,,,accurate: adj. 精确的
O0015,accustom,2,"accustom, accustomed",0,,2,"accustom, accustomed",D0015,kept,词根 custom=习惯，ac-加强,accustom动词“使习惯于”，accustomed形容词“习惯的”（过去分词演变），常用结构accustom oneself to / be accustomed to。,新兵被训练以适应(accustom)冷天气，最后变得习惯于(accustomed)严寒。,习惯(accustom)了就成了习惯于(accustomed)。,accustom oneself to - 使自己习惯于 | be accustomed to - 习惯于,custom（风俗）和customer（顾客）为同源词，都来自“习惯”,accustom: v. 使习惯于，使适应 | accustomed: adj. 习惯的；通常的；独有的v. 使习惯于（accustom的过去分词）
O0016,achievement,1,achievement,0,,1,achievement,D0016,kept,,,,,,,achievement: n. 成就；完成；达到；成绩
O0017,acquaint,2,"acquaint, acquaintance",0,,2,"acquaint, acquaintance",D0017,kept,词根 quaint=know，ac-加强→使知道,acquaint动词“使熟悉”，acquaintance名词“熟人；相识”，为动-名派生。,朋友介绍你认识(acquaint)了一个人，他就成了你的新熟人(acquaintance)。,认识(acquaint)后就成了熟人(acquaintance)。,acquaint with - 使认识，使了解 | a passing acquaintance - 点头之交 | make the acquaintance of - 与…结识,注意拼写：quit离开，quiet安静，acquaint中quaint保留,acquaint: vt. 使熟悉；使认识 | acquaintance: n. 熟人；相识；了解；知道
O0018,acquisition,1,acquisition,0,,1,acquisition,D0018,kept,,,,,,,acquisition: n. 获得物，获得；收购
O0019,activate,2,"activate, activity",0,,2,"activate, activity",D0019,kept,词根 act=do/drive，-ivate使动，-ity名词,activate动词“激活；使活动”，activity名词“活动”，由行动词根派生。,按下开关激活(activate)整台机器，车间立刻充满生产活动(activity)。,激活(activate)活动(activity)。,activate the alarm - 激活警报 | physical activity - 身体活动,reaction（反应），interaction（互动）也含词根act,activate: vt. 刺激；使活动；使活泼；使产生放射性vi. 激活；有活力 | activity: n. 活动；行动；活跃
O0020,actually,1,actually,0,,1,actually,D0020,kept,,,,,,,actually: adv. 实际上；事实上
O0021,addition,2,"addition, additional",0,,2,"addition, additional",D0021,kept,词根 add=加，-ition名词，-al形容词,addition名词“添加”，additional形容词“附加的”，来自add的派生词。,购物车里添加(in addition)一件商品，账单上就会多出一项额外的(additional)费用。,添加(addition)附加的(additional)。,in addition to - 除…之外还 | additional cost - 额外成本,additive（添加剂）同源，注意addiction（成瘾）词根不同,addition: n. 添加；[数] 加法；增加物 | additional: adj. 附加的，额外的
O0022,adequate,1,adequate,0,,1,adequate,D0022,kept,,,,,,,adequate: adj. 充足的；适当的；胜任的
O0023,adhere,1,adhere,0,,1,adhere,D0023,kept,,,,,,,adhere: vi. 坚持；依附；粘着；追随vt. 使粘附
O0024,adjacent,1,adjacent,0,,1,adjacent,D0024,kept,,,,,,,adjacent: adj. 邻近的，毗连的
O0025,adjective,1,adjective,0,,1,adjective,D0025,kept,,,,,,,adjective: adj. 形容词的；从属的n. 形容词
O0026,adjoin,1,adjoin,0,,1,adjoin,D0026,kept,,,,,,,adjoin: vi. 毗连，邻接vt. 毗连，邻接
O0027,administer,2,"administer, administration",0,,2,"administer, administration",D0027,kept,词根 minister=servant，ad-加强→从事服务→管理,administer动词“管理；执行”，administration名词“管理；行政机构”，常见于政府或商业场景。,市长管理(administer)市政，整个行政(administration)班子高效运转。,管理(administer)行政(administration)。,administer justice - 执法 | business administration - 企业管理,minister（部长），ministry（部委）同源,administer: vt. 管理；执行；给予vi. 给予帮助；执行遗产管理人的职责；担当管理人 | administration: n. 管理；行政；实施；行政机构
O0028,admission,1,admission,0,,1,admission,D0028,kept,,,,,,,admission: n. 承认；入场费；进入许可；坦白；录用
O0029,adolescent,1,adolescent,0,,1,adolescent,D0029,kept,,,,,,,adolescent: adj. 青春期的；未成熟的n. 青少年
O0030,advanced,1,advanced,0,,1,advanced,D0030,kept,,,,,,,advanced: adj. 先进的；高级的；晚期的；年老的v. 前进；增加；上涨（advance的过去式和过去分词形式）
O0031,advent,1,advent,0,,1,advent,D0031,kept,,,,,,,advent: n. 到来；出现；基督降临；基督降临节
O0032,adverb,1,adverb,0,,1,adverb,D0032,kept,,,,,,,adverb: n. 副词adj. 副词的
O0033,adverse,1,adverse,0,,1,adverse,D0033,kept,,,,,,,adverse: adj. 不利的；相反的；敌对的（名词adverseness，副词adversely）
O0034,advertise,2,"advertise, advertisement",0,,2,"advertise, advertisement",D0034,kept,-advert- 转向；-ise 动词后缀；-ment 名词后缀,advertise 是动词“做广告”，advertisement 是其名词形式“广告”。,商家通过广告让消费者注意力转向他们的产品。,广告让你转向注意产品，动词advertise变名词加ment。,advertise a product - 为产品做广告 | place an advertisement - 刊登广告,commercial (商业广告) 辨析,advertise: vt. 通知；为…做广告；使突出vi. 做广告，登广告；作宣传 | advertisement: n. 广告，宣传
O0035,advisable,1,advisable,0,,1,advisable,D0035,kept,,,,,,,advisable: adj. 明智的，可取的，适当的
O0036,advocate,1,advocate,0,,1,advocate,D0036,kept,,,,,,,advocate: v. 提倡，拥护；为……辩护n. 拥护者；辩护者；辩护律师，出庭律师；律师；为（某团体）谋利益者
O0037,aero,3,"aerial, aero, aeroplane",0,,3,"aerial, aero, aeroplane",D0037,kept,aero- / aer- 空气，航空,aero 是形容词“航空的”，aeroplane 是“飞机”，aerial 是“空中的”或“天线”。均与空气、飞行相关。,想象一架飞机(aeroplane)在空中(aerial)飞行，属于航空(aero)领域。,aero航空，plane飞机，aerial空中的天线，都是空中的东西。,aero engine - 航空发动机 | by aeroplane - 乘飞机 | aerial view - 鸟瞰图,aviation (航空) 扩展,"aerial: adj. 空中的，航空的；空气的；空想的n. [电讯] 天线 | aero: adj.航空的,飞行的,飞机的 | aeroplane: n. 飞机（等于airplane）"
O0038,aesthetic,1,aesthetic,0,,1,aesthetic,D0038,kept,,,,,,,aesthetic: adj. 美的；美学的；审美的，具有审美趣味的n. 审美；美学
O0039,affection,1,affection,0,,1,affection,D0039,kept,,,,,,,affection: n. 喜爱，感情；影响；感染
O0040,affiliate,1,affiliate,0,,1,affiliate,D0040,kept,,,,,,,affiliate: v. （使）附属，隶属；加入，加盟，并入；接纳；紧密联系n. 分支机构；子公司；分社；联号
O0041,affirm,1,affirm,0,,1,affirm,D0041,kept,,,,,,,affirm: vt. 肯定；断言vi. 确认；断言
O0042,afflict,1,afflict,0,,1,afflict,D0042,kept,,,,,,,afflict: vt. 折磨；使痛苦；使苦恼
O0043,aggravate,1,aggravate,0,,1,aggravate,D0043,kept,,,,,,,aggravate: vt. 加重；使恶化；激怒
O0044,aggressive,1,aggressive,0,,1,aggressive,D0044,kept,,,,,,,aggressive: adj. 侵略性的；好斗的；有进取心的；有闯劲的
O0045,agitation,1,agitation,0,,1,agitation,D0045,kept,,,,,,,agitation: n. 激动；搅动；煽动；烦乱
O0046,agony,1,agony,0,,1,agony,D0046,kept,,,,,,,agony: n. 苦恼；极大的痛苦；临死的挣扎
O0047,agree,2,"agreeable, agreement",0,,2,"agreeable, agreement",D0047,kept,agree 同意；-able 形容词后缀表示“能…的”；-ment 名词后缀,agreeable 意为“令人愉快的”或“可同意的”，agreement 意为“协议；一致”。均来自 agree。,两个人意见一致(agree)，达成协议(agreement)，相处愉快(agreeable)。,同意(agree)达成协议(agreement)，事情变愉快(agreeable)。,agreeable weather - 宜人的天气 | reach an agreement - 达成协议,consent (同意) 近义词,agreeable: adj. 令人愉快的；适合的；和蔼可亲的 | agreement: n. 协议；同意，一致
O0048,ai,1,ai,0,,1,ai,D0048,kept,,,,,,,ai: abbr. 人工智能（artificial intelligence）
O0049,airline,1,airline,0,,1,airline,D0049,kept,,,,,,,airline: n. 航空公司；航线adj. 航线的
O0050,alert,1,alert,0,,1,alert,D0050,kept,,,,,,,"alert: adj.提防的,警惕的n.警惕,警报"
O0051,alien,1,alien,0,,1,alien,D0051,kept,,,,,,,alien: adj. 外国的；相异的，性质不同的；不相容的n. 外国人，外侨；外星人vt. 让渡，转让n. (Alien)人名；(法)阿利安
O0052,allege,1,allege,0,,1,allege,D0052,kept,,,,,,,allege: vt. 宣称，断言；提出…作为理由
O0053,alleviate,1,alleviate,0,,1,alleviate,D0053,kept,,,,,,,alleviate: vt. 减轻，缓和
O0054,ally,2,"alliance, ally",0,,2,"alliance, ally",D0054,kept,al- = ad- 朝向；-ly- / -li- 结合 (源自拉丁语 ligare),ally 是“同盟者”或“使结盟”，alliance 是“联盟”名词形式。,国家之间结盟(ally)形成联盟(alliance)共同抗敌。,ally结盟，alliance联盟，一起抗敌。,ally with - 与…结盟 | form an alliance - 结成联盟,coalition (联合) 辨析,alliance: n. 联盟，联合；联姻 | ally: n. 同盟国；伙伴；同盟者；助手vt. 使联盟；使联合vi. 联合；结盟n. (Ally)人名；(巴基)阿利；(法)阿利；(英)艾丽(女子教名 Alice 的简称)；(尼日利)阿利
O0055,allocate,1,allocate,0,,1,allocate,D0055,kept,,,,,,,allocate: vt. 分配；拨出vi. 分配；指定
O0056,allowance,1,allowance,0,,1,allowance,D0056,kept,,,,,,,allowance: n. 津贴，零用钱；允许；限额vt. 定量供应
O0057,alloy,1,alloy,0,,1,alloy,D0057,kept,,,,,,,alloy: n. 合金v. 把……铸成合金；使……减低成色n. (Alloy) （美、法、英、巴、加）阿洛伊（人名）
O0058,alter,3,"alter, alternate, alternative",0,,3,"alter, alternate, alternative",D0058,kept,alter- 改变，轮流,alter 指“改变”，alternate 指“轮流，交替”，alternative 指“替代的，供选择的东西”。,改变(alter)常规，采取轮流(alternate)方式，提供替代方案(alternative)。,alter改变成alternate轮流，提供alternative选择。,alter one's mind - 改变主意 | alternate between - 交替 | alternative energy - 替代能源,"change, vary 辨析","alter: vt. 改变，更改vi. 改变；修改n. （Alter）（美、德）阿尔特（人名） | alternate: adj.交替的,轮流的,预备的v.交替,轮流,改变 | alternative: adj. 供选择的；选择性的；交替的n. 二中择一；供替代的选择"
O0059,aluminium,1,aluminium,0,,1,aluminium,D0059,kept,,,,,,,aluminium: n. 铝adj. 铝的
O0060,ambiguous,1,ambiguous,0,,1,ambiguous,D0060,kept,,,,,,,ambiguous: adj. 模糊不清的，模棱两可的；不明确的，不明朗的；引起歧义的
O0061,ambition,2,"ambition, ambitious",0,,2,"ambition, ambitious",D0061,kept,amb- 周围，-it- 走 (原意四处奔走拉选票)；-ition 名词后缀；-ious 形容词后缀,ambition 是“野心，雄心”，ambitious 是“有雄心的”。,有野心(ambition)的人总是雄心勃勃(ambitious)地追求目标。,有野心ambition的人ambitious。,political ambition - 政治野心 | ambitious plan - 雄心勃勃的计划,aspiration (抱负) 近义词,ambition: n. 野心，雄心；抱负，志向vt. 追求；有…野心 | ambitious: adj. 野心勃勃的；有雄心的；热望的；炫耀的
O0062,ambulance,1,ambulance,0,,1,ambulance,D0062,kept,,,,,,,ambulance: n. [车辆][医] 救护车；战时流动医院
O0063,amend,2,"amend, amends",0,,2,"amend, amends",D0063,kept,a- 出，-mend 错误 (源自拉丁语 mendum),amend 是“修订，改正”，amends 是“赔偿，赔罪”，常搭配 make amends。,犯错后，先修订(amend)文件，再赔偿(amends)损失。,修订amend错误，做出amends赔偿。,amend the contract - 修改合同 | make amends for - 为…赔罪,"correct, revise 辨析",amend: vt. 修改；改善，改进vi. 改正，改善；改过自新n. (Amend)人名；(德、英)阿门德 | amends: n. 赔偿；赔罪v. 修订（amend的第三人称单数）；改进
O0064,amongst,1,amongst,0,,1,amongst,D0064,kept,,,,,,,amongst: prep. 在……当中（等于 among）
O0065,ampere,1,ampere,0,,1,ampere,D0065,kept,,,,,,,ampere: n. 安培（计算电流强度的标准单位）
O0066,amplify,1,amplify,0,,1,amplify,D0066,kept,,,,,,,amplify: vt. 放大，扩大；增强；详述vi. 详述
O0067,analyse,4,"analogy, analyse, analytic, analytical",3,"analysis, analyst, analytically",7,"analogy, analyse, analytic, analytical, analysis, analyst, analytically",D0067,kept,核心词根 ana- (thoroughly) + lyein (loosen) 表示分解分析；log/logy 表示言辞、推理。analogy 是类比推理，analyse 是分析，analytic/al 是分析性的。,这些词都与分析、推理有关，同源词根帮助记忆。,想象一位科学家在实验室里仔细分析(analyse)数据，用类比(analogy)来推理，展示出强大的分析能力(analytic/analytical)。,ana- 向上，拆解来分析；类比类推用log，分析性质加tic。,draw an analogy - 作类比 | analyse data - 分析数据 | analytic method - 分析方法 | analytical skills - 分析能力,注意 analytic 和 analytical 都译为“分析的”，可互换，但 analytic 更常用于逻辑、哲学；analytical 更强调具体分析过程。,analogy: n. 类比；类推；类似 | analyse: vt. 分析；分解；细察 | analytic: adj. 分析的；解析的；善于分析的 | analytical: adj. 分析的；解析的；善于分析的
O0068,ancestor,1,ancestor,0,,1,ancestor,D0068,kept,,,,,,,ancestor: n. 始祖，祖先；被继承人
O0069,angel,1,angel,0,,1,angel,D0069,kept,,,,,,,"angel: n.天使,完善可爱的人"
O0070,anniversary,1,anniversary,0,,1,anniversary,D0070,kept,,,,,,,anniversary: n. 周年纪念日
O0071,announcer,1,announcer,0,,1,announcer,D0071,kept,,,,,,,announcer: n. [广播] 广播员；宣告者
O0072,anonymous,1,anonymous,0,,1,anonymous,D0072,kept,,,,,,,anonymous: adj. 匿名的，无名的；无个性特征的
O0073,antarctic,1,antarctic,0,,1,antarctic,D0073,kept,,,,,,,antarctic: adj. 南极的；[地理] 南极地带的n. (the Antarctic) 南极洲；南极地区
O0074,anticipate,1,anticipate,0,,1,anticipate,D0074,kept,,,,,,,anticipate: v. 预料，预期；预见，预计（并做准备）； 期盼，期望； 先于……做，早于……行动；在期限内履行（义务），偿还（债务）；提前使用
O0075,anxious,1,anxious,0,,1,anxious,D0075,kept,,,,,,,anxious: adj. 焦虑的；担忧的；渴望的；急切的
O0076,apartment,1,apartment,0,,1,apartment,D0076,kept,,,,,,,apartment: n. 公寓；房间
O0077,apologize,2,"apologize, apology",0,,2,"apologize, apology",D0077,kept,"apo- (away, off) + log (speech) -> 为…申辩，后演变为道歉。",动词和名词形式，一起记忆。,当你向朋友道歉(apologize)，你需要一个真诚的道歉(apology)。,"道歉先说 apologize, 名词 apology 要牢记。",apologize for - 为…道歉 | make an apology - 道歉 | accept an apology - 接受道歉,区分 excuse 和 apology，excuse 是借口，apology 是认错。,apologize: vi. 道歉，谢罪；辩解，辩护 | apology: n. 道歉；谢罪；辩护；勉强的替代物
O0078,apparatus,1,apparatus,0,,1,apparatus,D0078,kept,,,,,,,apparatus: n. 装置，设备；仪器；器官
O0079,appearance,1,appearance,0,,1,appearance,D0079,kept,,,,,,,appearance: n. 外貌，外观；出现，露面
O0080,appendix,1,appendix,0,,1,appendix,D0080,kept,,,,,,,appendix: n. 附录；阑尾；附加物
O0081,applaud,1,applaud,0,,1,applaud,D0081,kept,,,,,,,applaud: vt. 赞同；称赞；向…喝彩vi. 喝彩；鼓掌欢迎
O0082,application,3,"appliance, applicable, application",0,,3,"appliance, applicable, application",D0082,kept,apply (ad- to + plicare fold) 派生：appliance (器具，用于折叠/应用的设备)，applicable (可应用的)，application (应用，申请)。,核心是 apply 应用，三个词分别指器具、可应用性和应用本身。,你填写一份大学申请(application)，需要你列出你的家用电器(appliance)技能，并确认你是否符合适用条件(be applicable)。,apply 应用变三词：器具 appliance 实实在在，适用 applicable 形容词，申请应用 application 名词。,household appliances - 家用电器 | applicable law - 适用法律 | job application - 求职申请 | application form - 申请表,注意 applicant 是申请人，未在词表中，可结合记忆。,appliance: n. 器具；器械；装置；应用 | applicable: adj. 可适用的；可应用的；合适的 | application: n. 应用；申请；应用程序；敷用；（对事物、学习等）投入
O0083,appointment,1,appointment,0,,1,appointment,D0083,kept,,,,,,,appointment: n. 任命；约定；任命的职位
O0084,appreciate,3,"appraisal, appreciable, appreciate",0,,3,"appraisal, appreciable, appreciate",D0084,kept,appraise 来自 ad- + pretium (price) -> 估价；appreciate 来自 ad- + pretium (value) -> 珍视。两者都含“价值”概念，appreciable 表示可感知/可评估的。,appraisal 是评估，appreciate 是欣赏/领会价值，appreciable 是可感知的（大到可评估的）。,收到老板的绩效评估(appraisal)，你非常感激(appreciate)他的认可，这使你的进步可感知(appreciable)。,价值评估 appraisal，心存感激 appreciate，大到可见 appreciable。,performance appraisal - 绩效评估 | appreciate your help - 感谢你的帮助 | appreciable difference - 明显的差异,区分 appreciate 感谢和 enjoy 享受；appraise 评估和 evaluate 评估。,appraisal: n. 评价；估价（尤指估价财产，以便征税）；估计 | appreciable: adj. 可感知的；可评估的；相当可观的 | appreciate: vt. 欣赏；感激；领会；鉴别vi. 增值；涨价
O0085,apprehension,1,apprehension,0,,1,apprehension,D0085,kept,,,,,,,apprehension: n. 理解；恐惧；逮捕；忧惧
O0086,appropriate,1,appropriate,0,,1,appropriate,D0086,kept,,,,,,,appropriate: adj. 适当的；恰当的；合适的vt. 占用，拨出
O0087,approval,1,approval,0,,1,approval,D0087,kept,,,,,,,approval: n. 批准；认可；赞成
O0088,approximate,1,approximate,0,,1,approximate,D0088,kept,,,,,,,approximate: adj. 近似的，大概的v. 接近，近似；粗略估计
O0089,approximately,1,approximately,0,,1,approximately,D0089,kept,,,,,,,approximately: adv. 大约，近似地；近于
O0090,apt,1,apt,0,,1,apt,D0090,kept,,,,,,,apt: adj. 恰当的；有…倾向的；灵敏的n. (Apt)人名；(法、波、英)阿普特
O0091,arabian,1,arabian,0,,1,arabian,D0091,kept,,,,,,,arabian: adj. 阿拉伯（人）的，（与）阿拉伯（有关）的n. （史）阿拉伯人（或居民）
O0092,arbitrary,1,arbitrary,0,,1,arbitrary,D0092,kept,,,,,,,arbitrary: adj. [数] 任意的；武断的；专制的
O0093,arc,1,arc,0,,1,arc,D0093,kept,,,,,,,arc: n. 弧（度）；弧光（全称electric arc）；弧形物；天穹adj. 圆弧的；反三角函数的vt. 形成电弧；走弧线n. (Arc)人名；(法)阿尔克
O0094,architecture,1,architecture,0,,1,architecture,D0094,kept,,,,,,,architecture: n. 建筑学；建筑风格；建筑式样；架构
O0095,argument,1,argument,0,,1,argument,D0095,kept,,,,,,,argument: n. 论证；论据；争吵；内容提要；数，逻自变数；语言学主词，受词
O0096,arithmetic,1,arithmetic,0,,1,arithmetic,D0096,kept,,,,,,,arithmetic: n. 算术，算法；数字
O0097,arouse,1,arouse,0,,1,arouse,D0097,kept,,,,,,,arouse: vt. 引起；唤醒；鼓励vi. 激发；醒来；发奋
O0098,arrangement,1,arrangement,0,,1,arrangement,D0098,kept,,,,,,,arrangement: n. 布置；整理；准备；安排
O0099,array,1,array,0,,1,array,D0099,kept,,,,,,,array: n. 数组，阵列；排列，列阵；大批，一系列；衣服vt. 排列，部署；打扮
O0100,articulate,1,articulate,0,,1,articulate,D0100,kept,,,,,,,"articulate: adj.有关节的,发音清晰的vt.用关节连接,接合,清晰明白地说"
O0101,artificial,2,"artificial, artistic",0,,2,"artificial, artistic",D0101,kept,词根 art = skill（技巧）。artificial 由 art + ficial (制作) -> 人工制作的，引申为人造的、不自然的；artistic 由 art + istic -> 有艺术技巧的，艺术的。,共享词根 art，分别强调人工技巧和艺术技巧。,一位艺术家(artistic)用人工(artificial)材料创作出精美的艺术品。,人工 artificial 假而巧，艺术 artistic 美而妙，皆因 art 技巧脑。,artificial intelligence - 人工智能 | artistic talent - 艺术天赋 | artistic creation - 艺术创作,注意 artificial 虚伪的（行为）与 false 辨析。,artificial: adj. 人造的；仿造的；虚伪的；非原产地的；武断的 | artistic: adj. 艺术的；风雅的；有美感的
O0102,ascend,1,ascend,0,,1,ascend,D0102,kept,,,,,,,ascend: vi. 上升；登高；追溯vt. 攀登，上升
O0103,ascertain,1,ascertain,0,,1,ascertain,D0103,kept,,,,,,,ascertain: vt. 确定；查明；探知
O0104,attribute,2,"ascribe, attribute",0,,2,"ascribe, attribute",D0104,kept,attribute: tribute（给予），at- = ad-（朝向）→ 归于；ascribe: scribe（写），a- = ad- → 写在…名下 → 归于,两者都表示“把……归因/归于”，常用结构 attribute…to / ascribe…to。attribute 还可作名词指属性。,成功学家把成功 attribute（归因）于习惯，也 ascribe（归功）于毅力，并分析成功人士的 positive attributes（属性）。,归因于，都用 to。,attribute...to - 把…归因于 | ascribe...to - 把…归因于 | positive attributes - 积极特质,"同根词：contribute（贡献）, distribute（分配）",ascribe: vt. 归因于；归咎于 | attribute: n. 属性；特质vt. 归属；把……归于
O0105,assault,1,assault,0,,1,assault,D0105,kept,,,,,,,assault: n. 攻击；袭击vt. 攻击；袭击vi. 袭击；动武
O0106,assemble,2,"assemble, assembly",0,,2,"assemble, assembly",D0106,kept,semble（来自拉丁语 simul“一起”），as- = ad-（朝向）→ 使到一起,assemble 是动词，表示集合、装配；assembly 是名词，表示集会、装配、汇编。,想象工人被召集（assemble）到车间，参加晨间集会（assembly），然后一起装配（assemble）产品。,集合起来搞装配。,assemble evidence - 收集证据 | assembly line - 流水线 | General Assembly - 联合国大会,"辨析：meeting（一般会议）, conference（大型会议）, convention（大会）",assemble: vt. 集合，聚集；装配；收集vi. 集合，聚集 | assembly: n. 装配；集会，集合n. 汇编，编译
O0107,assert,1,assert,0,,1,assert,D0107,kept,,,,,,,assert: vt. 维护，坚持；断言；主张；声称
O0108,asset,1,asset,0,,1,asset,D0108,kept,,,,,,,asset: n. 资产；优点；有用的东西；有利条件；财产；有价值的人或物n. （法）阿塞（人名）
O0109,assign,2,"assign, assignment",1,assignable,3,"assign, assignment, assignable",D0109,kept,sign（标记），as- = ad-（朝向）→ 委派时打上标记,assign 是动词，分配、指派；assignment 是名词，任务、作业。,教授 assign（分配）了一个大作业，学生们收到 assignment（任务）后开始分组讨论。,指派任务变作业。,assign a task - 分配任务 | homework assignment - 家庭作业 | assign blame - 归咎,"同义词：allocate, designate",assign: vt. 分配；指派；[计][数] 赋值vi. 将财产过户（尤指过户给债权人） | assignment: n. 分配；任务；作业；功课
O0110,assimilate,1,assimilate,0,,1,assimilate,D0110,kept,,,,,,,assimilate: vt. 吸收；使同化；把…比作；使相似vi. 吸收；同化
O0111,associate,2,"associate, association",0,,2,"associate, association",D0111,kept,soci（同伴），as- = ad-（朝向）→ 使成为同伴 → 联系,associate 可作动词（使发生联系、交往）、名词（同事）、形容词（副的）；association 是名词，表示协会、联合、联想。,你加入一个专业 association（协会），在活动中 associate with（交往）同行，建立起广泛的联系。,协会里联系同事。,associate with - 与……交往 | trade association - 行业协会 | in association with - 与……联合,"辨析：connect, link, relate","associate: vt.使发生联系,使联合vi.交往,结交n.合作人,同事adj.副的 | association: n. 协会，联盟，社团；联合；联想"
O0112,assumption,1,assumption,0,,1,assumption,D0112,kept,,,,,,,assumption: n. 假定；设想；担任；采取
O0113,assure,2,"assurance, assure",0,,2,"assurance, assure",D0113,kept,sure（确定），as- = ad-（朝向）→ 使确信,assure 是动词，保证、使确信；assurance 是名词，保证、担保、保险。,销售员 assure（保证）产品质量靠谱，并拿出一份 assurance（保单）让你放心。,保证之后给保险。,assure sb. of sth. - 向某人保证某事 | life assurance - 人寿保险 | self-assurance - 自信,"辨析：ensure（确保）, insure（给…保险）, guarantee（担保）",assurance: n. 保证，担保；（人寿）保险；确信；断言；厚脸皮，无耻 | assure: vt. 保证；担保；使确信；弄清楚
O0114,astonish,1,astonish,0,,1,astonish,D0114,kept,,,,,,,astonish: v. （使）惊讶；（使）害怕
O0115,astronomy,2,"astronaut, astronomy",0,,2,"astronaut, astronomy",D0115,kept,astro 星,astronomy 天文学（研究星星的科学）；astronaut 宇航员（星际航行者）。,一个热爱 astronomy（天文学）的孩子梦想成为 astronaut（宇航员），去探索宇宙。,天文学造宇航员。,study astronomy - 学习天文学 | become an astronaut - 成为宇航员,扩展：astrophysics（天体物理）；disaster 非此词根,astronaut: n. 宇航员，航天员；太空旅行者 | astronomy: n. 天文学
O0116,atmospheric,1,atmospheric,0,,1,atmospheric,D0116,kept,,,,,,,atmospheric: adj. 大气的，大气层的
O0117,atomic,1,atomic,0,,1,atomic,D0117,kept,,,,,,,atomic: adj. 原子的，原子能的；微粒子的
O0118,attention,4,"attendance, attendant, attention, attentive",0,,4,"attendance, attendant, attention, attentive",D0118,kept,tend（伸展），at- = ad-（朝向）→ 注意力/身体伸向某处 → 注意、出席,均源自 attend：attendance 出席人数；attendant 服务员/随从；attention 注意力；attentive 注意的、体贴的。,会议上，attendant（服务员）清点 attendance（出席情况），提醒大家 pay attention（注意），保持 attentive（专注）。,出席、服务员、注意、专注一条线。,attendance record - 考勤记录 | flight attendant - 空乘 | pay attention to - 注意 | attentive to details - 注重细节,"辨析：notice, observe, heed",attendance: n. 出席；到场；出席人数；考勤 | attendant: n. 服务员，侍者；随员，陪从；参与者adj. 伴随的；陪伴的 | attention: n. 注意力；关心；立正！（口令） | attentive: adj. 注意的；体贴的；留心的
O0119,attorney,1,attorney,0,,1,attorney,D0119,kept,,,,,,,attorney: n. 律师；代理人；检察官
O0120,attraction,2,"attraction, attractive",0,,2,"attraction, attractive",D0120,kept,tract（拉），at- = ad-（朝向）→ 拉向自己 → 吸引,attraction 是名词，吸引力、吸引人的事物；attractive 是形容词，吸引人的、有魅力的。,主题公园有很多 tourist attraction（景点），其中那座城堡尤其 attractive（引人注目）。,吸引力造就迷人景点。,tourist attraction - 旅游景点 | physical attraction - 外在/物理吸引力 | attractive price - 诱人的价格,"同根词：distract（分心）, contract（合同）",attraction: n. 吸引，吸引力；引力；吸引人的事物 | attractive: adj. 吸引人的；有魅力的；引人注目的
O0121,audience,2,"audience, aural",0,,2,"audience, aural",D0121,kept,aud（听）+ aur（耳），都与听觉相关,audience 听众、观众；aural 听觉的。虽不同根，但意义紧密关联，可一起记忆。,古典音乐会上，audience（听众）沉浸在 aural（听觉的）享受中。,听众的听觉盛宴。,target audience - 目标受众 | aural comprehension - 听力理解 | aural stimuli - 听觉刺激,形近词：oral（口头的）,audience: n. 观众；听众；读者；接见；正式会见；拜会 | aural: adj. 听觉的；耳的；气味的；先兆的n. (Aural)人名；(西)奥拉尔
O0122,augment,1,augment,0,,1,augment,D0122,kept,,,,,,,augment: vi. 增加；增大vt. 增加；增大n. 增加；增大
O0123,authority,3,"authoritative, authority, authorize",0,,3,"authoritative, authority, authorize",D0123,kept,auth 源自拉丁 auctor（创造者、权威）,authority 权威、权力、当局；authoritative 有权威的、命令式的；authorize 批准、授权。,政府 authoritative（权威的）部门拥有 authority（权力）来 authorize（批准）新法规。,权威当局可授权。,local authorities - 地方当局 | an authoritative voice - 威严的声音 | authorize a payment - 批准支付,"同义词：empower, permit, sanction",authoritative: adj. 有权威的；命令式的；当局的 | authority: n. 权威；权力；当局 | authorize: vt. 批准，认可；授权给；委托代替
O0124,automation,4,"auto, automation, automobile, autonomy",0,,4,"auto, automation, automobile, autonomy",D0124,kept,auto- 表示“自己”,automation（自动化）自己运作；automobile（汽车）自己移动；autonomy（自治）自己管理；auto 是 automobile 的简写。,一个自治（autonomy）的智能工厂，依靠自动化（automation）生产线制造汽车（automobile），人们开着 auto 出行。,自己动、自己治、自己车。,factory automation - 工厂自动化 | autonomous region - 自治区 | automobile industry - 汽车工业,"扩展：automatic（自动的）, autobiography（自传）",auto: n. 汽车（等于automobile）；自动vi. 乘汽车n. (Auto)人名；(葡)奥托 | automation: n. 自动化；自动操作 | automobile: n. 汽车vt. 驾驶汽车[ 过去式 automobiled 过去分词 automobiled 现在分词 automobiling ] | autonomy: n. 自治，自治权
O0125,auxiliary,2,"auxiliary, avail",0,,2,"auxiliary, avail",D0125,kept,auxiliary: auxil-（帮助）；avail: a-+val-（价值）→ 有价值即有帮助,都表示“帮助”，auxiliary作辅助的，avail作有助于。,辅助的(auxiliary)工具很有帮助(avail)。,Auxiliary辅助，Avail有帮助,auxiliary verb 助动词 | avail oneself of 利用,"同义词：assist, help",auxiliary: adj. 辅助的；副的；附加的；（发动机、设备等）备用的n. 助动词；辅助者，辅助物；附属机构；（北美）志愿队；（海军的）辅助舰队 | avail: v. 有助于；（使）对某人有利n. 效用，利益
O0126,avert,1,avert,0,,1,avert,D0126,kept,,,,,,,avert: vt. 避免，防止；转移
O0127,aviation,1,aviation,0,,1,aviation,D0127,kept,,,,,,,aviation: n. 航空；飞行术；飞机制造业
O0128,await,1,await,0,,1,await,D0128,kept,,,,,,,await: vt. 等候，等待；期待
O0129,awfully,1,awfully,0,,1,awfully,D0129,kept,,,,,,,awfully: adv. 可怕地；十分；非常；很
O0130,ax,1,ax,0,,1,ax,D0130,kept,,,,,,,ax: v. 削减，删除；用斧修整；解雇；询问n. 斧头；爵士乐器（尤指吉他或萨克斯管）n. (Ax) （德、芬）阿克斯（人名）
O0131,axis,1,axis,0,,1,axis,D0131,kept,,,,,,,axis: n. 轴；轴线；轴心国
O0132,bacteria,1,bacteria,0,,1,bacteria,D0132,kept,,,,,,,bacteria: n. [微] 细菌
O0133,badge,1,badge,0,,1,badge,D0133,kept,,,,,,,badge: n. 徽章；证章；标记vt. 授给…徽章
O0134,badminton,1,badminton,0,,1,badminton,D0134,kept,,,,,,,badminton: n. 羽毛球
O0135,baffle,2,"baffle, bewilder",0,,2,"baffle, bewilder",D0135,kept,无共同词根，近义关联,都表示“使困惑”，baffle强调难以理解，bewilder强调不知所措。,被一道难题baffle（难住），然后站在十字路口bewilder（迷茫）。,Baffle难倒，Bewilder迷惘,baffle sb 使困惑 | be bewildered by 被……弄糊涂,"同义词：confuse, puzzle",baffle: vt. 使…困惑；使…受挫折；用挡板控制n. 挡板；困惑vi. 做徒劳挣扎 | bewilder: vt. 使迷惑，使不知所措
O0136,bald,1,bald,0,,1,bald,D0136,kept,,,,,,,"bald: adj.光秃的,单调的,枯燥的"
O0137,bind,2,"bandage, bind",0,,2,"bandage, bind",D0137,kept,词根bhendh-（绑）→ bind（捆绑），bandage（绷带）,bind是捆绑动作，bandage是绑扎用的绷带。,用bandage（绷带）bind（包扎）伤口。,Bind绑，Bandage绷带，绑扎绷带一起记,bind up 包扎 | apply a bandage 用绷带,"拓展：bond, bound",bandage: n. 绷带vt. 用绷带包扎 | bind: vi. 结合；装订；有约束力；过紧vt. 绑；约束；装订；包扎；凝固n. 捆绑；困境；讨厌的事情；植物的藤蔓n. (Bind)人名；(德)宾德
O0138,bankrupt,1,bankrupt,0,,1,bankrupt,D0138,kept,,,,,,,bankrupt: adj. 破产的vt. 使破产n. [经] 破产者
O0139,banner,1,banner,0,,1,banner,D0139,kept,,,,,,,"banner: n. 横幅图片的广告模式n. 旗帜，横幅,标语n. 人名(英、德、罗)班纳"
O0140,barely,1,barely,0,,1,barely,D0140,kept,,,,,,,barely: adv. 仅仅，勉强；几乎不；公开地；贫乏地
O0141,barn,1,barn,0,,1,barn,D0141,kept,,,,,,,barn: n. 谷仓；畜棚；车库；靶（核反应截面单位）vt. 把……贮存入仓
O0142,barrel,1,barrel,0,,1,barrel,D0142,kept,,,,,,,barrel: n. 桶； 一桶（的量）；枪管，炮管；（马等四足动物的）躯干v. 快速移动；把……装入桶内n. (Barrel) （法、意）巴雷尔（人名）
O0143,barren,1,barren,0,,1,barren,D0143,kept,,,,,,,barren: adj. 贫瘠的；不生育的；无益的；沉闷无趣的；空洞的n. 荒地n. (Barren)人名；(西、英)巴伦
O0144,basically,2,"basement, basically",0,,2,"basement, basically",D0144,kept,词根base（基础）→ basically（基本上），basement（地下室）,都源于base（基础），basically是副词“基本上”，basement是建筑底层地下室。,建筑的基础(base)上面是楼层，下面basement（地下室），basically就是基础的概念。,Base基础，Basically基本上，Basement地下室,basically speaking 基本上说 | in the basement 在地下室,"增加：base, basic",basement: n. 地下室；地窖 | basically: adv. 主要地，基本上
O0145,batch,1,batch,0,,1,batch,D0145,kept,,,,,,,batch: n. 一批；一炉；一次所制之量vt. 分批处理n. (Batch)人名；(英)巴奇
O0146,bearing,1,bearing,0,,1,bearing,D0146,kept,,,,,,,bearing: n. [机] 轴承；关系；方位；举止v. 忍受（bear的ing形式）
O0147,beforehand,1,beforehand,0,,1,beforehand,D0147,kept,,,,,,,beforehand: adv. 事先；预先adj. 提前的；预先准备好的
O0148,beggar,1,beggar,0,,1,beggar,D0148,kept,,,,,,,beggar: n. 乞丐；穷人；家伙vt. 使贫穷；使沦为乞丐
O0149,beginner,1,beginner,0,,1,beginner,D0149,kept,,,,,,,beginner: n. 初学者；新手
O0150,behavior,1,behavior,0,,1,behavior,D0150,kept,,,,,,,behavior: n. 行为，举止；态度；反应
O0151,beloved,1,beloved,0,,1,beloved,D0151,kept,,,,,,,beloved: adj. 心爱的；挚爱的n. 心爱的人；亲爱的教友
O0152,beneficial,1,beneficial,0,,1,beneficial,D0152,kept,,,,,,,beneficial: adj. 有益的，有利的；可享利益的
O0153,berry,1,berry,0,,1,berry,D0153,kept,,,,,,,berry: n. 浆果（葡萄，番茄等）vi. 采集浆果n. (Berry)人名；(法、英、德、意、葡)贝里；(匈)拜里
O0154,bet,1,bet,0,,1,bet,D0154,kept,,,,,,,"bet: n.赌,打赌v.赌,赌钱"
O0155,bias,1,bias,0,,1,bias,D0155,kept,,,,,,,bias: n. 偏见；偏爱；斜纹；乖离率vt. 使存偏见adj. 偏斜的adv. 偏斜地n. (Bias)人名；(法、德、葡、喀)比亚斯；(英)拜厄斯
O0156,bible,2,"bible, bibliography",0,,2,"bible, bibliography",D0156,kept,词根bibl-（书）→ Bible（圣经），bibliography（书目）,共享bibl-表示“书”，Bible是“书”的经典，bibliography是书籍的目录。,读Bible时需要参考bibliography（书目）中的其他书籍。,Bible圣经，Bibliography书目，bibl-都是书,the Holy Bible 圣经 | annotated bibliography 注释书目,拓展：bibliophile,bible: n. 圣经 | bibliography: n. 参考书目；文献目录
O0157,bike,1,bike,0,,1,bike,D0157,kept,,,,,,,bike: n. 自行车；脚踏车vi. 骑自行车（或摩托车）n. (Bike)人名；(土、土库、塞)比克
O0158,biology,1,biology,0,,1,biology,D0158,kept,,,,,,,biology: n. （一个地区全部的）生物；生物学
O0159,biscuit,1,biscuit,0,,1,biscuit,D0159,kept,,,,,,,biscuit: n. 小点心，饼干
O0160,bitterly,1,bitterly,0,,1,bitterly,D0160,kept,,,,,,,bitterly: adv. 苦涩地，悲痛地，残酷地，怨恨地；极其，非常，强烈地
O0161,bizarre,1,bizarre,0,,1,bizarre,D0161,kept,,,,,,,bizarre: adj. 奇异的（指态度，容貌，款式等）
O0162,blackboard,1,blackboard,0,,1,blackboard,D0162,kept,,,,,,,blackboard: n. 黑板
O0163,blade,2,"blade, blunt",0,,2,"blade, blunt",D0163,kept,无共同词根，反义对比：blade（刀刃，锋利） vs blunt（钝的）,blade指锋利的刀刃，blunt指钝，正好相反，对比记忆印象深刻。,一把新刀片(blade)很锋利，用久了变钝(blunt)。,刀锋(blade)变钝(blunt)了。,sharp blade - 锋利的刀片 | blunt knife - 钝刀 | blunt instrument - 钝器,sharp | razor | edge,blade: n. 叶片；刀片，刀锋；剑 | blunt: adj. 钝的，不锋利的；生硬的；直率的vt. 使迟钝n. (Blunt)人名；(英)布伦特
O0164,blast,2,"blast, blaze",0,,2,"blast, blaze",D0164,kept,无共同词根，联想关联：爆炸常伴随火焰,blast指爆炸、冲击波，blaze指火焰、燃烧，两者有因果伴生关系。,一声爆炸(blast)过后，现场燃起熊熊大火(blaze)。,爆炸(blast)引发大火(blaze)。,"a blast of wind - 一阵狂风 | blaze a trail - 开路, 先锋 | in a blaze of glory - 在光辉中",explosion | flame | furnace,"blast: n. 爆炸；冲击波；一阵vi. 猛攻vt. 爆炸；损害；使枯萎n. (Blast)人名；(德)布拉斯特 | blaze: n.火焰,光辉,情感爆发vi.燃烧,照耀,激发vt.在树皮上刻路标,公开宣布"
O0165,bleak,1,bleak,0,,1,bleak,D0165,kept,,,,,,,bleak: adj. 阴冷的；荒凉的，无遮蔽的；黯淡的，无希望的；冷酷的；单调的
O0166,blend,1,blend,0,,1,blend,D0166,kept,,,,,,,blend: vt. 混合vi. 混合；协调n. 混合；掺合物
O0167,bloom,3,"bloom, blossom, bud",0,,3,"bloom, blossom, bud",D0167,kept,无共同词根，按植物生长顺序联想：bud（芽）→ bloom（开花）→ blossom（盛开）,三个词描述植物从发芽到盛开的连续阶段，可一起记忆。,想象一棵植物从bud（芽）开始，绽放成bloom（花），最终繁花似锦blossom。,芽(bud)绽放(bloom)成繁花(blossom)。,in full bloom - 盛开 | cherry blossom - 樱花 | nip in the bud - 防患于未然,flower | petal | wither,bloom: n. 花；青春；旺盛vt. 使开花；使茂盛vi. 开花；茂盛n. (Bloom)人名；(瑞典、西)布洛姆；(英)布卢姆 | blossom: n. 花；开花期；兴旺期；花开的状态；漂亮的人v. 开花；兴旺；成功发展n. (Blossom) 布洛瑟姆（人名） | bud: n. 芽，萌芽；蓓蕾vi. 发芽，萌芽vt. 使发芽n. (Bud)人名；(英)巴德；(中)布特(蒙语·汉语拼音)；(罗、匈)布德
O0168,blunder,1,blunder,0,,1,blunder,D0168,kept,,,,,,,blunder: n. 愚蠢（或粗心）的错误，大错v. 犯大错，笨嘴笨舌；跌跌撞撞地走；误入（某地）
O0169,blush,1,blush,0,,1,blush,D0169,kept,,,,,,,blush: vi. 脸红；感到惭愧n. 脸红；红色；羞愧vt. 红著脸表示；使成红色n. (Blush)人名；(英)布拉什
O0170,boast,1,boast,0,,1,boast,D0170,kept,,,,,,,boast: vt. 夸口说，自吹自擂说；以有…而自豪n. 自夸；值得夸耀的事物，引以为荣的事物vi. 自吹自擂n. (Boast)人名；(英)博斯特
O0171,bold,1,bold,0,,1,bold,D0171,kept,,,,,,,bold: adj. 大胆的，英勇的；黑体的；厚颜无耻的；险峻的n. (Bold)人名；(英、德、罗、捷、瑞典)博尔德
O0172,bolt,2,"bolt, buckle",0,,2,"bolt, buckle",D0172,kept,无共同词根，功能关联：都是用于固定或扣紧的小物件,bolt是门闩、螺栓，buckle是带扣、搭钩，都起固定连接作用。,用bolt（螺栓）固定机器，用buckle（搭扣）扣紧背包。,螺栓(bolt)搭扣(buckle)紧紧的。,bolt the door - 闩上门 | buckle up - 扣好安全带 | buckle under pressure - 被压垮,lock | clip | fasten,"bolt: n.门闩,螺钉,闪电,跑掉v.上门闩,囫囵吞下,逃跑 | buckle: n. 带扣，搭钩；（尤指鞋的）扣形饰物v. 扣住，用搭扣装饰；屈服，退让；使弯曲变形；（人）精神崩溃n. (Buckle) （美、英、加）巴克尔（人名）"
O0173,boost,1,boost,0,,1,boost,D0173,kept,,,,,,,boost: vt. 促进；增加；支援vi. 宣扬；偷窃n. 推动；帮助；宣扬n. (Boost)人名；(英)布斯特；(德)博斯特
O0174,bore,2,"bore, bother",0,,2,"bore, bother",D0174,kept,无共同词根，近义关联：都表示令人烦恼、困扰,bore作动词表示使厌烦，bother表示打扰、烦恼，都带来负面情绪。,一个讨厌鬼(bore)总是不停地打扰(bother)你。,讨厌鬼(bore)总来烦(bother)你。,bore sb. to death - 烦死了 | don't bother - 别费心 | bother about - 担心,annoy | irritate | disturb,bore: vi. 钻孔vt. 钻孔；使烦扰n. 孔；令人讨厌的人n. (Bore)人名；(法)博尔；(塞、马里)博雷 | bother: vt. 烦扰，打扰；使……不安；使……恼怒vi. 操心，麻烦；烦恼n. 麻烦；烦恼
O0175,bosom,1,bosom,0,,1,bosom,D0175,kept,,,,,,,bosom: n. 胸；胸怀；中间；胸襟；内心；乳房；内部vt. 怀抱；把…藏在心中adj. 知心的；亲密的n. (Bosom)人名；(西)博索姆
O0176,bough,1,bough,0,,1,bough,D0176,kept,,,,,,,bough: n. 大树枝n. (Bough)人名；(英)博夫
O0177,boundary,1,boundary,0,,1,boundary,D0177,kept,,,,,,,boundary: n. 边界；范围；分界线
O0178,brace,2,"brace, bracket",1,bracing,3,"brace, bracket, bracing",D0178,kept,无共同词根，但都含支撑含义，可联想记忆,brace指支柱、支撑物，bracket指墙上凸出的托架、支架，功能相似。,用brace（支柱）和bracket（托架）一起固定书架。,支柱(brace)托架(bracket)撑得牢。,brace oneself - 振作起来 | angle bracket - 角括号 | bracket clock - 壁钟,bracket也有“括号”义，如square brackets,"brace: n.支柱,带子,振作精神vt.支住,撑牢,振作起来,奋起adj.曲柄的v.支持 | bracket: n. 支架，墙上凸出的托架；括号；等级，范围vt. 括在一起；把…归入同一类；排除"
O0179,brandy,1,brandy,0,,1,brandy,D0179,kept,,,,,,,brandy: n. 白兰地酒n. (Brandy)人名；(法)布朗迪
O0180,bronze,2,"brass, bronze",0,,2,"brass, bronze",D0180,kept,无共同词根，同类物品联想：都是常见的铜合金,bronze是青铜（铜锡合金），brass是黄铜（铜锌合金），颜色与用途不同。,博物馆里既有青铜器(bronze)也有黄铜器(brass)，青铜偏青灰色，黄铜偏金黄色。,青铜(bronze)黄(brass)各不同。,bronze medal - 铜牌 | brass band - 铜管乐队 | bold as brass - 厚颜无耻,copper | alloy | metal,brass: n. 黄铜；黄铜制品；铜管乐器；厚脸皮；位高权重者n. （Brass）（英、法、德）布拉斯（人名） | bronze: n. 青铜；古铜色；青铜制品adj. 青铜色的；青铜制的vt. 镀青铜于vi. 变成青铜色，被晒黑n. (Bronze)人名；(葡)布龙泽
O0181,brazil,2,"brazil, brazilian",0,,2,"brazil, brazilian",D0181,kept,派生关系：Brazil（巴西）→ Brazilian（巴西的；巴西人）,国家名与其对应的形容词/名词，捆绑记忆。,Brazil（巴西）这个国家的人就叫Brazilian（巴西人），Brazilian也指巴西的。,巴西(brazil)的巴西人(brazilian)。,Brazilian coffee - 巴西咖啡 | Brazil nuts - 巴西坚果,注意首字母大写，正式书写为Brazil/Brazilian,brazil: n. 巴西（拉丁美洲国家） | brazilian: adj. 巴西的；巴西人的n. 巴西人
O0182,breadth,1,breadth,0,,1,breadth,D0182,kept,,,,,,,breadth: n. 宽度，幅度；宽宏
O0183,breakdown,1,breakdown,0,,1,breakdown,D0183,kept,,,,,,,breakdown: n. 故障；崩溃；分解；分类；衰弱；跺脚曳步舞
O0184,breed,2,"breed, brood",2,"breeding, breeder",4,"breed, brood, breeding, breeder",D0184,kept,同源词，breed源于古英语brēdan（养育），brood源于brōd（一窝），均与繁殖生育有关,breed指繁殖、养育，brood指一窝幼仔或孵蛋，也引申为沉思。,母鸡坐在一窝(brood)蛋上孵出小鸡，从而繁育(breed)后代。,一窝(brood)孵出，繁殖(breed)后代。,breed cattle - 养牛 | a brood of chicks - 一窝小鸡 | brood over - 沉思,hatch | offspring | litter,"breed: v.(使)繁殖,教养,抚养n.品种,种类 | brood: n.(动物中鸟或家禽的)一窝,(同种或同类的)一伙vt.孵,沉思"
O0185,breeze,1,breeze,0,,1,breeze,D0185,kept,,,,,,,breeze: n. 微风；轻而易举的事；煤屑；焦炭渣；小风波vi. 吹微风；逃走n. (Breeze)人名；(法)布雷兹
O0186,bribe,1,bribe,0,,1,bribe,D0186,kept,,,,,,,bribe: v. 向……行贿；诱哄（尤指小孩）n. 贿赂；（尤指用来哄小孩做事的）好处n. (Bribe) （美）布里韦（人名）
O0187,brighten,1,brighten,0,,1,brighten,D0187,kept,,,,,,,brighten: vi. 明亮；变亮；活跃；快乐高兴vt. 使闪亮；使生辉；使快乐高兴n. (Brighten)人名；(英)布赖滕
O0188,brim,1,brim,0,,1,brim,D0188,kept,,,,,,,brim: n. 边；边缘；帽檐vi. 满溢；溢出vt. 使……满溢n. （Brim）（英）布里姆（人名）
O0189,brisk,1,brisk,0,,1,brisk,D0189,kept,,,,,,,brisk: adj. 敏锐的，活泼的，轻快的；凛冽的vi. 活跃起来；变得轻快vt. 使……活泼；使……轻快；使……兴旺n. (Brisk)人名；(法、芬)布里斯克
O0190,bristle,1,bristle,0,,1,bristle,D0190,kept,,,,,,,bristle: n. 刚毛；粗硬短须，胡子楂；刷子毛；猪鬃v. （毛发）竖起；发怒；被侵犯；戒备
O0191,brittle,1,brittle,0,,1,brittle,D0191,kept,,,,,,,brittle: adj. 易碎的，脆弱的；易生气的
O0192,brook,1,brook,0,,1,brook,D0192,kept,,,,,,,brook: n. 小溪，小河v. 容忍，允许（尤指不同意见）n. (Brook) （加、美、爱、英）布鲁克（人名）
O0193,brow,1,brow,0,,1,brow,D0193,kept,,,,,,,brow: n. 眉，眉毛；额；表情n. (Brow)人名；(西)布劳
O0194,bruise,1,bruise,0,,1,bruise,D0194,kept,,,,,,,bruise: n. 擦伤；挫伤；青肿vt. 使受瘀伤；使受挫伤vi. 擦伤；受伤
O0195,brute,2,"brutal, brute",0,,2,"brutal, brute",D0195,kept,同根词，词根brut-（粗野、残忍），brute为名词“畜生”，brutal为形容词“残忍的”,同源词，意思紧密关联，指粗鲁残忍的人或行为。,一个brute（畜生）的行为往往是brutal（残忍的）。,畜生(brute)行径很残忍(brutal)。,brutal murder - 残忍的谋杀 | brute force - 蛮力,cruel | savage | vicious,"brutal: adj. 残忍的；野蛮的，不讲理的 | brute: adj.残忍的,畜生般的n.残忍的人,畜生"
O0196,bubble,1,bubble,0,,1,bubble,D0196,kept,,,,,,,bubble: n. 气泡，泡沫，泡状物；透明圆形罩，圆形顶vi. 沸腾，冒泡；发出气泡声vt. 使冒泡；滔滔不绝地说
O0197,buffer,1,buffer,0,,1,buffer,D0197,kept,,,,,,,buffer: n. [计] 缓冲区；缓冲器，[车辆] 减震器vt. 缓冲
O0198,bug,1,bug,0,,1,bug,D0198,kept,,,,,,,bug: n. 臭虫，小虫；故障；窃听器vt. 烦扰，打扰；装窃听器vi. 装置窃听器；打扰
O0199,bulb,1,bulb,0,,1,bulb,D0199,kept,,,,,,,bulb: n. 电灯泡；鳞茎；球状物vi. 生球茎；膨胀成球状
O0200,bulk,1,bulk,0,,1,bulk,D0200,kept,,,,,,,bulk: n. 体积，容量；大多数，大部分；大块vt. 使扩大，使形成大量；使显得重要n. （Bulk）（土）布尔克（人名）
O0201,bull,1,bull,0,,1,bull,D0201,kept,,,,,,,"bull: n.[动]公牛,粗壮如牛的人"
O0202,bullet,1,bullet,0,,1,bullet,D0202,kept,,,,,,,bullet: n. 子弹；只选某党全部候选人的投票；豆子vi. 射出；迅速行进n. (Bullet)人名；(法)比莱
O0203,bulletin,1,bulletin,0,,1,bulletin,D0203,kept,,,,,,,bulletin: n. 公告，公报vt. 公布，公告
O0204,bump,1,bump,0,,1,bump,D0204,kept,,,,,,,bump: n. 肿块，隆起物；撞击vi. 碰撞，撞击；颠簸而行vt. 碰，撞；颠簸adv. 突然地，猛烈地n. (Bump)人名；(英、西)邦普
O0205,bundle,1,bundle,0,,1,bundle,D0205,kept,,,,,,,bundle: n. 束；捆vt. 捆vi. 匆忙离开
O0206,bureau,2,"bureau, bureaucracy",0,,2,"bureau, bureaucracy",D0206,kept,bureau 局/办公桌 + -cracy 统治 → 官僚体制,bureau 指办公机构，bureaucracy 引申为官僚主义，两者紧密关联,在政府局(bureau)里办事，常遇到官僚主义(bureaucracy)的繁文缛节,局里官僚主义重,federal bureau 联邦局 | government bureaucracy 政府官僚机构 | bureaucracy system 官僚体系,bureaucratic adj. 官僚的 | red tape 繁文缛节,bureau: n. 局，处；衣柜；办公桌n. (Bureau)人名；(法)比罗 | bureaucracy: n. 官僚主义；官僚机构；官僚政治
O0207,burial,1,burial,0,,1,burial,D0207,kept,,,,,,,burial: n. 埋葬；葬礼；弃绝adj. 埋葬的
O0208,buzz,1,buzz,0,,1,buzz,D0208,kept,,,,,,,"buzz: n.嗡嗡声v.作嗡嗡声,嗡嗡作响,逼近"
O0209,bypass,1,bypass,0,,1,bypass,D0209,kept,,,,,,,bypass: n. 旁路，支路；旁通管，分流术v. 绕过，避开；忽视，不顾（规章制度）；设旁路，迂回
O0210,cabbage,1,cabbage,0,,1,cabbage,D0210,kept,,,,,,,cabbage: n. 卷心菜，甘蓝菜，洋白菜；（俚)脑袋；（非正式、侮辱）植物人（常用于英式英语）；（俚）钱，尤指纸币（常用于美式俚语）
O0211,cabin,2,"cabin, cabinet",0,,2,"cabin, cabinet",D0211,kept,cabin 小屋 + 后缀 -et 表小型 → cabinet 小房间→橱柜/内阁,cabinet 是小巧版的小屋，引申为收藏物品的柜子或秘密会议的内阁,从小木屋(cabin)里的柜子(cabinet)联想到内阁会议,小屋柜子藏内阁,log cabin 原木小屋 | filing cabinet 文件柜 | cabinet meeting 内阁会议,closet n. 壁橱 | cupboard n. 碗柜,cabin: n. 小屋；客舱；船舱vt. 把…关在小屋里vi. 住在小屋里n. (Cabin)人名；(法)卡班 | cabinet: n. 内阁；橱柜；展览艺术品的小陈列室；外壳adj. 内阁的；私下的，秘密的
O0212,cable,1,cable,0,,1,cable,D0212,kept,,,,,,,cable: n. 缆绳；电缆；海底电报vt. 打电报vi. 打海底电报
O0213,cafe,1,cafe,0,,1,cafe,D0213,kept,,,,,,,cafe: n. 咖啡馆；小餐馆
O0214,cafeteria,1,cafeteria,0,,1,cafeteria,D0214,kept,,,,,,,cafeteria: n. 自助餐厅； 小餐厅；快餐厅
O0215,calculate,3,"calculate, calculation, calculator",0,,3,"calculate, calculation, calculator",D0215,kept,"词根 calc (小石子→计算) + -ate 动词, -ion 名词, -or 指物",三个词为同根派生：动词、名词、工具,用计算器(calculator)进行精确计算(calculate)，得出计算结果(calculation),计算器计算计算结果,perform a calculation 进行计算 | pocket calculator 袖珍计算器 | rough calculation 粗略计算,reckon v. 估计 | compute v. 计算,calculate: vi. 计算；以为；作打算vt. 计算；预测；认为；打算 | calculation: n. 计算；估计；计算的结果；深思熟虑 | calculator: n. 计算器；计算者
O0216,calendar,1,calendar,0,,1,calendar,D0216,kept,,,,,,,calendar: n. 日历；[天] 历法；日程表vt. 将…列入表中；将…排入日程表
O0217,campus,1,campus,0,,1,campus,D0217,kept,,,,,,,campus: n. （大学）校园；大学，大学生活；校园内的草地n. (Campus)人名；(英)坎帕斯；(意、罗)坎普斯；(法)康皮斯
O0218,can,1,can,0,,1,can,D0218,kept,,,,,,,"can: vt.装进罐中,把食品装罐n.罐头,铁罐 conj.能,可以"
O0219,candidate,1,candidate,0,,1,candidate,D0219,kept,,,,,,,candidate: n. 候选人，候补者；应试者
O0220,cannon,1,cannon,0,,1,cannon,D0220,kept,,,,,,,cannon: n. 大炮；加农炮；榴弹炮；机关炮vi. 炮轰；开炮vt. 炮轰n. (Cannon)人名；(英、葡)坎农
O0221,canoe,1,canoe,0,,1,canoe,D0221,kept,,,,,,,canoe: n. 独木舟；轻舟vi. 乘独木舟vt. 用独木舟运
O0222,canon,1,canon,0,,1,canon,D0222,kept,,,,,,,canon: n. 标准；教规；正典圣经；教士
O0223,canteen,1,canteen,0,,1,canteen,D0223,kept,,,,,,,canteen: n. 食堂，小卖部；水壶
O0224,canvas,1,canvas,0,,1,canvas,D0224,kept,,,,,,,canvas: n. 帆布vt. 用帆布覆盖，用帆布装备adj. 帆布制的
O0225,capable,2,"capable, capacity",2,"capability, capably",4,"capable, capacity, capability, capably",D0225,kept,"词根 cap (拿, 抓) → 能拿住 → 有能力的; -able 形容词, -acity 名词",capable 指有能力的，capacity 指能力或容量，词源相同,一个有能力(capable)的人，其处事容量(capacity)很大,他能容纳，故有能力,be capable of 有能力做 | high capacity 高容量 | capacity for learning 学习能力,captive n. 俘虏 | capture v. 俘获 | captivate v. 迷住,capable: adj. 有能力的；有才干的；容许……的；可以做（某事）的；综合性的；有资格的 | capacity: n. 能力；容量；资格，地位；生产力
O0226,capture,2,"captive, capture",0,,2,"captive, capture",D0226,kept,"词根 capt (抓) + -ive 名词/形容词, -ure 名词/动词",capture 俘获，captive 被俘的人，一个动作一个结果,军队俘获(capture)敌人，敌人变成俘虏(captive),抓住俘虏,capture enemy 俘获敌人 | hold captive 关押俘虏 | take captive 俘虏,capable a. 有能力的 | capacity n. 容量 | captivate v. 迷住,captive: adj. 被俘虏的；被迷住的n. 俘虏；迷恋者 | capture: vt. 俘获；夺得；捕捉，拍摄，录制n. 捕获；战利品，俘虏
O0227,career,1,career,0,,1,career,D0227,kept,,,,,,,career: n. 生涯；职业；事业；速度，全速adj. 作为毕生职业的vi. 全速前进，猛冲
O0228,careless,1,careless,0,,1,careless,D0228,kept,,,,,,,careless: adj. 粗心的；无忧无虑的；淡漠的n. (Careless)人名；(英)凯尔利斯
O0229,cargo,2,"cargo, cart",0,,2,"cargo, cart",D0229,kept,无直接词根关联，但都指运送货物,cargo 是船或飞机装载的货物，cart 是运货的马车，都涉及货物运输。,港口上，大船载着cargo，旁边一辆cart在卸货。,cargo大船货，cart小马车，都是运货。,cargo ship - 货船 | shopping cart - 购物车,"freight (货物, 货运) | carriage (运输, 马车)",cargo: n. 货物，船货n. (Cargo)人名；(英、西)卡戈 | cart: n. 二轮运货马车vt. 用车装载vi. 驾运货马车；用运货车运送n. (Cart)人名；(法)卡尔；(英、芬)卡特
O0230,cassette,1,cassette,0,,1,cassette,D0230,kept,,,,,,,cassette: n. 卡带；盒式磁带
O0231,casual,2,"casual, casualty",0,,2,"casual, casualty",D0231,kept,"来自拉丁语 casus (机会, 意外)，casual 偶然的，casualty 意外事故",词源相同，casual 随意的，casualty 意外；太随意可能导致事故。,一个工人穿着casual服装进入工地，结果发生了casualty。,太casual，小心casualty。,casual clothes - 便服 | casualty department - 急诊室,accident (事故) | incidental (偶然的),casual: adj. 随便的；非正式的；临时的；偶然的n. 便装；临时工人；待命士兵 | casualty: n. 意外事故；伤亡人员；急诊室
O0232,catalog,1,catalog,0,,1,catalog,D0232,kept,,,,,,,catalog: n. [图情][计] 目录；登记vt. 登记；为…编目录vi. 编目录；按确定价格收入目录（等于catalogue）
O0233,category,1,category,0,,1,category,D0233,kept,,,,,,,category: n. 种类，分类；[数] 范畴
O0234,caution,2,"caution, cautious",0,,2,"caution, cautious",D0234,kept,caut- 注意，来自拉丁语 cavere（小心）,caution 为名词/动词表警告、谨慎，cautious 为形容词表小心的。,想象一个警示牌写着Caution!，旁边一个人谨慎地走过，就是cautious。,看到Caution，就要cautious。,caution sign - 警告标志 | cautious driver - 谨慎的司机,careful (同义) | precaution (预防措施),caution: n. 小心，谨慎；警告，警示vt. 警告 | cautious: adj. 谨慎的；十分小心的
O0235,cavity,1,cavity,0,,1,cavity,D0235,kept,,,,,,,cavity: n. 腔；洞，凹处
O0236,cease,1,cease,0,,1,cease,D0236,kept,,,,,,,cease: vi. 停止；终了vt. 停止；结束n. 停止
O0237,celebrate,1,celebrate,0,,1,celebrate,D0237,kept,,,,,,,celebrate: vt. 庆祝；举行；赞美；祝贺；宣告vi. 庆祝；过节；举行宗教仪式
O0238,cement,1,cement,0,,1,cement,D0238,kept,,,,,,,"cement: n.水泥,接合剂vt.接合,用水泥涂,巩固vi.粘牢"
O0239,census,1,census,0,,1,census,D0239,kept,,,,,,,census: n. 人口普查，人口调查；（官方的）统计，调查vt. 实施统计调查
O0240,center,2,"center, centre",0,,2,"center, centre",D0240,kept,无，英美拼写差异,拼写不同，意思完全相同，美式为 center，英式为 centre。,想象一个靶心，一个写着center（美式），一个写着centre（英式），都指向中间。,美center结尾er，英centre结尾re，都是中心。,shopping center (美) - 购物中心 | city centre (英) - 市中心,central (adj. 中心的) | concentrate (v. 集中),"center: n. 中心，中央；中锋；中心点vi. 居中，被置于中心vt. 集中，使聚集在一点；定中心adj. 中央的，位在正中的n. （Center）森特（人名） | centre: n.中心,中央,中心区v.集中"
O0241,centigrade,2,"centigrade, centimetre",0,,2,"centigrade, centimetre",D0241,kept,centi- 表示百分之一；grade 度；metre 米,都含有 centi-（百分之一），centigrade 是摄氏温度（百分温标），centimetre 是厘米（百分之一米）。,温度计上每1度分成100个小格对应centigrade，1米分成100个centimetre。,摄氏百分度与厘米，都是 centi- 百分之一。,centigrade thermometer - 摄氏温度计 | cubic centimetre - 立方厘米,century (世纪，百年) | percent (百分之…),centigrade: adj. 摄氏温度的；百分度的n. 摄氏温标 | centimetre: n. 厘米；公分
O0242,ceramic,1,ceramic,0,,1,ceramic,D0242,kept,,,,,,,ceramic: adj. 陶瓷的；陶器的；制陶艺术的n. 陶瓷；陶瓷制品
O0243,cereal,1,cereal,0,,1,cereal,D0243,kept,,,,,,,cereal: n. 谷类，谷物；谷类食品；谷类植物adj. 谷类的；谷类制成的
O0244,certainty,3,"certainty, certificate, certify",0,,3,"certainty, certificate, certify",D0244,kept,cert- 确定，源自拉丁语 certus（确定的）,certainty 是确定的事，certify 是证明使确定，certificate 是用来证明的文件。,你通过考试后，学校certify你的成绩，发给你certificate，这就是你能力的certainty。,cert- 确定：certainty 确定性，certify 证明，certificate 证书。,absolute certainty - 绝对确定 | certificate of birth - 出生证明 | certify a document - 认证文件,"certain (确定的) | ascertain (确定, 查明)",certainty: n. 必然；确实；确实的事情 | certificate: n. 证书；文凭，合格证书；电影放映许可证v. 发给证明书，用证书证明 | certify: v. 证明；保证
O0245,chamber,1,chamber,0,,1,chamber,D0245,kept,,,,,,,chamber: n. （身体或器官内的）室，膛；房间；会所adj. 室内的；私人的，秘密的vt. 把…关在室内；装填（弹药等）n. (Chamber)人名；(英)钱伯
O0246,characteristic,2,"characteristic, characterize",0,,2,"characteristic, characterize",D0246,kept,character- 特征，来自希腊语 kharakter（刻印标记）,characteristic 是名词/形容词表示特征，characterize 是动词描述特征。,一个侦探根据嫌疑人的 characteristic 特征来 characterize 描绘其画像。,特征 characteristic，描绘特征 characterize。,distinguishing characteristic - 显著特征 | be characterized by - 以…为特征,"character (性格, 角色) | trait (特征)",characteristic: adj. 典型的；特有的；表示特性的n. 特征；特性；特色 | characterize: vt. 描绘…的特性；具有…的特征vi. 塑造人物
O0247,charity,1,charity,0,,1,charity,D0247,kept,,,,,,,charity: n. 慈善；施舍；慈善团体；宽容；施舍物
O0248,charm,2,"charm, charming",0,,2,"charm, charming",D0248,kept,charm 魅力，来自拉丁语 carmen（歌，咒语）,charm 是魅力/魔力，charming 是迷人的。,一个女巫施了魔法charm，变得非常charming。,有charm，就charming。,lucky charm - 护身符 | charming smile - 迷人的微笑,glamour (魅力) | attractive (吸引人的),charm: n. 魅力，吸引力；魔力vt. 使陶醉；行魔法vi. 有魔力；用符咒 | charming: adj. 迷人的；可爱的v. 使陶醉（charm的现在分词）
O0249,charter,1,charter,0,,1,charter,D0249,kept,,,,,,,charter: n. 宪章；执照；特许状；（法律或政策的）漏洞；（飞机、船等的）租用v. 包租；发给特许执照adj. 包租的n. (Charter) （美、英）查特（人名）
O0250,chase,1,chase,0,,1,chase,D0250,kept,,,,,,,chase: vt. 追逐；追捕；试图赢得；雕镂vi. 追逐；追赶；奔跑n. 追逐；追赶；追击n. (Chase)人名；(英)蔡斯；(法)沙斯
O0251,cheerful,1,cheerful,0,,1,cheerful,D0251,kept,,,,,,,cheerful: adj. 快乐的；愉快的；高兴的
O0252,chemical,3,"chemical, chemist, chemistry",0,,3,"chemical, chemist, chemistry",D0252,kept,chem- 化学，源自炼金术,化学相关词：chemistry 化学，chemist 化学家/药剂师，chemical 化学品/化学的。,在化学实验室，chemist 研究 chemistry，混合各种 chemical。,chemist研究chemistry，用chemical做实验。,chemical reaction - 化学反应 | chemist shop (英) - 药店 | chemistry lab - 化学实验室,physicist (物理学家) | biology (生物学),chemical: n. 化学制品，化学药品adj. 化学的 | chemist: n. 化学家；化学工作者；药剂师；炼金术士 | chemistry: n. 化学；化学过程
O0253,cherish,1,cherish,0,,1,cherish,D0253,kept,,,,,,,cherish: vt. 珍爱；怀有（感情等）；抱有（希望等）
O0254,cherry,1,cherry,0,,1,cherry,D0254,kept,,,,,,,cherry: n. 樱桃；樱桃树；如樱桃的鲜红色；处女膜，处女n. (Cherry)人名；(法、阿拉伯)谢里；(英)彻丽(女子教名Charity的昵称)
O0255,childish,1,childish,0,,1,childish,D0255,kept,,,,,,,childish: adj. 幼稚的，孩子气的
O0256,chill,1,chill,0,,1,chill,D0256,kept,,,,,,,chill: n. 寒冷；寒意；寒心adj. 寒冷的；冷漠的；扫兴的vt. 冷冻，冷藏；使寒心；使感到冷vi. 冷藏；变冷
O0257,chin,1,chin,0,,1,chin,D0257,kept,,,,,,,"chin: n.下巴,下颚"
O0258,chip,1,chip,0,,1,chip,D0258,kept,,,,,,,"chip: n.碎片,筹码v.削成碎片,碎裂 芯片"
O0259,chocolate,1,chocolate,0,,1,chocolate,D0259,kept,,,,,,,chocolate: n. 巧克力，巧克力糖；巧克力色adj. 巧克力色的；巧克力口味的n. (Chocolate)人名；(葡)绍科拉特
O0260,chop,1,chop,0,,1,chop,D0260,kept,,,,,,,"chop: n.砍,排骨,官印,商标vt.剁碎,砍,(风浪)突变"
O0261,chord,1,chord,0,,1,chord,D0261,kept,,,,,,,chord: n. 弦；和弦；香水的基调n. (Chord)人名；(英)科德
O0262,chronic,1,chronic,0,,1,chronic,D0262,kept,,,,,,,chronic: adj. 慢性的；长期的；习惯性的n. (Chronic)人名；(英)克罗尼克
O0263,circular,5,"circular, circulate, circulation, circumference, coil",0,,5,"circular, circulate, circulation, circumference, coil",D0263,kept,"circ- 圆, 环绕; coil 词源不同但可联想圆形",这些词都与圆形、环绕、卷绕有关，便于联想记忆。,想象一根线圈(coil)循环(circulate)流动，形成圆周(circumference)，构成圆形的(circular)物体。,线圈循环圆周圆,circular motion - 圆周运动 | circulate air - 流通空气 | blood circulation - 血液循环 | measure the circumference - 测量圆周 | coil the rope - 卷起绳子,circle | cycle | circuit,"circular: adj. 循环的；圆形的n. 通知，传单 | circulate: vi. 传播，流传；循环；流通vt. 使循环；使流通；使传播 | circulation: n. 流通，传播；循环；发行量；（图书的）借出 | circumference: n. 圆周；周长；胸围 | coil: v.盘绕,卷"
O0264,circumstance,1,circumstance,0,,1,circumstance,D0264,kept,,,,,,,circumstance: n. 环境；状况；境遇；（尤指）经济状况；命运vt. 处于某种情况
O0265,cite,1,cite,0,,1,cite,D0265,kept,,,,,,,cite: vt. 引用；传讯；想起；表彰
O0266,civilize,2,"civilization, civilize",0,,2,"civilization, civilize",D0266,kept,"civil- 公民, 文明",civilize 使文明，civilization 文明，一个表示过程，一个表示结果。,教化(civilize)部族，最终形成文明(civilization)。,教化文明本一家,civilize a tribe - 教化部落 | ancient civilization - 古代文明,civil | civilian | civility,civilization: n. 文明；文化 | civilize: vt. 使文明；教化；使开化vi. 变得文明
O0267,claim,1,claim,0,,1,claim,D0267,kept,,,,,,,"claim: n.(根据权利提出)要求,要求权,主张,要求而得到的东西vt.(根据权利)要求,认领,声称,主张,需要"
O0268,clamp,5,"clamp, clasp, cling, clip, clutch",0,,5,"clamp, clasp, cling, clip, clutch",D0268,kept,无共同词根，但均有“紧、夹、抓”的含义,几个词形近，且都与夹住、抓紧、依附有关。,用夹钳(clamp/clip)扣紧(clasp)物件，然后紧紧抓牢(clutch)，紧紧依附(cling)其上。,夹钳扣紧抓依附,clamp down on - 严厉打击 | clasp hands - 紧握双手 | clip papers - 夹住纸张 | cling to - 紧紧抓住/坚持 | clutch at straws - 抓住救命稻草,grip | grasp | grab | seize,"clamp: n.夹子,夹具,夹钳vt.夹住,夹紧 | clasp: n. 扣子，钩子；握手vt. 紧抱；扣紧；紧紧缠绕vi. 扣住 | cling: vi. 坚持，墨守；紧贴；附着 | clip: n.夹子,回形针,子弹夹vt.夹住,剪短,修剪 | clutch: v. 紧握；（因害怕或痛苦）突然抓住；突然感到恐惧n. 离合器（踏板）；一群；控制；紧握；一窝蛋；女式无带手提包adj. 紧要关头的"
O0269,clarity,1,clarity,0,,1,clarity,D0269,kept,,,,,,,clarity: n. 清楚，明晰；透明n. (Clarity)人名；(英)克拉里蒂
O0270,collide,3,"clash, collide, collision",0,,3,"clash, collide, collision",D0270,kept,col- (together) + lide (strike) → 一起撞击,collide是动词，表示碰撞；collision是名词，表示碰撞。,两辆车在十字路口重重撞到一起，引发了一场严重事故。,撞到一起，就是碰撞。,collide with - 与……碰撞 | collision course - 冲突路线,注意与crash的区别：collide更正式。,clash: n. 冲突，不协调；碰撞声，铿锵声vi. 冲突，抵触；砰地相碰撞，发出铿锵声vt. 使碰撞作声 | collide: vi. 碰撞；抵触，冲突vt. 使碰撞；使相撞 | collision: n. 碰撞；冲突；（意见，看法）的抵触；（政党等的）倾轧
O0271,classical,1,classical,0,,1,classical,D0271,kept,,,,,,,classical: adj. 古典的；经典的；传统的；第一流的n. 古典音乐
O0272,classify,2,"classification, classify",0,,2,"classification, classify",D0272,kept,"class- 分类, 等级",classify 是分类，classification 是分类结果或系统。,给图书分类(classify)，建立分类系统(classification)。,分类动词名词分,classify the documents - 将文件分类 | a scientific classification - 科学的分类,class | classic | classical,classification: n. 分类；类别，等级 | classify: vt. 分类；分等
O0273,classmate,1,classmate,0,,1,classmate,D0273,kept,,,,,,,classmate: n. 同班同学
O0274,clause,1,clause,0,,1,clause,D0274,kept,,,,,,,clause: n. 条款；[计] 子句n. (Clause)人名；(法)克洛斯
O0275,clearance,1,clearance,0,,1,clearance,D0275,kept,,,,,,,clearance: n. 清除；（货物的）清仓甩卖；空隙；准许；（飞机起降的）许可；（支票）过户，结算；（足球比赛中）解围
O0276,client,1,client,0,,1,client,D0276,kept,,,,,,,client: n. [经] 客户；顾客；委托人
O0277,cliff,1,cliff,0,,1,cliff,D0277,kept,,,,,,,cliff: n. 悬崖；绝壁n. (Cliff)人名；(英)克利夫
O0278,climax,1,climax,0,,1,climax,D0278,kept,,,,,,,climax: n. 高潮；顶点；层进法；极点
O0279,clothe,3,"cloak, closet, clothe",0,,3,"cloak, closet, clothe",D0279,kept,词形似，均有遮盖、衣物之意,closet 壁橱，clothe 穿衣，cloak 斗篷，都涉及衣物和遮盖。,打开壁橱(closet)取衣穿上(clothe)，再披上斗篷(cloak)。,壁橱穿衣披斗篷,in the closet - 在壁橱里/秘密地 | clothe oneself - 穿衣 | under the cloak of darkness - 在夜幕的掩护下,cloth | clothing | overcoat,"cloak: n.斗蓬,宽大外衣,掩护vt.用外衣遮蔽,披斗篷 | closet: n. 壁橱；议事室，密室；小房间adj. 秘密的，私下的；空谈的vt. 把…关在私室中n. (Closet)人名；(法)克洛塞 | clothe: vt. 给…穿衣；覆盖；赋予"
O0280,clockwise,1,clockwise,0,,1,clockwise,D0280,kept,,,,,,,clockwise: adv. 顺时针方向地adj. 顺时针方向的
O0281,closely,1,closely,0,,1,closely,D0281,kept,,,,,,,closely: adv. 紧密地；接近地；严密地；亲近地
O0282,clue,1,clue,0,,1,clue,D0282,kept,,,,,,,clue: n. 线索；（故事等的）情节vt. 为…提供线索；为…提供情况
O0283,cluster,1,cluster,0,,1,cluster,D0283,kept,,,,,,,cluster: n. 群；簇；丛；串vi. 群聚；丛生vt. 使聚集；聚集在某人的周围n. (Cluster)人名；(英)克拉斯特
O0284,coarse,1,coarse,0,,1,coarse,D0284,kept,,,,,,,coarse: adj. 粗糙的；粗俗的；下等的
O0285,code,1,code,0,,1,code,D0285,kept,,,,,,,code: n. 代码，密码；编码；法典vt. 编码；制成法典vi. 指定遗传密码n. (Code)人名；(英、法、西)科德
O0286,coincide,3,"coherent, coincide, coincidence",0,,3,"coherent, coincide, coincidence",D0286,kept,"co- 一起; here 黏着, cide 落下",都含“一致、同时发生”的意思。coherent 连贯一致，coincide 符合/同时发生，coincidence 巧合。,两个连贯(coherent)的观点恰好一致(coincide)，真是巧合(coincidence)。,连贯一致巧合成,a coherent argument - 连贯的论点 | coincide with - 与…一致/同时发生 | by coincidence - 碰巧,cohesive | incident | accident,coherent: adj. 连贯的，一致的；明了的；清晰的；凝聚性的；互相耦合的；粘在一起的；共格的 | coincide: vi. 一致，符合；同时发生vi. (在性格、品质等方面)完全一致，相符 | coincidence: n. 巧合；一致；同时发生
O0287,collaboration,1,collaboration,0,,1,collaboration,D0287,kept,,,,,,,collaboration: n. 合作；勾结；通敌
O0288,collapse,1,collapse,0,,1,collapse,D0288,kept,,,,,,,"collapse: n.倒塌,崩溃,失败,虚脱vi.倒塌,崩溃,瓦解,失败,病倒"
O0289,collection,2,"collection, collective",0,,2,"collection, collective",D0289,kept,col- (together) + lect (gather) + ion/ive → 收集到一起,collection是收集、收藏品；collective是集体的。均源于collect。,大家把收藏品集中起来，组成集体财产。,收集起来变集体。,art collection - 艺术收藏 | collective action - 集体行动,collect v. 收集,collection: n. 采集，聚集；[税收] 征收；收藏品；募捐 | collective: adj. 集体的；共同的；集合的；集体主义的n. 集团；集合体；集合名词
O0290,colony,3,"colonel, colonial, colony",0,,3,"colonel, colonial, colony",D0290,kept,colon (耕种，居住) + y → colony; + ial → colonial,colony是殖民地，colonial是殖民地的（形容词）。,英国在美洲建立了殖民地，实施殖民统治。,科隆（谐音）曾是殖民地。,British colony - 英国殖民地 | colonial period - 殖民时期,colonist n. 殖民者,colonel: n. 陆军上校n. (Colonel)人名；(法、罗)科洛内尔 | colonial: adj. 殖民的，殖民地的；（建筑，家具）殖民地时期式样的；（动物，植物）群体的；受英国殖民统治时期的n. 殖民地居民；殖民地时期式样的房屋 | colony: n. 殖民地；移民队；种群；动物栖息地
O0291,color,1,color,0,,1,color,D0291,kept,,,,,,,color: n. 颜色；肤色；颜料；脸色vt. 粉饰；给...涂颜色；歪曲vi. 变色；获得颜色
O0292,column,1,column,0,,1,column,D0292,kept,,,,,,,column: n. 纵队，列；专栏；圆柱，柱形物
O0293,combat,1,combat,0,,1,combat,D0293,kept,,,,,,,combat: n. 战斗；搏斗；争论，反对v. 与……战斗；防止，抑制（尤用于新闻报道）adj. 战斗的；为……斗争的n. (Combat) （法）孔巴（人名）
O0294,combination,1,combination,0,,1,combination,D0294,kept,,,,,,,combination: n. 结合；组合；联合；[化学] 化合
O0295,comet,1,comet,0,,1,comet,D0295,kept,,,,,,,comet: n. [天] 彗星n. (Comet)人名；(法)科梅
O0296,commander,1,commander,0,,1,commander,D0296,kept,,,,,,,commander: n. 指挥官，长官；海军中校；英国高级警官
O0297,commemorate,1,commemorate,0,,1,commemorate,D0297,kept,,,,,,,commemorate: vt. 庆祝，纪念；成为…的纪念
O0298,commence,1,commence,0,,1,commence,D0298,kept,,,,,,,commence: v. 开始；着手；英获得学位
O0299,commend,1,commend,0,,1,commend,D0299,kept,,,,,,,commend: vt. 推荐；称赞；把…委托vi. 称赞；表扬
O0300,commentary,1,commentary,0,,1,commentary,D0300,kept,,,,,,,commentary: n. 评论；注释；评注；说明
O0301,commerce,2,"commerce, commercial",0,,2,"commerce, commercial",D0301,kept,com- (together) + merce (trade) → 共同贸易; + ial → commercial,commerce是商业、贸易；commercial是商业的或商业广告。,商业活动中充斥着商业广告。,共同贸易，广告遍地。,e-commerce - 电子商务 | commercial break - 广告插播,merchant n. 商人,commerce: n. 贸易；商业；商务 | commercial: adj. 商业的；营利的；靠广告收入的n. 商业广告
O0302,commission,2,"commission, commitment",0,,2,"commission, commitment",D0302,kept,com- (together) + mit (send) → 送到一起→委任; commitment衍自commit,commission有委任、佣金等意；commitment是承诺、投入。均与“送出、委托”相关。,委员会委托任务，要求成员做出承诺。,委托任务需承诺。,commission a study - 委托研究 | make a commitment - 做出承诺,committee n. 委员会,commission: n. 委员会；佣金；服务费；犯；委任；委任状vt. 委任；使服役；委托制作 | commitment: n. 承诺，保证；委托；承担义务；献身；花费金钱、时间、人力等
O0303,commodity,1,commodity,0,,1,commodity,D0303,kept,,,,,,,commodity: n. 商品，货物；日用品
O0304,commonplace,3,"commonly, commonplace, commonwealth",0,,3,"commonly, commonplace, commonwealth",D0304,kept,common (共同的) + place/wealth/ly → 共同的地方→平凡的；共同的财富→联邦；共同的+ly→通常地,都包含common：commonplace平凡的；commonly通常地；commonwealth联邦。,在一个平凡的联邦里，人们通常这样生活。,共同的财富是联邦，共同的地方是平凡。,commonplace observation - 老生常谈 | commonly used - 常用 | British Commonwealth - 英联邦,common sense 常识,commonly: adv. 一般地；通常地；普通地 | commonplace: n. 司空见惯的事，普通的东西；老生常谈adj. 平凡的，普通的；平庸的，陈腐的 | commonwealth: n. 联邦；共和国；国民整体
O0305,communicate,5,"communicate, communication, communism, communist, community",0,,5,"communicate, communication, communism, communist, community",D0305,kept,"com- (together) + muni (public, service) → 公共的",同根词：交流使信息公共化；社区是公共空间；共产主义主张财产公有。,一个社区成员通过交流成立了共产主义小组，他们都成为共产主义者。,交流在社区，信仰共产主义。,communicate with - 与……交流 | international community - 国际社会 | communist party - 共产党,interpersonal communication 人际沟通,communicate: vi. 通讯，传达；相通；交流；感染vt. 传达；感染；显露 | communication: n. 通讯，[通信] 通信；交流；信函 | communism: n. 共产主义 | communist: n. 共产党员；共产主义者adj. 共产主义的 | community: n. 社区；[生态] 群落；共同体；团体
O0306,commute,1,commute,0,,1,commute,D0306,kept,,,,,,,commute: vi. （搭乘车、船等）通勤；代偿vt. 减刑；交换；用……交换；使……变成n. 通勤（口语）
O0307,compact,1,compact,0,,1,compact,D0307,kept,,,,,,,compact: adj. 袖珍的；紧凑的；坚实的；矮小而健壮的；简洁的n. 小汽车；带镜小粉盒；契约v. 把……压实；使简洁；使紧密，压缩；订立（协定）
O0308,comparison,3,"comparable, comparative, comparison",0,,3,"comparable, comparative, comparison",D0308,kept,com- (together) + par (equal) → 放在一起看是否相等→比较,comparison是比较（名词）；comparable可比较的；comparative比较的（形容词）。,进行比较时要注意两者是否可比较，并使用比较级表达。,比较时用可比较的比较级。,in comparison with - 与……相比 | comparable to - 比得上 | comparative study - 比较研究,compare v. 比较,comparable: adj. 类似的，可比较的；同等的，相当的 | comparative: adj. 比较的；相当的n. 比较级；对手 | comparison: n. 比较；对照；比喻；比较关系
O0309,compartment,1,compartment,0,,1,compartment,D0309,kept,,,,,,,compartment: n. [建] 隔间；区划；卧车上的小客房vt. 分隔；划分
O0310,compatible,1,compatible,0,,1,compatible,D0310,kept,,,,,,,compatible: adj. 兼容的；能共处的；可并立的
O0311,compel,1,compel,0,,1,compel,D0311,kept,,,,,,,compel: vt. 强迫，迫使；强使发生n. (Compel)人名；(法)孔佩尔
O0312,compensate,1,compensate,0,,1,compensate,D0312,kept,,,,,,,compensate: vi. 补偿，赔偿；抵消vt. 补偿，赔偿；付报酬
O0313,competence,2,"competence, competent",0,,2,"competence, competent",D0313,kept,com- (together) + pet (seek) + ence/ent → 共同寻求（能力）,competence是能力、胜任；competent是有能力的。,面试时考官评估你的能力，看你是否胜任。,有能力才能胜任。,professional competence - 专业能力 | competent authority - 主管当局,区别 competition 竞争,competence: n. 能力，胜任；权限；作证能力；足以过舒适生活的收入 | competent: adj. 胜任的；有能力的；能干的；足够的
O0314,competition,2,"competition, competitive",0,,2,"competition, competitive",D0314,kept,com- (together) + petere (to seek) 共同追求 → 竞争,competition 是名词，competitive 是形容词，同根一起记。,想象体育比赛中选手们同时追逐目标，竞争激烈。,共同追求目标，竞争求胜心切。,fierce competition - 激烈竞争 | competitive advantage - 竞争优势,建议顺便记 compete (竞争) 和 competitor (竞争者),competition: n. 竞争；比赛，竞赛 | competitive: adj. 竞争的；比赛的；求胜心切的
O0315,compile,1,compile,0,,1,compile,D0315,kept,,,,,,,compile: vt. 编译；编制；编辑；[图情] 汇编
O0316,complain,2,"complain, complaint",0,,2,"complain, complaint",D0316,kept,com- (together) + plangere (to lament) 一起捶胸顿足 → 抱怨,动词 complain 和名词 complaint，词形与意义直接关联。,一群人围在一起捶着胸口诉说委屈，抱怨声不断。,一起捶胸发牢骚，投诉抱怨没完没了。,complain about - 抱怨…… | make a complaint - 提出投诉,注意 complaint 也可指‘疾病’,complain: vi. 投诉；发牢骚；诉说vt. 抱怨；控诉 | complaint: n. 抱怨；诉苦；疾病；委屈
O0317,complement & compliment,2,"complement, compliment",0,,2,"complement, compliment",D0317,kept,complement: com- + plere (to fill) 填满；compliment: 源自意大利语，表尊敬问候,形近音近易混词：complement 补足，compliment 恭维；拼写中 e 像补充进，i 像一个人弯腰恭维。,收到赞美时，你也回以问候，互相补充彼此心情。记住：有 e 是补足(complete)，有 i 是赞美(I)。,有 e 是补足，有 i 是赞美。,complement each other - 互相补充 | pay a compliment - 称赞,别再搞混：I 喜欢被 compliment,complement: n. 补语；余角；补足物vt. 补足，补助 | compliment: n. 恭维；称赞；问候；致意；道贺vt. 恭维；称赞
O0318,completely,1,completely,0,,1,completely,D0318,kept,,,,,,,completely: adv. 完全地，彻底地；完整地
O0319,complicate,3,"complicate, complicated, complication",0,,3,"complicate, complicated, complication",D0319,kept,com- (together) + plicare (to fold) 折叠在一起 → 复杂,动词、形容词、名词一套，逐步复杂化甚至出现并发症。,把一张张纸折在一起，事情变得复杂，处理不好就引发并发症。,折在一起变复杂，复杂难懂并发症。,complicate matters - 使事情复杂化 | complicated situation - 复杂的局面 | medical complication - 医疗并发症,反义词 simplify (简化),complicate: vt. 使复杂化；使恶化；使卷入 | complicated: adj. 难懂的，复杂的 | complication: n. 并发症；复杂；复杂化；混乱
O0320,comply,2,"comply, conform",0,,2,"comply, conform",D0320,kept,comply: com- + plere (to fill) 满足；conform: com- + form (形状) 形态一致,近义‘遵守、顺从’，comply 遵守规则要求，conform 符合规范标准。,一个机器人严格按要求填满所有表格遵守规定，同时把自己塑造成和标准一模一样的形状。,满足要求就 comply，形态一致 conform 之。,comply with - 遵守…… | conform to - 符合……,介词搭配不同：comply with，conform to,comply: vi. 遵守；顺从，遵从；答应 | conform: vi. 符合；遵照；适应环境vt. 使遵守；使一致；使顺从adj. 一致的；顺从的
O0321,compose,4,"compose, composite, composition, compound",0,,4,"compose, composite, composition, compound",D0321,kept,com- (together) + ponere (to put) 放在一起 → 组成、合成,均含‘把不同部分放在一起形成整体’的意思：compose 构成/作曲，composition 作文/成分，composite 复合的，compound 化合物/复合的。,作曲家把音符放在一起谱曲，化学家把元素放在一起合成复合物。,放在一起组成，作曲合成复合物。,compose a letter - 写信 | chemical composition - 化学成分 | composite material - 复合材料 | chemical compound - 化合物,区分 component (组成部分) 和 composition,"compose: vt. 构成；写作；使平静；排…的版vi. 组成；作曲；排字 | composite: adj.合成的,复合的n.合成物 | composition: n. 作文，作曲，作品；[材] 构成；合成物；成分 | compound: n. [化学] 化合物；混合物；复合词；有围栏（或围墙）的场地（内有工厂或其他建筑群）adj. 复合的；混合的v. 合成；混合；恶化，加重；和解，妥协"
O0322,comprehension,3,"comprehension, comprehensive, comprise",0,,3,"comprehension, comprehensive, comprise",D0322,kept,com- (together) + prehendere (to seize) 抓住 → 理解、包含,comprehension 理解，comprehensive 全面的/综合的，comprise 包含/由……组成；都源于‘抓住全部’。,把知识要点全部抓住，理解透彻，综合起来包含所有。,抓住理解全面了，包含综合都抓住。,reading comprehension - 阅读理解 | comprehensive school - 综合学校 | be comprised of - 由……组成,同义词 include,comprehension: n. 理解；包含 | comprehensive: adj. 综合的；广泛的；有理解力的n. 综合学校；专业综合测验 | comprise: vt. 包含；由…组成
O0323,compress,1,compress,0,,1,compress,D0323,kept,,,,,,,compress: vi. 受压缩小vt. 压缩，压紧；精简
O0324,compromise,1,compromise,0,,1,compromise,D0324,kept,,,,,,,compromise: n. 妥协，和解；妥协（或折中）方案；达成妥协v. 妥协，折中；违背（原则），达不到（标准）；（因行为不当）使陷入危险，名誉受损
O0325,compulsory,1,compulsory,0,,1,compulsory,D0325,kept,,,,,,,compulsory: adj. 义务的；必修的；被强制的n. （花样滑冰、竞技体操等的）规定动作
O0326,compute,1,compute,0,,1,compute,D0326,kept,,,,,,,compute: vt. 计算；估算；用计算机计算vi. 计算；估算；推断n. 计算；估计；推断
O0327,conceal,1,conceal,0,,1,conceal,D0327,kept,,,,,,,conceal: vt. 隐藏；隐瞒
O0328,concede,2,"concede, concession",0,,2,"concede, concession",D0328,kept,con- (fully) + cedere (to yield) 彻底退让 → 让步、承认,concede 承认/让步，concession 让步/特许；同源名词形式。,辩论中一方终于让步，承认对方正确，并给予特许权。,共同让步是承认，特许妥协皆退让。,concede defeat - 认输 | make a concession - 做出让步,同义词 acknowledge (承认),concede: vt. 承认；退让；给予，容许vi. 让步 | concession: n. 让步；特许（权）；承认；退位
O0329,conceive,2,"conceive, conception",0,,2,"conceive, conception",D0329,kept,con- (with) + capere (to take) 拿住想法 → 构思、怀孕,conceive 设想/怀孕，conception 概念/怀孕；抓住一个想法形成概念，如同怀胎。,她心里怀着一个绝妙的点子，经过一段时间，产生了完整的概念。,抓住想法去构思，怀孕概念皆 conceive。,conceive of - 想象出 | a brilliant conception - 绝妙的概念,注意 conception 还有‘胚胎’义,conceive: vt. 怀孕；构思；以为；持有vi. 怀孕；设想；考虑 | conception: n. 怀孕；概念；设想；开始
O0330,concentrate,2,"concentrate, concentration",0,,2,"concentrate, concentration",D0330,kept,con- (together) + centrum (center) 共同至中心 → 集中,动词 concentrate 和名词 concentration，都表示集中注意力、浓缩等。,放大镜把阳光集中到一点，就像专心致志时注意力聚焦。,共同到中心，专心致志浓度高。,concentrate on - 专注于…… | high concentration - 高浓度,同义词 focus,concentrate: vi. 集中；浓缩；全神贯注；聚集vt. 集中；浓缩n. 浓缩，精选；浓缩液 | concentration: n. 浓度；集中；浓缩；专心；集合
O0331,concern,2,"concern, concerning",0,,2,"concern, concerning",D0331,kept,con- (together) + cernere (to sift) 筛分 → 与……有关、担心,concern 关切/涉及/公司，concerning 作为介词表示‘关于’；两者同源，记忆时联想关联。,公司的担忧涉及方方面面，关于这些大家都在关心。,公司关心涉及多，关于忧虑要弄清。,be concerned about - 担心…… | letter concerning... - 关于……的信,注意 concern 作名词可指‘公司’，如 a going concern,concern: vt. 影响，牵扯（某人）；关系到，涉及；使担心n. 担心，忧虑；关爱，关心；关心的事，负责的事；关系；公司，企业；（非正式）复杂的物体 | concerning: prep. 关于；就…而言v. 涉及；使关心（concern的ing形式）；忧虑
O0332,concise,1,concise,0,,1,concise,D0332,kept,,,,,,,concise: adj. 简明的，简洁的
O0333,conclusion,1,conclusion,0,,1,conclusion,D0333,kept,,,,,,,conclusion: n. 结论；结局；推论
O0334,condense,1,condense,0,,1,condense,D0334,kept,,,,,,,condense: vi. 浓缩；凝结vt. 使浓缩；使压缩
O0335,condition,1,condition,0,,1,condition,D0335,kept,,,,,,,condition: n. 条件；情况；环境；身份vt. 决定；使适应；使健康；以…为条件
O0336,conduct,2,"conduct, conductor",0,,2,"conduct, conductor",D0336,kept,con- (together) + ducere (to lead) 引导 → 行为、管理、传导,conduct 实施/指挥/行为，conductor 指挥/导体/售票员；都与‘引导’义相关。,指挥家引导乐队演奏，金属引导电流成为导体。,引导行为是 conduct，指挥导体 conductor。,conduct an experiment - 做实验 | bus conductor - 公共汽车售票员 | metal conductor - 金属导体,根据上下文区分 conductor 是‘指挥’还是‘售票员’,conduct: v. 组织，实施，进行；指挥（音乐）；带领，引导；举止，表现；传导（热或电）n. 行为举止；管理（方式），实施（办法）；引导 | conductor: n. 导体；售票员；领导者；管理人
O0337,confer,2,"confer, conference",0,,2,"confer, conference",D0337,kept,con- (together) + ferre (to bring) 带到一起 → 协商、授予,confer 商讨/授予，conference 会议；都是‘把意见带到一起’的引申。,大家带意见聚在一起讨论，会议上有可能授予荣誉。,带在一起协商讨论，会议授予光荣。,confer with sb. - 与某人商议 | press conference - 记者招待会,注意 confer 还有‘授予(学位)’的意思,confer: vt. 授予；给予vi. 协商n. (Confer)人名；(英)康弗 | conference: n. 会议；讨论；协商；联盟；（正式）讨论会；[工会、工党用语]（每年的）大会vi. 举行或参加（系列）会议
O0338,confess,1,confess,0,,1,confess,D0338,kept,,,,,,,confess: vt. 承认；坦白；忏悔；供认vi. 承认；坦白；忏悔；供认
O0339,confidence,2,"confidence, confidential",0,,2,"confidence, confidential",D0339,kept,con- (fully) + fidere (trust) 完全信任 → 信心、机密,confidence 信心/信任/秘密，confidential 机密的；因信任才会分享机密。,对闺蜜完全信任，于是把机密告诉她。,完全信任有信心，机密信息莫外传。,lack confidence - 缺乏信心 | confidential information - 机密信息,辨析 confident (有信心的) 和 confidential,confidence: n. 信心；信任；秘密adj. （美）诈骗的；骗得信任的 | confidential: adj. 机密的；表示信任的；获信任的
O0340,configuration,1,configuration,0,,1,configuration,D0340,kept,,,,,,,configuration: n. 配置；结构；外形
O0341,confine,1,confine,0,,1,confine,D0341,kept,,,,,,,"confine: vt.限制,禁闭n.界限,边界"
O0342,confront,1,confront,0,,1,confront,D0342,kept,,,,,,,confront: vt. 面对；遭遇；比较
O0343,confusion,1,confusion,0,,1,confusion,D0343,kept,,,,,,,confusion: n. 混淆，混乱；困惑
O0344,congratulate,2,"congratulate, congratulation",0,,2,"congratulate, congratulation",D0344,kept,"con- + gratulari (to give thanks, show joy) -> congratulate; + -ion -> congratulation",congratulation 是 congratulate 的直接名词派生。,向朋友道贺时，动词祝贺是 congratulate，名词贺词是 congratulation。,congratulate vt.祝贺，congratulation n.贺辞。记住动词加 -ion 变名词。,congratulate sb. on (doing) sth. - 为某事祝贺某人 | sincere congratulations - 真诚的祝贺,注意介词搭配：congratulate 后用 on,congratulate: vt. 祝贺；恭喜；庆贺 | congratulation: n. 祝贺；贺辞
O0345,congress,1,congress,0,,1,congress,D0345,kept,,,,,,,congress: n. 国会；代表大会；会议；社交
O0346,connect,2,"conjunction, connection",0,,2,"conjunction, connection",D0346,kept,connection: con- + nectere (bind); conjunction: con- + jungere (join),均表示连接：connection 指连接/关系/人脉，conjunction 指结合/同时发生/连词。,网络 connection 连接世界，连词 conjunction 连接句子。,connection 连接/关系，conjunction 结合/连词。,a close connection - 紧密联系 | in conjunction with - 与…协力,conjunction 在语法中作连词,conjunction: n. 结合；[语] 连接词；同时发生 | connection: n. 连接；关系；人脉；连接件
O0347,conquer,2,"conquer, conquest",0,,2,"conquer, conquest",D0347,kept,"conquer: con- + querere (seek, gain); conquest 来自古法语 conqueste",conquer 是动词征服，conquest 是名词征服或战利品。,凯撒征服高卢（conquer），其结果是一个 conquest（征服地）。,conquer vt.征服，conquest n.征服/战利品。,conquer a country - 征服一个国家 | military conquest - 军事征服,conquer 的形容词 conquering 较少用,conquer: vt. 战胜，征服；攻克，攻取vi. 胜利；得胜 | conquest: n. 征服，战胜；战利品n. (Conquest)人名；(英)康奎斯特
O0348,conscious,4,"conscience, conscientious, conscious, consciousness",0,,4,"conscience, conscientious, conscious, consciousness",D0348,kept,con- (together) + sci (know) + -ous / -ence / -entious,共享词根 sci (知道)，conscious 指对外界有知觉，consciousness 是其名词；conscience 指内心的是非感（良心），conscientious 指凭良心做事。,头脑中有两个灯泡：一个照亮外部世界（conscious），一个照亮内心道德（conscience）。,同根 sci 知天地，conscious 意识 conscience 良心，外加名词与尽责。,be conscious of - 意识到 | lose consciousness - 失去意识 | have a clear conscience - 问心无愧 | a conscientious worker - 尽责的员工,辨析：conscious 与 aware | conscience 与 conscious 拼写易混,conscience: n. 道德心，良心n. (Conscience)人名；(法)孔西延斯 | conscientious: adj. 认真的；尽责的；本着良心的；小心谨慎的 | conscious: adj. 意识到的；故意的；神志清醒的 | consciousness: n. 意识；知觉；觉悟；感觉
O0349,consecutive,1,consecutive,0,,1,consecutive,D0349,kept,,,,,,,consecutive: adj. 连贯的；连续不断的
O0350,consent,1,consent,0,,1,consent,D0350,kept,,,,,,,"consent: vi.同意,赞成,答应n.同意,赞成,允诺"
O0351,consequence,3,"consequence, consequent, consequently",0,,3,"consequence, consequent, consequently",D0351,kept,"con- + sequi (follow) -> consequi -> consequence, consequent, consequently",同一词族，consequence 是结果，consequent 是随之发生的（形容词），consequently 是因此（副词）。,一个事件（因）后面紧跟着结果（果），就像序列（sequence）一样。,consequence 结果，consequent 随之发生的，consequently 因此。,as a consequence - 结果 | consequent on/upon - 随之发生的 | consequently - 因此（副词）,consequence 常指不良后果，result 中性,consequence: n. 结果；重要性；推论 | consequent: adj. 随之发生的，作为结果的；（河流、山谷）顺向的；合乎逻辑的n. （逻辑）后件，推断；（音乐）答句；分母 | consequently: adv. 因此；结果；所以
O0352,conserve,3,"conservation, conservative, conserve",0,,3,"conservation, conservative, conserve",D0352,kept,"con- + servare (keep, guard) -> conserve, conservation, conservative",conserve 动词保存，conservation 名词保护，conservative 形容词保守的（保持传统）。,保存（conserve）果酱体现保护（conservation），保守派（conservative）喜欢传统。,conserve 保存（动/果酱），conservation 保护，conservative 保守。,conserve energy - 保存能量 | environmental conservation - 环境保护 | a conservative estimate - 保守的估计,conservative 与 traditional 近义,conservation: n. 保存，保持；保护 | conservative: adj. 保守的n. 保守派，守旧者 | conserve: vt. 保存；将…做成蜜饯；使守恒n. 果酱；蜜饯
O0353,consider,3,"considerable, considerate, consideration",0,,3,"considerable, considerate, consideration",D0353,kept,"consider -> -able, -ate, -ation",均来自 consider，considerable 相当大的，considerate 体贴的，consideration 考虑。,考虑（consider）一件事需要大量（considerable）时间，并要体贴（considerate）他人感受，这是重要的考虑（consideration）。,considerable 相当大，considerate 体贴的，consideration 考虑。,a considerable amount - 相当大的数量 | be considerate of/to - 为…着想 | take into consideration - 考虑到,considerable 与 considerate 意思完全不同，勿混淆,considerable: adj. 相当大的；重要的，值得考虑的 | considerate: adj. 体贴的；体谅的；考虑周到的 | consideration: n. 考虑；原因；关心；报酬
O0354,consist,3,"consist, constituent, constitution",0,,3,"consist, constituent, constitution",D0354,kept,consist: con- + sistere (stand); constituent/constitution: con- + statuere (set up),均与“组成、构造”有关，consist 由…组成，constituent 成分/选民，constitution 构造/宪法。,国家由（consist of）各种成分（constituent）构成，宪法（constitution）规定其构造。,consist of 由…组成，constituent 成分/选民，constitution 宪法/构造。,consist of - 由…组成 | chemical constituents - 化学成分 | amend the constitution - 修改宪法,consist 无被动语态,consist: vi. 由…组成；在于；符合 | constituent: n. 成分；选民；委托人adj. 构成的；选举的；有任命（或选举）权的；立宪的；有宪法制定（或修改）权的 | constitution: n. 宪法；章程；构造；组成；体格
O0355,consolidate,1,consolidate,0,,1,consolidate,D0355,kept,,,,,,,consolidate: vt. 巩固，使固定；联合vi. 巩固，加强
O0356,conspicuous,1,conspicuous,0,,1,conspicuous,D0356,kept,,,,,,,conspicuous: adj. 显著的；显而易见的
O0357,constrain,1,constrain,0,,1,constrain,D0357,kept,,,,,,,constrain: vt. 驱使；强迫；束缚
O0358,construction,1,construction,0,,1,construction,D0358,kept,,,,,,,construction: n. 建设；建筑物；解释；造句
O0359,consume,2,"consumer, consumption",0,,2,"consumer, consumption",D0359,kept,consume (con- + sumere take) -> consumer (-or) / consumption (-ption),consumer 消费者，consumption 消费、消耗。,消费者（consumer）进行消费（consumption）行为。,consumer 消费者，consumption 消费/消耗。,consumer goods - 消费品 | energy consumption - 能源消耗,consume vt.消费，可拓展记忆,consumer: n. 消费者；用户，顾客 | consumption: n. 消费；消耗；肺痨
O0360,contact,1,contact,0,,1,contact,D0360,kept,,,,,,,contact: n. 接触，联系vt. 使接触，联系vi. 使接触，联系
O0361,contaminate,1,contaminate,0,,1,contaminate,D0361,kept,,,,,,,contaminate: vt. 污染，弄脏
O0362,contemplate,1,contemplate,0,,1,contemplate,D0362,kept,,,,,,,contemplate: vt. 沉思；注视；思忖；预期vi. 冥思苦想；深思熟虑
O0363,contemporary,1,contemporary,0,,1,contemporary,D0363,kept,,,,,,,contemporary: adj. 发生（属）于同时期的；当代的n. 同代人，同龄人；同时期的东西
O0364,contempt,1,contempt,0,,1,contempt,D0364,kept,,,,,,,contempt: n. 轻视，蔑视；耻辱
O0365,contest,2,"contend, contest",0,,2,"contend, contest",D0365,kept,con-加强，直接整体记忆,两词均含竞争、争论义，contend侧重奋斗主张，contest侧重竞赛争辩。,在竞赛中选手相互竞争，并为此奋斗。,一起（con）参加测试（test）就是竞赛；一起（con）伸展（tend）就是竞争延伸为奋斗。,contend with/against - 与...斗争 | contest a decision - 对决定提出异议,contention n. 争论，竞争,"contend: vi. 竞争；奋斗；斗争；争论vt. 主张；为...斗争 | contest: n.论争,竞赛v.,争论,争辩,竞赛,争夺"
O0366,context,1,context,0,,1,context,D0366,kept,,,,,,,context: n. 环境；上下文；来龙去脉
O0367,continuous,2,"continual, continuous",0,,2,"continual, continuous",D0367,kept,continu-继续 + al/ous 形容词后缀,两个形容词均表连续，continual强调有间断的频繁，continuous强调无间断的持续。,水龙头滴水间断发生是continual，水流不断是continuous。,有间隔的continual，连绵不断的continuous。,continual interruptions - 不断的打扰 | continuous line - 连续的线,"constant, perpetual",continual: adj. 持续不断的；频繁的 | continuous: adj. 连续的，持续的；继续的；连绵不断的
O0368,contract,1,contract,0,,1,contract,D0368,kept,,,,,,,contract: n. 合同，契约；婚约；（非正式）暗杀协议；（桥牌）定约v. 收缩，缩短；感染；订约；订（婚）；负（债）；结交
O0369,contradict,2,"contradict, contradiction",0,,2,"contradict, contradiction",D0369,kept,contra-反对 + dict说,contradict为反驳，contradiction为矛盾，均含言语上的对立。,当一个人说的话自相矛盾时，就会被他人反驳。,反着（contra）说（dict）就是反驳，言论矛盾。,contradict oneself - 自相矛盾 | in contradiction to - 与...矛盾,"contrary, contrast",contradict: vt. 反驳；否定；与…矛盾；与…抵触vi. 反驳；否认；发生矛盾 | contradiction: n. 矛盾；否认；反驳
O0370,contrary,2,"contrary, contrast",0,,2,"contrary, contrast",D0370,kept,contra-反对；-ary 形容词/名词后缀；-st 站,contrary为相反的，contrast为对比，两词均有相对立的含义。,把两个相反的东西放在一起对比。,contra（相反）+ ry → 相反的；contra（相对）+ st（站）→ 对着站就是对比。,on the contrary - 相反 | in contrast to - 与...对比,"compare, comparison","contrary: adj. 相反的；对立的adv. 相反地n. 相反；反面 | contrast: vt.使与...对比,使与...对照vi.和...形成对照n.对比,对照,(对照中的)差异"
O0371,contribution,1,contribution,0,,1,contribution,D0371,kept,,,,,,,contribution: n. 贡献；捐献；投稿
O0372,contrive,1,contrive,0,,1,contrive,D0372,kept,,,,,,,contrive: vt. 设计；发明；图谋vi. 谋划；设法做到
O0373,control,1,control,0,,1,control,D0373,kept,,,,,,,control: n. 控制；管理；抑制；操纵装置vt. 控制；管理；抑制
O0374,controversy,2,"controversial, controversy",0,,2,"controversial, controversy",D0374,kept,contro-反对 + vers转 + y；-ial 形容词后缀,controversy为争论，controversial为有争议的，均指意见转向对立。,一个争议性话题引起广泛争论。,contro（反）+ vers（转）→ 翻转对立 → 争论；controversial是有争议的。,a controversy over/about - 关于...的争论 | a controversial issue - 有争议的问题,"debate, dispute",controversial: adj. 有争议的；有争论的 | controversy: n. 争论；论战；辩论
O0375,convenience,1,convenience,0,,1,convenience,D0375,kept,,,,,,,convenience: n. 便利；厕所；便利的事物
O0376,convention,2,"convention, conventional",0,,2,"convention, conventional",D0376,kept,con-共同 + vent来 + ion；-al 形容词后缀,convention指大会、惯例，conventional指依照惯例的、传统的。,在大会上，大家遵守惯例。,con（共同）+ vent（来）→ 大家一起来开会，形成惯例；遵守惯例的就是conventional。,by convention - 按照惯例 | conventional wisdom - 传统智慧,"traditional, custom",convention: n. 大会；[法] 惯例；[计] 约定；[法] 协定；习俗 | conventional: adj. 符合习俗的，传统的；常见的；惯例的
O0377,converge,1,converge,0,,1,converge,D0377,kept,,,,,,,converge: vt. 使汇聚vi. 聚集；靠拢；收敛
O0378,conversation,1,conversation,0,,1,conversation,D0378,kept,,,,,,,conversation: n. 交谈，会话；社交；交往，交际；会谈；（人与计算机的）人机对话
O0379,convert,3,"conversely, conversion, convert",0,,3,"conversely, conversion, convert",D0379,kept,con-加强 + vert转,convert转变/皈依，conversion转换，conversely相反地，都源于转向。,一个人改变信仰是一次转变，相反地，顽固者拒绝改变。,con（全部）+ vert（转）→ 全部转过来 → 转变；conversely就是转过来的反面。,convert to/into - 转变为 | conversion rate - 兑换率 | conversely - 相反地,"invert, reverse",conversely: adv. 相反地 | conversion: n. 转换；变换；[金融] 兑换；改变信仰 | convert: vt. 使转变；转换…；使…改变信仰vi. 转变，变换；皈依；改变信仰n. 皈依者；改变宗教信仰者n. (Convert)人名；(法)孔韦尔
O0380,convict,2,"convict, conviction",0,,2,"convict, conviction",D0380,kept,con-加强 + vict征服,convict定罪/罪犯，conviction定罪/信念，均有战胜罪行的含义。,法庭宣告他有罪，这一定罪令人确信。,con（加强）+ vict（征服）→ 征服犯罪 → 定罪；conviction是定罪的信念。,convict sb of - 判某人有...罪 | with conviction - 确信地,"accuse, condemn",convict: vt. 证明…有罪；宣告…有罪n. 罪犯 | conviction: n. 定罪；确信；证明有罪；确信，坚定的信仰
O0381,cooperate,3,"cooperate, cooperative, coordinate",0,,3,"cooperate, cooperative, coordinate",D0381,kept,co-共同 + operate工作 / ordinate安排,cooperate合作，cooperative合作的/合作社，coordinate协调，均强调协同。,合作社成员相互合作，协调工作。,co（共同）+ operate（操作）→ 合作；co（共同）+ ordinate（安排）→ 协调。,cooperate with - 与...合作 | a cooperative effort - 共同努力 | coordinate with - 与...协调,"collaborate, teamwork",cooperate: vi. 合作，配合；协力 | cooperative: adj. 合作的；合作社的n. 合作社 | coordinate: v. 调节，配合；使动作协调；（衣服、家具等）搭配；与……形成共价键adj. 同等的，并列的；配位的；坐标的n. 坐标；配套服装；同等的人或物
O0382,cope,1,cope,0,,1,cope,D0382,kept,,,,,,,cope: vi. 处理；对付；竞争n. 长袍n. (Cope)人名；(英)科普；(西)科佩
O0383,copper,1,copper,0,,1,copper,D0383,kept,,,,,,,copper: n. 铜；铜币；警察adj. 铜制的vt. 镀铜n. (Copper)人名；(英)科珀
O0384,cord,1,cord,0,,1,cord,D0384,kept,,,,,,,cord: n. 绳索；束缚vt. 用绳子捆绑n. (Cord)人名；(法)科尔；(英)科德
O0385,core,2,"cordial, core",0,,2,"cordial, core",D0385,kept,cor-心 → 核心；cordial-ial 形容词后缀,core核心，cordial热情的，均源自表示心脏的词根，可联想发自内心的核心热情。,发自内心的热情问候触及问题的核心。,cor（心）→ core核心；cordial（心→热情）衷心的。,the core of the problem - 问题的核心 | a cordial welcome - 热情的欢迎,"heart, center",cordial: adj. 热情友好的；由衷的；兴奋的n. 甜果汁饮料；镇定药；兴奋剂；甜香酒 | core: n. 核心；要点；果心；[计] 磁心vt. 挖...的核n. (Core)人名；(英)科尔；(西、意)科雷
O0386,corporate,3,"corporate, corporation, corps",0,,3,"corporate, corporation, corps",D0386,kept,corp-身体 → 团体,三个词均指团体组织：corporate公司的/全体的，corporation公司，corps军团。,公司是一个法人团体，军团是军队团体。,corp（身体）→ 身体就是团体 → corporate adj. 团体的；corporation n. 公司；corps n. 军团。,corporate culture - 企业文化 | multinational corporation - 跨国公司 | diplomatic corps - 外交使团,"company, firm",corporate: adj. 法人的；共同的，全体的；社团的；公司的；企业的 | corporation: n. 公司；法人（团体）；社团；市政当局 | corps: n. 军团；兵种；兵队；（德国大学的）学生联合会n. （Corps）（西、德）科尔普斯（人名）
O0387,correct,2,"correct, correction",0,,2,"correct, correction",D0387,kept,cor-加强 + rect正,correct改正/正确的，correction修正，均指使变正确。,老师批改作业，做出修正。,cor（全部）+ rect（正）→ 全部弄正 → 改正；correction是其名词。,correct a mistake - 改正错误 | make corrections - 进行修正,"rectify, right",correct: adj. （政治或思想）正确的；恰当的；端正的v. 改正；批改（学生作业）；校正；指出错误；抵消；校准（仪器）；修正、调整（数据） | correction: n. 改正，修正
O0388,correlate,1,correlate,0,,1,correlate,D0388,kept,,,,,,,correlate: vi. 关联vt. 使有相互关系；互相有关系n. 相关物；相关联的人
O0389,correspond,4,"correspond, correspondence, correspondent, corresponding",0,,4,"correspond, correspondence, correspondent, corresponding",D0389,kept,cor-相互 + respond回应,correspond通信/一致，correspondence通信/一致，correspondent通讯员，corresponding相应的，均含相互应答。,两位记者通过通信保持联系，发现报道观点相互一致。,cor（相互）+ respond（回应）→ 互相回应就是通信，相互符合就是一致。,correspond with/to - 与...通信/一致 | business correspondence - 商业信函 | corresponding period - 相同时期,"agree, coincide",correspond: vi. 符合，一致；相应；通信 | correspondence: n. 通信；一致；相当 | correspondent: n. 通讯记者；客户；通信者；代理商行 | corresponding: adj. 相当的，相应的；一致的；通信的v. 类似（correspond的ing形式）；相配
O0390,corridor,1,corridor,0,,1,corridor,D0390,kept,,,,,,,corridor: n. 走廊
O0391,corrode,1,corrode,0,,1,corrode,D0391,kept,,,,,,,corrode: vt. 侵蚀；损害vi. 受腐蚀；起腐蚀作用
O0392,cosmic,1,cosmic,0,,1,cosmic,D0392,kept,,,,,,,cosmic: adj. 宇宙的（等于cosmical）
O0393,costly,1,costly,0,,1,costly,D0393,kept,,,,,,,costly: adj. 昂贵的；代价高的n. (Costly)人名；(英)科斯特利
O0394,costume,1,costume,0,,1,costume,D0394,kept,,,,,,,costume: n. 服装，装束；戏装，剧装vt. 给…穿上服装
O0395,couch,1,couch,0,,1,couch,D0395,kept,,,,,,,couch: n. 睡椅，长沙发；床；卧榻vi. 蹲伏，埋伏；躺着vt. 使躺下；表达；弯下n. (Couch)人名；(英)库奇
O0396,could,1,could,0,,1,could,D0396,kept,,,,,,,could: aux. 能够， 可以；可能；差点就，本来有可能；很想v. 能（can 的过去式）
O0397,council,2,"council, counsel",0,,2,"council, counsel",D0397,kept,council 源自拉丁语 concilium（集会），counsel 源自拉丁语 consilium（商议）。,两者拼写只差一个字母，极易混淆。council 指委员会、议会等机构；counsel 指忠告或法律顾问。,市议会（council）里有法律顾问（counsel）提供咨询。,委员会（council）开会，律师（counsel）提忠告。,city council - 市议会 | legal counsel - 法律顾问 | counsel of perfection - 难以实现的忠告,注意拼写：council 有 ci，counsel 有 se。可联想 consul（领事）也易混。,council: n. 委员会；会议；理事会；地方议会；顾问班子n. (Council)人名；(英)康斯尔 | counsel: n. 法律顾问；忠告；商议；讨论；决策vt. 建议；劝告vi. 商讨；提出忠告
O0398,counterpart,1,counterpart,0,,1,counterpart,D0398,kept,,,,,,,counterpart: n. 副本；配对物；极相似的人或物
O0399,countryside,1,countryside,0,,1,countryside,D0399,kept,,,,,,,countryside: n. 农村，乡下；乡下的全体居民
O0400,county,1,county,0,,1,county,D0400,kept,,,,,,,county: n. 郡，县
O0401,courtesy,1,courtesy,0,,1,courtesy,D0401,kept,,,,,,,courtesy: n. 礼貌；好意；恩惠adj. 殷勤的；被承认的；出于礼节的
O0402,coward,1,coward,0,,1,coward,D0402,kept,,,,,,,coward: n. 懦夫，懦弱的人adj. 胆小的，懦怯的n. (Coward)人名；(英)科沃德
O0403,crack,1,crack,0,,1,crack,D0403,kept,,,,,,,"crack: n.裂缝,噼啪声v.(使)破裂,裂纹,(使)爆裂adj.最好的,高明的"
O0404,cradle,1,cradle,0,,1,cradle,D0404,kept,,,,,,,cradle: n. 摇篮；发源地；发祥地；支船架vt. 抚育；把...搁在支架上；把...放在摇篮内
O0405,craft,1,craft,0,,1,craft,D0405,kept,,,,,,,craft: n. 工艺；手艺；太空船vt. 精巧地制作n. (Craft)人名；(英、德、罗)克拉夫特
O0406,crane,1,crane,0,,1,crane,D0406,kept,,,,,,,crane: n. 吊车，起重机；鹤vi. 伸着脖子看；迟疑，踌躇vt. 用起重机起吊；伸长脖子n. (Crane)人名；(意、葡)克拉内；(英、法、西)克兰
O0407,creep,2,"crawl, creep",0,,2,"crawl, creep",D0407,kept,creep 古英语 creopan（爬行，秘密移动），crawl 古北欧语 krafla（抓，匍匐）。,两者都表示“爬行”，但 creep 强调缓慢、偷偷地移动，也可表示起鸡皮疙瘩；crawl 指匍匐前进或极慢速移动。,一个小偷 creep 进房间，而婴儿在地上 crawl。,creep 偷偷爬，crawl 匍匐爬。,creep up - 悄悄上涨（物价） | give sb the creeps - 使人毛骨悚然 | crawl space - 爬行空间（房顶等矮层） | traffic crawls - 车流缓慢前行,辨析：creep 与 crawl 都可形容几类爬行动作。crawl 更强调四肢并用，creep 可只有躯体贴着地面。,crawl: vi. 爬行；匍匐行进vt. 爬行；缓慢地行进n. 爬行；养鱼池；匍匐而行 | creep: vi. 爬行；蔓延；慢慢地移动；起鸡皮疙瘩n. 爬行；毛骨悚然的感觉；谄媚者；非玩家控制的小兵（游戏术语）
O0408,creation,2,"creation, creative",0,,2,"creation, creative",D0408,kept,词根 creat- 拉丁语 creare（创造），-ion 名词后缀，-ive 形容词后缀。,creation 为名词创造（物），creative 为形容词创造性的。,艺术家用创意（creative）完成一件创作（creation）。,创造（creation）需要创造性（creative）思维。,job creation - 创造就业 | creative idea - 创意,相关词：create (v.) 创造，creativity (n.) 创造力。,creation: n. 创造，创作；创作物，产物 | creative: adj. 创造性的
O0409,cricket,1,cricket,0,,1,cricket,D0409,kept,,,,,,,cricket: n. 板球，板球运动；蟋蟀
O0410,cripple,1,cripple,0,,1,cripple,D0410,kept,,,,,,,cripple: v. （使）跛；（使）残废；削弱；严重毁坏（机器）；给……造成严重问题n. 古，冒犯跛子，残废人
O0411,crisis,1,crisis,0,,1,crisis,D0411,kept,,,,,,,crisis: n. 危机；危险期；决定性时刻adj. 危机的；用于处理危机的
O0412,crisp,1,crisp,0,,1,crisp,D0412,kept,,,,,,,crisp: adj. 脆的；新鲜的；易碎的vt. 使卷曲；使发脆vi. 卷曲；发脆n. 松脆物；油炸马铃薯片n. (Crisp)人名；(英)克里斯普
O0413,critic,5,"criterion, critic, critical, criticism, criticize",0,,5,"criterion, critic, critical, criticism, criticize",D0413,kept,词根 crit- 源自希腊语 krinein（判断、辨别），后缀 -ic 形容词/名词，-ism 名词表行为/主义，-ize 动词，-ion 名词，criterion 为希腊语 kriterion（标准）。,crit- 表示“判断”，critic 是判断者（评论家），critical 是批判的或关键的，criticism 是批评，criticize 是批评的动作，criterion 是评判的标准。,一个评论家拿着评分标准对作品进行批评。,评论家（critic）用批判性（critical）眼光提出批评（criticism），批评（criticize）时遵循标准（criterion）。,film critic - 电影评论家 | critical thinking - 批判性思维 | constructive criticism - 建设性批评 | criticize severely - 严厉批评 | evaluation criterion - 评价标准,辨析：critical 还可表示“关键的”，如 critical moment 关键时刻。,criterion: n. （批评判断的）标准；准则；规范；准据 | critic: n. 批评家，评论家；爱挑剔的人 | critical: adj. 鉴定的；[核] 临界的；批评的，爱挑剔的；危险的；决定性的；评论的 | criticism: n. 批评；考证；苛求 | criticize: vt. 批评；评论；非难vi. 批评；评论；苛求
O0414,crow,1,crow,0,,1,crow,D0414,kept,,,,,,,crow: n. 乌鸦；鸣叫；（非正式）丑妇；撬棍v. 打鸣；自鸣得意；欢呼
O0415,crown,1,crown,0,,1,crown,D0415,kept,,,,,,,crown: n. 王冠；花冠；王权；顶点vt. 加冕；居…之顶；表彰；使圆满完成n. (Crown)人名；(英)克朗
O0416,crucial,1,crucial,0,,1,crucial,D0416,kept,,,,,,,crucial: adj. 重要的；决定性的；定局的；决断的
O0417,crude,1,crude,0,,1,crude,D0417,kept,,,,,,,crude: adj. 粗糙的；天然的，未加工的；粗鲁的n. 原油；天然的物质
O0418,cruise,1,cruise,0,,1,cruise,D0418,kept,,,,,,,"cruise: vi.巡游,巡航n.巡游,巡航"
O0419,crush,1,crush,0,,1,crush,D0419,kept,,,,,,,"crush: vt.压碎,碾碎,压服,压垮,粉碎,(使)变形"
O0420,crust,1,crust,0,,1,crust,D0420,kept,,,,,,,crust: n. 地壳；外壳；面包皮；坚硬外皮vi. 结硬皮；结成外壳vt. 盖以硬皮；在…上结硬皮
O0421,crystal,1,crystal,0,,1,crystal,D0421,kept,,,,,,,crystal: n. 结晶，晶体；水晶；水晶饰品adj. 水晶的；透明的，清澈的n. (Crystal)人名；(英)克里斯特尔，克丽丝特尔 (女名)
O0422,cucumber,1,cucumber,0,,1,cucumber,D0422,kept,,,,,,,cucumber: n. 黄瓜；胡瓜
O0423,cue,1,cue,0,,1,cue,D0423,kept,,,,,,,cue: n. 提示，暗示；线索vt. 给…暗示n. (Cue)人名；(西)库埃
O0424,culminate,1,culminate,0,,1,culminate,D0424,kept,,,,,,,culminate: vi. 到绝顶；达到高潮；达到顶点vt. 使结束；使达到高潮
O0425,cultivate,1,cultivate,0,,1,cultivate,D0425,kept,,,,,,,cultivate: vt. 培养；陶冶；耕作
O0426,cumulative,1,cumulative,0,,1,cumulative,D0426,kept,,,,,,,cumulative: adj. 累积的
O0427,cunning,1,cunning,0,,1,cunning,D0427,kept,,,,,,,cunning: adj. 狡猾的；巧妙的；可爱的n. 狡猾
O0428,cupboard,1,cupboard,0,,1,cupboard,D0428,kept,,,,,,,cupboard: n. 碗柜；食橱
O0429,curb,1,curb,0,,1,curb,D0429,kept,,,,,,,curb: n. 抑制；路边；勒马绳vt. 控制；勒住
O0430,curiosity,1,curiosity,0,,1,curiosity,D0430,kept,,,,,,,curiosity: n. 好奇，好奇心；珍品，古董，古玩
O0431,curl,1,curl,0,,1,curl,D0431,kept,,,,,,,curl: vt. 使…卷曲；使卷起来vi. 卷曲；盘绕n. 卷曲；卷发；螺旋状物n. (Curl)人名；(英)柯尔
O0432,current,1,current,0,,1,current,D0432,kept,,,,,,,current: adj. 现在的；流通的，通用的；最近的；草写的n. （水，气，电）流；趋势；涌流n. （Current）（英）柯伦特（人名）
O0433,curse,1,curse,0,,1,curse,D0433,kept,,,,,,,curse: n. 诅咒；咒骂vt. 诅咒；咒骂vi. 诅咒；咒骂
O0434,curt,1,curt,0,,1,curt,D0434,kept,,,,,,,curt: adj. 简短而失礼的，唐突无礼的；简略的，简要的；草率的n. (Curt) （美）库尔特（人名）
O0435,curve,1,curve,0,,1,curve,D0435,kept,,,,,,,curve: n. 曲线；弯曲；曲线球；曲线图表vt. 弯；使弯曲vi. 成曲形adj. 弯曲的；曲线形的
O0436,customary,1,customary,0,,1,customary,D0436,kept,,,,,,,customary: adj. 习惯的；通常的n. 习惯法汇编
O0437,cylinder,1,cylinder,0,,1,cylinder,D0437,kept,,,,,,,cylinder: n. 圆筒；汽缸；[数] 柱面；圆柱状物
O0438,cynical,1,cynical,0,,1,cynical,D0438,kept,,,,,,,cynical: adj. 愤世嫉俗的；冷嘲的
O0439,dairy,1,dairy,0,,1,dairy,D0439,kept,,,,,,,dairy: n. 奶制品；乳牛；制酪场；乳品店；牛奶及乳品业adj. 乳品的；牛奶的；牛奶制的；产乳的
O0440,damn,1,damn,0,,1,damn,D0440,kept,,,,,,,damn: v.谴责
O0441,dangerous,1,dangerous,0,,1,dangerous,D0441,kept,,,,,,,dangerous: adj. 危险的危险地
O0442,daring,1,daring,0,,1,daring,D0442,kept,,,,,,,daring: adj. 大胆的，勇敢的n. 胆量，勇气v. 敢（dare的现在分词）n. (Daring)人名；(英、瑞典)达林
O0443,darling,1,darling,0,,1,darling,D0443,kept,,,,,,,darling: n. 心爱的人；亲爱的n. (Darling)人名；(英)达林
O0444,dazzle,1,dazzle,0,,1,dazzle,D0444,kept,,,,,,,dazzle: v. （强光等）使目眩；（美貌、技能等）使倾倒；使眼花缭乱n. 耀眼炫目；令人眼花缭乱的东西（或特性）；耀眼的光；灿烂，绚烂
O0445,deadly,1,deadly,0,,1,deadly,D0445,kept,,,,,,,deadly: adj. 致命的；非常的；死一般的adv. 非常；如死一般地
O0446,debate,1,debate,0,,1,debate,D0446,kept,,,,,,,debate: n. 辩论；（正式的）讨论v. （尤指正式）讨论，辩论；仔细考虑
O0447,decay,1,decay,0,,1,decay,D0447,kept,,,,,,,decay: v. 衰退，衰减；衰败；腐烂，腐朽n. 衰退，衰减；衰败；腐烂，腐朽n. (Decay) （法、美、意、英、希）德凯（人名）
O0448,deceive,2,"deceit, deceive",0,,2,"deceit, deceive",D0448,kept,源自拉丁语 decipere，de- (away) + capere (to take)，意为“拿走，欺骗”。,deceive 是动词，deceit 是名词形式，两者为同源派生，均表示欺骗行为。,骗子deceive用花言巧语拿走你的东西，这就是deceit行为。,骗子deceive用deceit拿走财物。,deceive sb. into doing sth. - 欺骗某人做某事 | practice deceit - 行骗,deception n. 欺骗 | 反义词：honesty 诚实,deceit: n. 欺骗；谎言；欺诈手段 | deceive: v. 欺骗；行骗
O0449,decent,2,"decent, decorate",0,,2,"decent, decorate",D0449,kept,"源自拉丁语 decere (to be fitting, suitable)，decent 表示合适的，decorate 表示装饰使合适。",decent 为形容词，表示正派得体；decorate 为动词，意为装饰布置使之得体。两者均含“合适得体”之意。,一个decent的房间需要decorate一番才能显得体面。,为了显得decent，我们把房间decorate一番。,a decent job - 一份体面的工作 | decorate the room - 装饰房间,decorum n. 礼仪,decent: adj. 正派的；得体的；相当好的 | decorate: vt. 装饰；布置；授勋给vi. 装饰；布置
O0450,decimal,1,decimal,0,,1,decimal,D0450,kept,,,,,,,decimal: adj. 小数的；十进位的n. 小数
O0451,decision,2,"decision, decisive",0,,2,"decision, decisive",D0451,kept,源自拉丁语 decidere，de- (off) + caedere (to cut)，意为“切断”，引申为决定。,decision 是名词决定，decisive 是形容词决定性的、果断的。两者互为派生。,做出一个decision需要decisive的态度，就像一刀切断犹豫。,有了decisive的勇气，才能做出decision。,make a decision - 做决定 | a decisive factor - 决定性因素,decide v. 决定 | 反义词：indecisive 优柔寡断的,decision: n. 决定，决心；决议 | decisive: adj. 决定性的；果断的，坚定的
O0452,deck,1,deck,0,,1,deck,D0452,kept,,,,,,,deck: n. 甲板；（船或公共汽车的）一层；露天平台；转盘装置vt. 装饰；装甲板；打扮n. (Deck)人名；（英、法、德）德克
O0453,declaration,1,declaration,0,,1,declaration,D0453,kept,,,,,,,declaration: n. （纳税品等的）申报；宣布；公告；申诉书
O0454,decrease,1,decrease,0,,1,decrease,D0454,kept,,,,,,,decrease: v. 减少，减小，降低n. 减少，减小；减少量；减少过程
O0455,dedicate,1,dedicate,0,,1,dedicate,D0455,kept,,,,,,,dedicate: vt. 致力；献身；题献
O0456,deduce,1,deduce,0,,1,deduce,D0456,kept,,,,,,,deduce: vt. 推论，推断；演绎出
O0457,deem,1,deem,0,,1,deem,D0457,kept,,,,,,,deem: vt. 认为，视作；相信vi. 认为，持某种看法；作某种评价n. (Deem)人名；(英)迪姆
O0458,deepen,1,deepen,0,,1,deepen,D0458,kept,,,,,,,deepen: vt. 使加深；使强烈；使低沉vi. 变深；变低沉
O0459,defect,3,"defect, deficiency, deficit",0,,3,"defect, deficiency, deficit",D0459,kept,"源自拉丁语 deficere，de- (away, down) + facere (to do)，意为“背离，缺乏”。",三个词均表示“缺少、不足、缺陷”。defect 指缺陷，deficiency 指不足，deficit 专指赤字或亏空。,产品有defect，因为材料deficiency，导致公司出现deficit。,缺（defect）乏（deficiency）导致赤字（deficit）。,a physical defect - 身体缺陷 | vitamin deficiency - 维生素缺乏 | trade deficit - 贸易赤字,反义词：sufficiency 充足,defect: n. 缺点，缺陷；不足之处vi. 变节；叛变 | deficiency: n. 缺陷，缺点；缺乏；不足的数额 | deficit: n. 赤字；不足额
O0460,definite,4,"define, definite, definitely, definition",0,,4,"define, definite, definitely, definition",D0460,kept,词根fin- = 界限，结束；de-加强意义，defin- = 限定→确定,definite（确切的）是形容词，definitely（肯定地）是副词，definition（定义）是名词；三者由同一词根衍生，都和“明确界限”相关。,想象用尺子画线，定下明确的界限（definite），然后肯定地（definitely）写下定义（definition）。,限定(fin)就是定(definite)，清楚地(definitely)下定义(definition)。,definite answer 确切的答案 | definitely true 肯定是真的 | by definition 根据定义,比较 indefinite 不确定的,define: vt. 定义；使明确；规定n. (Define)人名；(英)德法恩；(葡)德菲内 | definite: adj. 一定的；确切的 | definitely: adv. 清楚地，当然；明确地，肯定地 | definition: n. 定义；[物] 清晰度；解说
O0461,defy,1,defy,0,,1,defy,D0461,kept,,,,,,,defy: vt. 藐视；公然反抗；挑衅；使落空n. 挑战；对抗
O0462,degenerate,2,"degenerate, degrade",0,,2,"degenerate, degrade",D0462,kept,前缀de- = 向下；degenerate: de- + genus（种类，后代）→ 偏离本类 → 退化；degrade: de- + gradus（步，等级）→ 降级,两者均含前缀de-（向下），都表示向不好的方向变化；degenerate侧重品德、品质退化堕落；degrade侧重地位、价值降低。,想象一个人向下走(down)，先是道德堕落(degenerate)，然后社会地位降级(degrade)。,向下(de)就是堕落(degenerate)和降级(degrade)。,degenerate into 堕落成 | degrade oneself 自贬身份,decline 下降，恶化 | deteriorate 恶化,degenerate: v. 使退化；恶化；堕落adj. 退化的；堕落的；退化的；简并的n. 堕落的人 | degrade: vt. 贬低；使……丢脸；使……降级；使……降解vi. 降级，降低；退化
O0463,delegate,3,"delegate, delegation, depute",0,,3,"delegate, delegation, depute",D0463,kept,de- + legare (派遣) → delegate；de- + putare (考虑，指派) → depute。两者同义，均有“委派代表”之意。,delegate作名词表示代表，动词表示委派；delegation代表团；depute同义，较正式。同记可掌握授权类词汇。,老板将任务委派(delegate/depute)给代表(delegate)，组成代表团(delegation)去谈判。,委派(delegate/depute)代表(delegate)组团(delegation)。,delegate authority to 授权给 | a trade delegation 贸易代表团 | depute someone to do 委派某人做,representative 代表 | commission 委任,delegate: n. 代表，会议代表；委员会成员v. 授（权），把……委托给他人；委派……为代表，任命 | delegation: n. 代表团；授权；委托 | depute: v. 向（某人）授权；委派（某人）n. 受权人
O0464,deliberate,1,deliberate,0,,1,deliberate,D0464,kept,,,,,,,deliberate: adj. 故意的；深思熟虑的；从容的vt. 仔细考虑；商议
O0465,delicate,2,"delicate, delicious",0,,2,"delicate, delicious",D0465,kept,拉丁语 deliciae = 愉快，诱惑；delicate 精致的，易碎的；delicious 美味的。同源词根。,两者都与令人愉悦有关，delicate侧重精致微妙需小心对待，delicious侧重味觉愉悦。,一道美味的(delicious)甜点看起来非常精致(delicate)，仿佛一碰就碎。,精美的(delicate)食物很可口(delicious)。,delicate skin 娇嫩的皮肤 | delicious food 美味的食物,exquisite 精致的 | savory 美味的,delicate: adj. 微妙的；精美的，雅致的；柔和的；易碎的；纤弱的；清淡可口的 | delicious: adj. 美味的；可口的
O0466,delivery,1,delivery,0,,1,delivery,D0466,kept,,,,,,,delivery: n. [贸易] 交付；分娩；递送
O0467,delta,1,delta,0,,1,delta,D0467,kept,,,,,,,delta: n. （河流的）三角洲；德耳塔（希腊字母的第四个字）n. (Delta)人名；(英、罗、葡)德尔塔
O0468,democracy,2,"democracy, democratic",0,,2,"democracy, democratic",D0468,kept,demo- = 人民，cracy = 统治；democracy 民主；democratic 民主的。,名词与形容词，均与民主政治相关。,在民主(democracy)国家，决策过程是民主的(democratic)。,人民(demo)统治(cracy)即民主(democracy)，其制度是民主的(democratic)。,parliamentary democracy 议会民主 | democratic rights 民主权利,republic 共和 | autocracy 独裁,democracy: n. 民主，民主主义；民主政治 | democratic: adj. 民主的；民主政治的；大众的
O0469,demonstrate,1,demonstrate,0,,1,demonstrate,D0469,kept,,,,,,,demonstrate: vt. 证明；展示；论证vi. 示威
O0470,deny,2,"denial, deny",0,,2,"denial, deny",D0470,kept,deny 否定；denial 名词形式。,动词和名词，简单同源。,他否认(deny)了指控，但否认(denial)未被接受。,deny否认，denial是否认的名词。,deny a charge 否认指控 | in denial 拒绝接受,refuse 拒绝 | reject 拒绝,denial: n. 否认；拒绝；节制；背弃 | deny: vt. 否定，否认；拒绝给予；拒绝…的要求vi. 否认；拒绝
O0471,denote,1,denote,0,,1,denote,D0471,kept,,,,,,,denote: vt. 表示，指示
O0472,denounce,1,denounce,0,,1,denounce,D0472,kept,,,,,,,denounce: vt. 谴责；告发；公然抨击；通告废除
O0473,dense,2,"dense, density",0,,2,"dense, density",D0473,kept,dense 稠密的；density 密度（名词）。,形容词和名词，描述浓度、密度。,浓密的(dense)森林里，树木密度(density)很高。,dense浓密，density就是密度。,dense fog 浓雾 | population density 人口密度,sparse 稀疏的 | concentration 浓度,dense: adj. 稠密的；浓厚的；愚钝的 | density: n. 密度
O0474,dentist,1,dentist,0,,1,dentist,D0474,kept,,,,,,,dentist: n. 牙科医生牙医诊所
O0475,depart,2,"depart, department",0,,2,"depart, department",D0475,kept,词根part = 部分，分开；de- (离开) + part → depart离开；department 分开的部分 → 部门。,同根词，但意思关联不强。depart离开，department部门（组织中的分支）。可借“分开”联想记忆。,当你离开(depart)总公司，去往各个部门(department)。,离开(depart)大整体，进入小部门(department)。,depart from 背离 | department store 百货商店,branch 分支 | division 部门,depart: vi. 离开；出发，起程；违反；去世adj. 逝世的 | department: n. 部；部门；系；科；局
O0476,dependent,1,dependent,0,,1,dependent,D0476,kept,,,,,,,dependent: adj. 依靠的；从属的；取决于…的n. 依赖他人者；受赡养者
O0477,depict,1,depict,0,,1,depict,D0477,kept,,,,,,,depict: vt. 描述；描画
O0478,depress,2,"depress, depression",0,,2,"depress, depression",D0478,kept,de- + press（压）→ 向下压 → 压抑，沮丧。depression 名词。,动词和名词，表达情绪低落或经济萧条。,压力压(depress)得他陷入抑郁(depression)。,压(press)下去就是使沮丧(depress)，就是抑郁(depression)。,depress the economy 使经济萧条 | suffer from depression 患抑郁症,oppress 压迫 | suppress 抑制,depress: vt. 压抑；使沮丧；使萧条 | depression: n. 沮丧；忧愁；抑郁症；洼地；不景气；低气压区
O0479,deprive,1,deprive,0,,1,deprive,D0479,kept,,,,,,,deprive: vt. 使丧失，剥夺
O0480,derive,1,derive,0,,1,derive,D0480,kept,,,,,,,derive: vt. 源于；得自；获得vi. 起源n. （Derive）（法）德里夫（人名）
O0481,descend,3,"descend, descendant, descent",0,,3,"descend, descendant, descent",D0481,kept,de- + scend (爬) → 向下爬 → 下降，下来。descendant 后代（往下传），descent 下降，血统。,动词、名词、形容词，都与下降、遗传有关。,飞机开始下降(descend/descent)，乘客中有一位皇室后裔(descendant)。,下楼(descend)的后代(descendant)血脉(descent)往下传。,descend from 从...下来 | direct descendant 直系后代 | of noble descent 贵族血统,ascend 上升 | ancestor 祖先,descend: vi. 下降；下去；下来；遗传；屈尊vt. 下去；沿…向下 | descendant: n. 后裔，子孙；（由过去类似物发展来的）派生物；（机器等）后继型产品adj. 下降的；祖传的 | descent: n. 下降；血统；袭击vt. 除去…的气味；使…失去香味
O0482,description,1,description,0,,1,description,D0482,kept,,,,,,,description: n. 描述，描写；类型；说明书
O0483,designate,1,designate,0,,1,designate,D0483,kept,,,,,,,designate: vt. 指定；指派；标出；把…定名为adj. 指定的；选定的
O0484,desirable,1,desirable,0,,1,desirable,D0484,kept,,,,,,,desirable: adj. 可取的，值得拥有的，令人向往的；引起性欲的，性感的n. 称心如意的东西，合意的人，好的品质
O0485,despair,2,"despair, desperate",0,,2,"despair, desperate",D0485,kept,"de- = 失去, sper = 希望；despair失去希望→绝望；desperate无希望的→不顾一切的。",名词/动词和形容词，均表达绝望、不顾一切。,在绝望(despair)中，他做出不顾一切(desperate)的举动。,失去希望(sper)就是绝望(despair)，绝望的人不顾一切(desperate)。,in despair 绝望地 | desperate attempt 不顾一切的尝试,hopeless 无望的 | frantic 发狂似的,despair: n. 绝望；令人绝望的人或事vi. 绝望，丧失信心 | desperate: adj. 不顾一切的；令人绝望的；极度渴望的
O0486,despatch,1,despatch,0,,1,despatch,D0486,kept,,,,,,,despatch: v. 派遣；发送；迅速处理；杀死；匆匆吃下，匆匆离开（等于 dispatch）n. 派遣；发送；急件；报道；杀死（等于 dispatch）
O0487,despise,1,despise,0,,1,despise,D0487,kept,,,,,,,despise: vt. 轻视，鄙视
O0488,despite,1,despite,0,,1,despite,D0488,kept,,,,,,,despite: prep. 即使，尽管n. （诗/文）侮辱，伤害；轻视，鄙视；憎恨vt. 废语故意使烦恼，故意伤害；古蔑视，轻蔑
O0489,destiny,3,"destination, destined, destiny",0,,3,"destination, destined, destiny",D0489,kept,de-（向下/加强） + stin-（站/定） → 注定站立的地方 → 命运、终点,均与“命运、注定、终点”的核心义相关：destiny 命运，destined 注定的，destination 目的地,把命运比作一张地图，每个人注定的路线通往各自的目的地,命运注定终点站,destiny's child - 命运之子 | destined for greatness - 注定伟大 | final destination - 最终目的地,辨析 destiny 与 fate | 记 predestined（预定的）,destination: n. 目的地，终点 | destined: adj. 注定的；命定的；去往…的v. 注定（destine的过去式和过去分词） | destiny: n. 命运，定数，天命n. (Destiny)人名；(英)德斯蒂尼，德斯蒂妮(女名)
O0490,destruction,2,"destruction, destructive",0,,2,"destruction, destructive",D0490,kept,de-（相反/去除） + struct（建造） + -ion/ -ive → 毁坏建造好的东西,destruction 是名词“破坏”，destructive 是形容词“破坏性的”,拆迁队用大锤摧毁楼房，破坏行为（destruction）产生破坏性（destructive）后果,拆除建筑导致破坏性后果,mass destruction - 大规模破坏 | destructive criticism - 破坏性批评,记动词 destroy | 同根词 construct（建设）,destruction: n. 破坏，毁灭；摧毁 | destructive: adj. 破坏的；毁灭性的；有害的，消极的
O0491,detach,1,detach,0,,1,detach,D0491,kept,,,,,,,detach: vt. 分离；派遣；使超然
O0492,detail,1,detail,0,,1,detail,D0492,kept,,,,,,,detail: n. 细节，琐事；具体信息；次要部分；分队，支队vt. 详述；选派vi. 画详图
O0493,detect,3,"detect, detection, detective",0,,3,"detect, detection, detective",D0493,kept,de-（去掉） + tect（覆盖） → 揭去覆盖物 → 发现,detect 发现，detection 发现/探测，detective 侦探（发现者）,侦探用放大镜寻找线索，这个过程是 detect，他从事 detection 工作，是一名 detective,侦探揭开覆盖物，发现真相,detect a lie - 发现谎言 | crime detection - 犯罪侦查 | private detective - 私人侦探,"反义词 conceal, hide",detect: vt. 察觉；发现；探测 | detection: n. 侦查，探测；发觉，发现；察觉 | detective: n. 警探；私人侦探；刑侦adj. 侦探的；侦察的
O0494,deteriorate,1,deteriorate,0,,1,deteriorate,D0494,kept,,,,,,,deteriorate: vi. 恶化，变坏vt. 恶化
O0495,determine,2,"determination, determine",0,,2,"determination, determine",D0495,kept,de-（下/完全） + termin（界限） → 画定界限 → 决定、下决心,determine 动词“决定/下决心”，determination 名词“决心/果断”,站在终点线前，下定决心冲过界限,下定决心，决定界限,determine to do - 决心做 | with determination - 坚决地,"记 terminate（终结）, terminal（终点）",determination: n. 决心；果断；测定 | determine: v. （使）下决心，（使）做出决定vt. 决定，确定；判定，判决；限定vi. 确定；决定；判决，终止；[主用于法律]了结，终止，结束
O0496,development,1,development,0,,1,development,D0496,kept,,,,,,,development: n. 发展；开发；发育；住宅小区（专指由同一开发商开发的）；[摄] 显影
O0497,deviate,1,deviate,0,,1,deviate,D0497,kept,,,,,,,deviate: vi. 脱离；越轨vt. 使偏离
O0498,device,2,"device, devise",0,,2,"device, devise",D0498,kept,devis（分开/分配/图案） → 设计 → device 名词（装置/策略），devise 动词（设计/发明）,devise 是动词“设计、想出”，device 是其名词形式，如“装置、策略”,工程师在工作室设计（devise）一个精巧的装置（device）,设计出装置，名词动词对应记,electronic device - 电子设备 | devise a plan - 设计计划,辨析 device 与 instrument | 易混词 devote,device: n. 装置；策略；图案；设备；终端 | devise: vt. 设计；想出；发明；图谋；遗赠给n. 遗赠n. (Devise) （美、法）德维兹（人名）
O0499,devil,1,devil,0,,1,devil,D0499,kept,,,,,,,devil: n. 魔鬼；撒旦；家伙；恶棍；淘气鬼；冒失鬼vt. 虐待，折磨；（用扯碎机）扯碎；（替作家，律师等）做助手；抹辣味料烤制或煎煮
O0500,dew,1,dew,0,,1,dew,D0500,kept,,,,,,,dew: n. 珠，滴；露水；清新vt. （露水等）弄湿vi. 结露水n. (Dew)人名；(德)德夫；(英)迪尤
O0501,diagnose,1,diagnose,0,,1,diagnose,D0501,kept,,,,,,,diagnose: vt. 诊断；断定vi. 诊断；判断
O0502,dialect,1,dialect,0,,1,dialect,D0502,kept,,,,,,,dialect: n. 方言，土话；同源语；行话；个人用语特征adj. 方言的
O0503,dialog,1,dialog,0,,1,dialog,D0503,kept,,,,,,,dialog: n. 对话；会话
O0504,diameter,1,diameter,0,,1,diameter,D0504,kept,,,,,,,diameter: n. 直径
O0505,dictate,3,"dictate, dictation, dictionary",0,,3,"dictate, dictation, dictionary",D0505,kept,dict-（说） → 说出的内容、命令、记录、词汇集合,dictate 口述/命令；dictation 听写；dictionary 词典（记录词语的“说法”）,课堂上老师口述（dictate）单词，学生做听写（dictation），参阅词典（dictionary）,老师说，学生写，词典里有词说,take dictation - 听写 | consult a dictionary - 查词典 | follow dictates - 听从命令,"扩展其他 dict 词根词：predict, verdict",dictate: vt. 命令；口述；使听写vi. 口述；听写n. 命令；指示 | dictation: n. 听写；口述；命令 | dictionary: n. 字典；词典
O0506,difference,2,"difference, differentiate",0,,2,"difference, differentiate",D0506,kept,dif-（分开） + fer（携带） → 分别携带 → 差异；-entiate 动词后缀,difference 名词“差异”，differentiate 动词“区分”,玩‘找不同’游戏时，需要 differentiate 两幅画中的 differences,差异是名词，区分是动词,make a difference - 有影响 | differentiate between - 区分,记形容词 different | 反义词 indifferent,difference: n. 差异；不同；争执 | differentiate: vi. 区分，区别vt. 区分，区别
O0507,diffuse,1,diffuse,0,,1,diffuse,D0507,kept,,,,,,,diffuse: adj. 弥漫的；散开的vt. 扩散；传播；漫射vi. 传播；四散
O0508,dignity,1,dignity,0,,1,dignity,D0508,kept,,,,,,,dignity: n. 尊严；高贵
O0509,diligent,1,diligent,0,,1,diligent,D0509,kept,,,,,,,diligent: adj. 勤勉的；用功的，费尽心血的n. (Diligent)人名；(法)迪利让
O0510,dilute,1,dilute,0,,1,dilute,D0510,kept,,,,,,,dilute: v. 稀释，冲淡；削弱；变稀薄，变淡adj. 稀释的；淡的；（颜色、光线）浅的
O0511,dim,1,dim,0,,1,dim,D0511,kept,,,,,,,"dim: adj.暗淡的,模糊的,无光泽的,悲观的,怀疑的vt.使暗淡,使失去光泽n.美俚笨蛋、傻子"
O0512,dimension,1,dimension,0,,1,dimension,D0512,kept,,,,,,,dimension: n. 方面;[数] 维；尺寸；次元；容积adj. 规格的vt. 标出尺寸
O0513,diminish,1,diminish,0,,1,diminish,D0513,kept,,,,,,,diminish: vt. 使减少；使变小vi. 减少，缩小；变小
O0514,diplomatic,1,diplomatic,0,,1,diplomatic,D0514,kept,,,,,,,diplomatic: adj. 外交的；外交上的；老练的
O0515,direction,3,"direction, directly, directory",0,,3,"direction, directly, directory",D0515,kept,rect（直/正） → direct（指引、直接的） → direction 方向；directly 直接地；directory 名录（指引查询）,direction 方向/指导，directly 直接地，directory 指南性的名录,用导航 App，directory 提供地址，direction 指引路线，directly 到达目的地,名录指引方向，直接到达,sense of direction - 方向感 | go directly to - 直接去 | telephone directory - 电话簿,记动词 direct | 反义词 indirectly,direction: n. 方向；指导；趋势；用法说明 | directly: adv. 直接地；立即；马上；正好地；坦率地conj. 一…就 | directory: n. [计] 目录；工商名录；姓名地址录adj. 指导的；咨询的
O0516,disable,1,disable,0,,1,disable,D0516,kept,,,,,,,disable: vt. 使失去能力；使残废；使无资格
O0517,disadvantage,1,disadvantage,0,,1,disadvantage,D0517,kept,,,,,,,disadvantage: n. 缺点；不利条件；损失
O0518,disappoint,1,disappoint,0,,1,disappoint,D0518,kept,,,,,,,disappoint: vt. 使失望
O0519,disastrous,1,disastrous,0,,1,disastrous,D0519,kept,,,,,,,disastrous: adj. 灾难性的；损失惨重的；悲伤的
O0520,discard,1,discard,0,,1,discard,D0520,kept,,,,,,,discard: vt. 抛弃；放弃；丢弃vi. 放弃n. 抛弃；被丢弃的东西或人
O0521,discern,2,"discern, discrete",0,,2,"discern, discrete",D0521,kept,词根 -cern-/-cret- = 分开，筛；dis- + cernere → 区分,discern 动词辨别，discrete 形容词离散的，都源自“分开”的概念。辨别就是把事物分开来；离散的也就是分开的。,科学家 discern（辨别）出两种看似连续实则 discrete（离散的）信号模式。,辨别(discern)出离散(discrete)的东西,discern the truth - 辨别真相 | a discrete variable - 离散变量,形近词 discreet（谨慎的）辨析,discern: vt. 觉察出；识别；了解；隐约看见vi. 辨别 | discrete: adj. 离散的，不连续的n. 分立元件；独立部件
O0522,discharge,1,discharge,0,,1,discharge,D0522,kept,,,,,,,"discharge: vt.卸下,放出,清偿(债务),履行(义务),解雇,开(炮),放(枪),射(箭)vi.卸货,流注n.卸货,流出,放电"
O0523,discipline,1,discipline,0,,1,discipline,D0523,kept,,,,,,,discipline: n. 学科；纪律；训练；惩罚vt. 训练，训导；惩戒
O0524,disclose,1,disclose,0,,1,disclose,D0524,kept,,,,,,,disclose: vt. 公开；揭露
O0525,discourage,1,discourage,0,,1,discourage,D0525,kept,,,,,,,discourage: vt. 阻止；使气馁
O0526,discrepancy,1,discrepancy,0,,1,discrepancy,D0526,kept,,,,,,,discrepancy: n. 不符；矛盾；相差
O0527,discriminate,1,discriminate,0,,1,discriminate,D0527,kept,,,,,,,discriminate: vt. 歧视；区别；辨别vi. 区别；辨别
O0528,discussion,1,discussion,0,,1,discussion,D0528,kept,,,,,,,discussion: n. 讨论，议论
O0529,disguise,1,disguise,0,,1,disguise,D0529,kept,,,,,,,disguise: vt. 掩饰；假装；隐瞒n. 伪装；假装；用作伪装的东西
O0530,disgust,1,disgust,0,,1,disgust,D0530,kept,,,,,,,disgust: n. 厌恶，嫌恶vt. 使厌恶；使作呕
O0531,displease,4,"dishonour, disorder, displease, dissatisfy",0,,4,"dishonour, disorder, displease, dissatisfy",D0531,kept,dis- = 不、相反；加在动词/名词前表否定,"这四个词都是在原词 please, satisfy, honour, order 前加 dis- 构成反义词，一起记可高效掌握否定前缀 dis- 的用法。",想象一个人满脸不高兴 (displease)，因为对服务不满意 (dissatisfy)，觉得受到了耻辱 (dishonour)，于是开始捣乱 (disorder)。,不乐意(displease) 不满意(dissatisfy) 觉得丢脸(dishonour) 就捣乱(disorder),displease sb. - 使某人不快 | dissatisfy with - 对…不满 | dishonour one's family - 给家族蒙羞 | in disorder - 混乱,"反义前缀 un-, in- 等的用法对比",dishonour: n. 耻辱，丢脸；拒付v. 使丢脸；不履行（诺言等）；不尊重；拒付，拒绝承兑；（古）强奸 | disorder: n. 混乱；骚乱vt. 使失调；扰乱 | displease: vt. 使生气；触怒vi. 使生气；使不快 | dissatisfy: v. 使不满，使失望
O0532,disk,1,disk,0,,1,disk,D0532,kept,,,,,,,disk: n. [计] 磁盘，磁碟片；圆盘，盘状物；唱片
O0533,dismay,1,dismay,0,,1,dismay,D0533,kept,,,,,,,dismay: n. 沮丧，灰心；惊慌vt. 使沮丧；使惊慌
O0534,dispatch,1,dispatch,0,,1,dispatch,D0534,kept,,,,,,,"dispatch: vt.分派,派遣n.派遣,急件"
O0535,disperse,1,disperse,0,,1,disperse,D0535,kept,,,,,,,disperse: vt. 分散；使散开；传播vi. 分散adj. 分散的
O0536,displace,1,displace,0,,1,displace,D0536,kept,,,,,,,displace: vt. 取代；置换；转移；把…免职；排水
O0537,display,1,display,0,,1,display,D0537,kept,,,,,,,display: n. 显示；炫耀vt. 显示；表现；陈列vi. [动] 作炫耀行为adj. 展览的；陈列用的
O0538,dispose,3,"disposal, dispose, disposition",0,,3,"disposal, dispose, disposition",D0538,kept,词根 -pos- = 放置；dis- + ponere → 分开放置 → 安排、处理,dispose 动词处理、安排；disposal 名词处理；disposition 名词性情、倾向(源自安排好的状态)。三者同根，一起记可建立词性链路。,一个将军 dispose（部署）他的部队，把 disposal（处理）垃圾的任务交给士兵，这体现了他 disposition（性情）中的细致。,安排(dispose)处理(disposal)见性情(disposition),dispose of - 处理；解决 | at one's disposal - 由某人支配 | a cheerful disposition - 乐观的性情,"词根 -pos- 其他词：compose, expose, oppose",disposal: n. 处理；支配；清理；安排 | dispose: vt. 处理；处置；安排；使倾向于vi. 处理；安排；（能够）决定；击败；杀死n. 处置；性情 | disposition: n. 处置；[心理] 性情；[军] 部署；倾向
O0539,dispute,1,dispute,0,,1,dispute,D0539,kept,,,,,,,dispute: n. 辩论；争吵；意见不同v. 辩论；对……进行质疑；争夺；抵抗（进攻）
O0540,disregard,1,disregard,0,,1,disregard,D0540,kept,,,,,,,disregard: v. 忽视，无视，不尊重n. 忽视，无视，不尊重
O0541,disrupt,1,disrupt,0,,1,disrupt,D0541,kept,,,,,,,disrupt: vt. 破坏；使瓦解；使分裂；使中断；使陷于混乱adj. 分裂的，中断的；分散的
O0542,dissipate,1,dissipate,0,,1,dissipate,D0542,kept,,,,,,,dissipate: vt. 浪费；使…消散vi. 驱散；放荡
O0543,dissolve,1,dissolve,0,,1,dissolve,D0543,kept,,,,,,,dissolve: vt. 使溶解；使分解；使液化vi. 溶解；解散；消失n. 叠化画面；画面的溶暗
O0544,distance,1,distance,0,,1,distance,D0544,kept,,,,,,,distance: n. 距离；远方；疏远；间隔vt. 疏远；把…远远甩在后面
O0545,distil,1,distil,0,,1,distil,D0545,kept,,,,,,,distil: vi. 蒸馏；提炼；渗出vt. 蒸馏；提取…的精华；使渗出
O0546,distinct,3,"distinct, distinction, distinguish",0,,3,"distinct, distinction, distinguish",D0546,kept,词根 -stingu- = 刺，分开；dis- + stinguere → 区分开,这三个词同源，distinct(清晰的、有区别的)是形容词，distinction(区别、特性)是名词，distinguish(区分)是动词。一起记可掌握词性变化规律。,一个侦探用放大镜仔细观察两枚指纹，它们 distinct（明显不同），他做出了 distinction（区分），从而 distinguish（辨别）出嫌疑人。,明显不同(distinct)是特性，区别(distinction)出来靠区分(distinguish),distinct difference - 明显的差别 | make a distinction - 区分 | distinguish between A and B - 区分A和B,"近义词 different, various 辨析",distinct: adj. 明显的；独特的；清楚的；有区别的 | distinction: n. 区别；差别；特性；荣誉、勋章 | distinguish: vt. 区分；辨别；使杰出，使表现突出vi. 区别，区分；辨别
O0547,distort,1,distort,0,,1,distort,D0547,kept,,,,,,,distort: vt. 扭曲；使失真；曲解vi. 扭曲；变形
O0548,distract,1,distract,0,,1,distract,D0548,kept,,,,,,,distract: vt. 转移；分心
O0549,distress,1,distress,0,,1,distress,D0549,kept,,,,,,,distress: n. 危难，不幸；贫困；悲痛vt. 使悲痛；使贫困
O0550,distribute,2,"distribute, distribution",0,,2,"distribute, distribution",D0550,kept,词根 -tribut- = 给予，分配；dis- 分开 + tribuere → 分给,distribute 动词分配、分发，distribution 名词分配。派生关系简单明了。,邮递员 distribute（分发）信件，街道上的邮箱分布就是 distribution（分布）。,分发(distribute)信件成分布(distribution),distribute... to - 把…分发给 | distribution network - 分销网络,"反义词 collect, gather",distribute: vt. 分配；散布；分开；把…分类 | distribution: n. 分布；分配；供应
O0551,district,1,district,0,,1,district,D0551,kept,,,,,,,district: n. 区域；地方；行政区
O0552,disturbance,1,disturbance,0,,1,disturbance,D0552,kept,,,,,,,disturbance: n. 干扰；骚乱；忧虑
O0553,ditch,1,ditch,0,,1,ditch,D0553,kept,,,,,,,"ditch: n.沟,沟渠,壕沟"
O0554,divert,2,"diversion, divert",0,,2,"diversion, divert",D0554,kept,"di- (=dis-, apart) + vert (turn) → turn aside → 转移；diversion 是名词形式",divert 是动词，表示转移或使欢娱；diversion 是其名词，常用于指分散注意力的事或消遣。,工作电话响起 'divert' 了你的注意力，那个电话本身就是一个 'diversion'。,divert 转移注意力，diversion 是消遣事。,divert attention - 转移注意力 | create a diversion - 制造事端/转移注意力 | traffic diversion - 交通改道,区别 avert (避免) 和 convert (转变),diversion: n. 转移；消遣；分散注意力 | divert: vt. 转移；使…欢娱；使…转向vi. 转移n. (Divert)人名；(法)迪韦尔
O0555,divine,1,divine,0,,1,divine,D0555,kept,,,,,,,divine: adj. 神圣的；非凡的；天赐的；极好的vt. 占卜；预言；用占卜勘探vi. 占卜；预言；使用占卜勘探矿n. 牧师；神学家n. (Divine)人名；(英)迪万
O0556,division,1,division,0,,1,division,D0556,kept,,,,,,,division: n. [数] 除法；部门；分配；分割；师（军队）；赛区
O0557,dock,1,dock,0,,1,dock,D0557,kept,,,,,,,dock: n. 码头；船坞；被告席；尾巴的骨肉部分vt. 使靠码头；剪短vi. 入船坞n. （Dock）程序坞n. （Dock）人名；(老)多；(英、法、瑞典)多克
O0558,doctrine,2,"doctrine, document",3,"doctrinal, documentation, documentary",5,"doctrine, document, doctrinal, documentation, documentary",D0558,kept,doc/doct (教) → doctrine 教义，document 原指教学用的文件,都含词根 doc/doct（教）。doctrine 是被教导的学说，document 是用于证明或记录的文件，两者均与教导相关。,教师在讲台上传授 'doctrine'，同时展示 'document' 作为证据。,doc/doct 教，doctrine 是教义，document 是教学用的文件。,religious doctrine - 宗教教义 | legal doctrine - 法律原则 | official document - 正式文件 | document a case - 记录案件,doctor (博士/医生) 也源于此，表示有学问的人。,doctrine: n. 主义；学说；教义；信条 | document: n. 文件，公文；[计] 文档；证件vt. 记录，记载
O0559,dominate,5,"domain, dome, domestic, dominant, dominate",0,,5,"domain, dome, domestic, dominant, dominate",D0559,kept,dom (房屋，主人) → domain 领地，dome 圆屋顶（房屋顶），domestic 家庭的/国内的，dominant 统治的，dominate 统治,词根 dom 原意“房屋”，引申为“主人、统治”。domain 是领地，dome 是房子的圆顶，domestic 是家庭的，dominant 是占优势的，dominate 是支配。,领主的大房子 ('dome') 就是他的 'domain'，'domestic' 事务由仆人处理，他 'dominant' 地 'dominate' 这片土地。,dom 是屋也是主，domain 领地 dome 屋，domestic 家里主，dominant dominate 都统治。,public domain - 公共领域 | geodesic dome - 测地线圆顶 | domestic violence - 家庭暴力 | dominant role - 主导作用 | dominate the market - 主宰市场,dominion (统治权) 和 dominate 是动词关系。,domain: n. 领域；域名；产业；地产n. (Domain)人名；(英、法)多曼 | dome: n. 圆屋顶vi. 成圆顶状vt. 加圆屋顶于…上n. (Dome)人名；(法)多姆 | domestic: adj. 国内的；家庭的；驯养的；一心只管家务的n. 国货；佣人 | dominant: adj. 显性的；占优势的；支配的，统治的n. 显性 | dominate: vt. 控制；支配；占优势；在…中占主要地位vi. 占优势；处于支配地位
O0560,donate,1,donate,0,,1,donate,D0560,kept,,,,,,,donate: vt. 捐赠；捐献vi. 捐赠；捐献
O0561,donkey,1,donkey,0,,1,donkey,D0561,kept,,,,,,,donkey: n. 驴子；傻瓜；顽固的人
O0562,doom,1,doom,0,,1,doom,D0562,kept,,,,,,,doom: n. 厄运；死亡；判决；世界末日vt. 注定；判决；使失败n. (Doom)人名；(泰)伦
O0563,dormitory,2,"dorm, dormitory",0,,2,"dorm, dormitory",D0563,kept,dorm (睡觉) + -itory (场所) → 睡觉的地方；dorm 是简写,dormitory 是宿舍的全称，dorm 是口语常用简写。,学生宿舍里，大家回到 'dormitory' 睡觉，简称 'dorm'。,dormitory 宿舍长，dorm 简写日常讲。,dormitory room - 宿舍房间 | school dormitory - 学校宿舍 | dorm life - 宿舍生活,dormant (休眠的) 同根,dorm: n. 宿舍（等于dormitory）n. (Dorm)人名；(瑞典)多尔姆 | dormitory: n. 宿舍，学生宿舍adj. 住宅区的
O0564,dose,1,dose,0,,1,dose,D0564,kept,,,,,,,dose: n. 剂量；一剂，一服vi. 服药vt. 给药；给…服药n. (Dose)人名；(德)多泽；(意、西、葡、塞)多塞；(英)多斯
O0565,doubtful,3,"doubtful, doubtless, dubious",0,,3,"doubtful, doubtless, dubious",D0565,kept,doubt (怀疑) + -ful → doubtful；doubt + -less → doubtless；dub (二，犹豫) + -ious → dubious,doubtful 和 dubious 都表示怀疑的、不确定的；doubtless 是反义词，表示无疑的。通过正反对比记忆。,侦探对线索 'doubtful'，助手觉得 'dubious'，但目击者 'doubtless' 地指认了凶手。,doubtful 多疑 dubious 暧昧，doubtless 无疑心里明。,doubtful about - 对…怀疑 | dubious distinction - 可疑的荣誉 | doubtless true - 无疑是真的,区分 dubious 和 suspicious (怀疑的，但常暗示犯罪嫌疑),doubtful: adj. 可疑的；令人生疑的；疑心的；不能确定的 | doubtless: adv. 无疑地，肯定地；大概adj. 无疑的，确定的 | dubious: adj. 可疑的；暧昧的；无把握的；半信半疑的
O0566,downstairs,1,downstairs,0,,1,downstairs,D0566,kept,,,,,,,downstairs: adv. 在楼下adj. 楼下的n. 楼下
O0567,dragon,1,dragon,0,,1,dragon,D0567,kept,,,,,,,dragon: n. 龙；（大型）蜥蜴；凶恶的人；严厉而有警觉性的女人n. （Dragon）（匈）德劳贡；（英、法、芬、罗、匈）德拉贡（人名）
O0568,drain,2,"drain, drainage",0,,2,"drain, drainage",D0568,kept,drain (排水) + -age (名词后缀，表集合或过程) → drainage 排水系统/过程,drain 既是名词（排水沟）也是动词（排水），drainage 指排水系统或排水过程。,下雨时，水通过 'drain' 流走，整个城市靠良好的 'drainage' 防止积水。,drain 排水沟或排水，drainage 系统排得清。,brain drain - 人才流失 | drain pipe - 排水管 | drainage system - 排水系统 | drainage basin - 流域,区分 drown (溺水),"drain: n.排水沟,消耗,排水vt.排出沟外,喝干,耗尽vi.排水,流干 | drainage: n. 排水；排水系统；污水；排水面积"
O0569,drama,3,"drama, dramatic, dramatization",0,,3,"drama, dramatic, dramatization",D0569,kept,drama + -tic (形容词) → dramatic；dramatize + -ation → dramatization,drama 是戏剧，dramatic 是戏剧的/剧烈的，dramatization 是改编成戏剧。,一部 'drama' 被 'dramatization' 成电影，产生了 'dramatic' 效果。,drama 戏剧看剧情，dramatic 夸张又激动，dramatization 是改编。,drama series - 电视剧 | dramatic change - 剧变 | stage dramatization - 舞台改编,区分 dramatic 和 drastic (激烈的，极端的),drama: n. 戏剧，戏剧艺术；剧本；戏剧性事件n. (Drama)人名；(刚(金))德拉马 | dramatic: adj. 巨大的；急剧的；引人注目的；令人激动的；戏剧的 | dramatization: n. 编剧；改编成戏剧
O0570,drastic,1,drastic,0,,1,drastic,D0570,kept,,,,,,,drastic: adj. 激烈的；猛烈的n. 烈性泻药
O0571,drawback,1,drawback,0,,1,drawback,D0571,kept,,,,,,,drawback: n. 缺点，不利条件；退税
O0572,dread,1,dread,0,,1,dread,D0572,kept,,,,,,,dread: v. 惧怕，担心；敬畏n. 恐惧，可怕的人（或物）；（鸟群的）惊飞，惊起；将头发编成“骇人”发型的人adj. 可怕的；令人敬畏的
O0573,drift,1,drift,0,,1,drift,D0573,kept,,,,,,,drift: n. 漂流，漂移；趋势；漂流物vi. 漂流，漂移；漂泊vt. 使…漂流；使…受风吹积
O0574,drip,1,drip,0,,1,drip,D0574,kept,,,,,,,drip: n.水滴v.(使)滴下
O0575,drought,1,drought,0,,1,drought,D0575,kept,,,,,,,drought: n. 干旱；缺乏n. (Drought)人名；(英)德劳特
O0576,dual,2,"dual, duplicate",0,,2,"dual, duplicate",D0576,kept,du- (二) + -al → dual 双的；du- + plic (折叠) + -ate → duplicate 复制,都含 du- 表示“二”。dual 是双重的，duplicate 是复制品或使加倍。,机器拥有 'dual' 功能，还能 'duplicate' 文件。,du- 二，dual 双，duplicate 复制成双。,dual nationality - 双重国籍 | duplicate copy - 副本 | in duplicate - 一式两份,"联想 duplex (双层的), duet (二重唱)",dual: adj. 双的；双重的n. 双数；双数词vt. 把……改为双幅车道n. （Dual）（法）迪阿尔（人名） | duplicate: vt. 复制；使加倍n. 副本；复制品adj. 复制的；二重的vi. 复制；重复
O0577,dumb,1,dumb,0,,1,dumb,D0577,kept,,,,,,,dumb: adj. 哑的，无说话能力的；不说话的，无声音的
O0578,dump,1,dump,0,,1,dump,D0578,kept,,,,,,,"dump: vt.倾倒(垃圾),倾卸n.堆存处"
O0579,durable,2,"durable, duration",0,,2,"durable, duration",D0579,kept,dur (持久) + -able → durable 耐用的；dur + -ation → duration 持续的时间,都含词根 dur (持续)。durable 指能持续很久的，duration 指持续的时间段。,电池的 'duration' 很长，非常 'durable'。,dur 持续，durable 耐用的，duration 时间段。,durable goods - 耐用品 | duration of stay - 停留时间 | for the duration - 在整个期间,endure (忍耐) 也来自 dur,durable: adj. 耐用的，持久的n. 耐用品 | duration: n. 持续，持续的时间，期间；音长，音延
O0580,dwell,2,"dwell, dwelling",0,,2,"dwell, dwelling",D0580,kept,整体记忆。dwell居住，dwelling住处。,动词和名词，同词族。,他居住（dwell）在一处简陋的住处（dwelling）里。,dwell居住的地方叫dwelling。,dwell in a city - 居住在城市 | humble dwelling - 简陋的住处,"同义词：reside, residence",dwell: vi. 居住；存在于；细想某事 | dwelling: n. 住处；寓所v. 居住（dwell的现在分词）
O0581,dye,1,dye,0,,1,dye,D0581,kept,,,,,,,dye: n. 染料；染色v. 染；把……染上颜色；被染色n. (Dye) （美、法）戴伊（人名）
O0582,dying,1,dying,0,,1,dying,D0582,kept,,,,,,,dying: adj.垂死的
O0583,earnest,1,earnest,0,,1,earnest,D0583,kept,,,,,,,earnest: adj. 认真的，热心的；重要的n. 认真；定金；诚挚n. (Earnest)人名；(英)欧内斯特
O0584,earnings,1,earnings,0,,1,earnings,D0584,kept,,,,,,,earnings: n. 收入
O0585,eccentric,1,eccentric,0,,1,eccentric,D0585,kept,,,,,,,eccentric: adj. 古怪的，反常的n. 古怪的人
O0586,echo,1,echo,0,,1,echo,D0586,kept,,,,,,,echo: vt. 反射；重复vi. 随声附和；发出回声n. 回音；效仿
O0587,eclipse,1,eclipse,0,,1,eclipse,D0587,kept,,,,,,,"eclipse: n.食,日蚀,月蚀,蒙蔽,衰落vt.引起日蚀,引起月蚀,超越,使黯然失色"
O0588,ecology,1,ecology,0,,1,ecology,D0588,kept,,,,,,,ecology: n. 生态学；社会生态学
O0589,economy,4,"economic, economical, economics, economy",0,,4,"economic, economical, economics, economy",D0589,kept,词根econom-，源自希腊语oikonomia（家政管理），引申为经济、节约。,这四个词同根，都与“经济、节约”相关，需辨析economic（经济的）和economical（节约的）的区别。,想象一个精打细算的家庭主妇管理家庭预算，这就是economy的本源，既涉及经济大局，又强调节约。,经济要节约，economic形容词指经济，economical才节约。,economic growth - 经济增长 | economical car - 省油车 | market economy - 市场经济 | economics course - 经济学课程,注意economic和economical的用法区别：economic指与经济有关的，economical指节约的、合算的。,economic: adj. 经济的，经济上的；经济学的 | economical: adj. 经济的；节约的；合算的 | economics: n. 经济学；国家的经济状况 | economy: n. 经济；节约；理财n. (Economy)人名；(英)伊科诺米
O0590,edible,1,edible,0,,1,edible,D0590,kept,,,,,,,edible: adj. 可食用的n. 食品；食物
O0591,edit,2,"edit, editorial",0,,2,"edit, editorial",D0591,kept,词根edit-出版，源于拉丁语edere（给出，出版），e-出，dit给。,edit编辑，editorial编辑的/社论。,一位编辑在编辑（edit）报纸，然后写社论（editorial）。,编辑edit写社论editorial。,edit a document - 编辑文件 | editorial staff - 编辑部,editor（编辑），edition（版本）,edit: vt. 编辑；校订n. 编辑工作n. (Edit)人名；(罗、匈)埃迪特 | editorial: adj. 编辑的，主编的；社论的n. （报刊）社论，（美国电台）评论
O0592,educate,2,"educate, education",0,,2,"educate, education",D0592,kept,词根duc-引导，e-出，引导出来→教育。,教育动词和名词，同源派生。,老师把学生从无知中引导出来，就是教育。,教育引导出人才。,educate children - 教育孩子 | higher education - 高等教育,同根词induce（诱导）、produce（生产）等,educate: vt. 教育；培养；训练vi. 教育；训练 | education: n. 教育；培养；教育学
O0593,effective,3,"effective, efficiency, efficient",0,,3,"effective, efficiency, efficient",D0593,kept,ef-出，fect/fic做，effect效果，efficient效率。同源词根，后缀不同导致意义侧重：effective强调效果，efficient强调效率。,这三个词都表示“有效”，effective指实际产生效果的，efficient指高效不浪费的。,一个机器既能有效工作（effective），又省电高效（efficient），这就是效率（efficiency）。,有效果（effective）又高效（efficient），效率（efficiency）高。,effective measures - 有效措施 | energy efficiency - 能效 | efficient worker - 高效的工人,辨析effective和efficient，常搭配使用,effective: adj. 有效的，起作用的；实际的，实在的；给人深刻印象 | efficiency: n. 效率；效能；功效 | efficient: adj. 有效率的；有能力的；生效的
O0594,ego,1,ego,0,,1,ego,D0594,kept,,,,,,,ego: n. 自我；自负；自我意识n. (Ego)人名；(日)依怙 (姓)；(法)埃戈
O0595,eject,1,eject,0,,1,eject,D0595,kept,,,,,,,eject: vt. 喷射；驱逐，逐出
O0596,elaborate,1,elaborate,0,,1,elaborate,D0596,kept,,,,,,,elaborate: adj. 精心制作的；详尽的；煞费苦心的vt. 精心制作；详细阐述；从简单成分合成（复杂有机物）vi. 详细描述；变复杂
O0597,elapse,1,elapse,0,,1,elapse,D0597,kept,,,,,,,elapse: vi. 消逝；时间过去n. 流逝；时间的过去
O0598,elastic,1,elastic,0,,1,elastic,D0598,kept,,,,,,,elastic: adj. 有弹性的；灵活的；易伸缩的n. 松紧带；橡皮圈
O0599,elbow,1,elbow,0,,1,elbow,D0599,kept,,,,,,,elbow: n. 肘部；弯头；扶手vt. 推挤；用手肘推开
O0600,elderly,1,elderly,0,,1,elderly,D0600,kept,,,,,,,elderly: adj. 上了年纪的；过了中年的；稍老的
O0601,election,1,election,0,,1,election,D0601,kept,,,,,,,election: n. 选举；当选；选择权；上帝的选拔
O0602,electricity,5,"electrical, electrician, electricity, electron, electronics",0,,5,"electrical, electrician, electricity, electron, electronics",D0602,kept,词根electr-电，源自希腊语elektron（琥珀），因摩擦琥珀生电而得名。,与电相关的一组词：电力、电气的、电工、电子、电子学。,想象闪电击中一棵树，产生电力（electricity），电工（electrician）来修理电气设备（electrical），电子（electron）在其中流动，构成了电子学（electronics）。,电的家族：electricity电力，electrical电气的，electrician电工，electron电子，electronics电子学。,electricity bill - 电费 | electrical engineer - 电气工程师 | electron microscope - 电子显微镜 | electronics industry - 电子工业,electronic（电子的）区别于electric（电的，电动的）,electrical: adj. 有关电的；电气科学的 | electrician: n. 电工；电气技师 | electricity: n. 电力；电流；强烈的紧张情绪 | electron: n. 电子 | electronics: n. 电子学；电子工业
O0603,element,2,"element, elementary",0,,2,"element, elementary",D0603,kept,词根element-元素，基本成分。,element元素，基本要素；elementary基本的，初级的。,化学元素周期表里的每一个元素（element）都是构成物质的基本单元，所以初级的（elementary）知识就是从元素学起。,元素是基本，elementary初级的。,chemical element - 化学元素 | elementary school - 小学,"进一步同义词：primary, fundamental",element: n. 元素；要素；原理；成分；自然环境n. (Element)人名；(德)埃勒门特；(英)埃利门特 | elementary: adj. 基本的；初级的；[化学] 元素的
O0604,elevate,2,"elevate, elevator",0,,2,"elevate, elevator",D0604,kept,词根lev-轻，升起，e-出，向外升起→提升。,elevate提升，elevator升降机/电梯。,想像一座电梯（elevator）将你提升（elevate）到顶层。,电梯elevator提升elevate你。,elevate confidence - 提升信心 | take the elevator - 乘电梯,levitate（悬浮），relieve（减轻）,elevate: vt. 提升；举起；振奋情绪等；提升…的职位 | elevator: n. 电梯；升降机；升降舵；起卸机
O0605,eleventh,1,eleventh,0,,1,eleventh,D0605,kept,,,,,,,eleventh: num. 第十一；十一和弦adj. 第十一（个）的n. 十一分之一
O0606,elicit,1,elicit,0,,1,elicit,D0606,kept,,,,,,,elicit: vt. 抽出，引出；引起
O0607,eligible,1,eligible,0,,1,eligible,D0607,kept,,,,,,,eligible: adj. 合格的，合适的；符合条件的；有资格当选的n. 合格者；适任者；有资格者
O0608,eliminate,2,"eliminate, elimination",0,,2,"eliminate, elimination",D0608,kept,e- (出) + limin (门槛) + -ate (动词后缀)；把...扔出门槛 → 消除,eliminate 动词，elimination 名词，一个动作一个结果,想象把垃圾扔出门外消除。,e（出）+ limit（限制）？谐音：一里没内特 → 消除,eliminate poverty - 消除贫困 | elimination round - 淘汰赛,"对比: eradicate, remove",eliminate: vt. 消除；排除 | elimination: n. 消除；淘汰；除去
O0609,elite,1,elite,0,,1,elite,D0609,kept,,,,,,,elite: n. 精英；精华；中坚分子
O0610,eloquent,1,eloquent,0,,1,eloquent,D0610,kept,,,,,,,eloquent: adj. 意味深长的；雄辩的，有口才的；有说服力的；动人的
O0611,elsewhere,1,elsewhere,0,,1,elsewhere,D0611,kept,,,,,,,elsewhere: adv. 在别处；到别处
O0612,embark,1,embark,0,,1,embark,D0612,kept,,,,,,,embark: v. 上船（或飞机）；（使）上船（或登记）；从事
O0613,embarrass,1,embarrass,0,,1,embarrass,D0613,kept,,,,,,,embarrass: v. （尤指在社交场合）使窘迫，使尴尬；使困惑；使为难；使复杂化；陷入经济困难；妨碍（人、移动、行动）
O0614,en-/em- make into,5,"embed, embody, enable, ensure, entitle",0,,5,"embed, embody, enable, ensure, entitle",D0614,split_large_group,"en-/em- = make into, put into",都表示'使成为/放入某种状态'，适合做成一个使动前缀画面。,想象魔法棒一点，able 就变成 enable(使能够)，large 变成 enlarge(扩大)…,en- 前缀像‘赋予’：给 able→使能够，给 rich→使富裕，给 sure→使确保,enable feature - 启用功能 | enlarge photo - 放大照片 | enrich experience - 丰富经验 | enforce law - 执法 | ensure safety - 确保安全 | enlighten students - 启发学生 | entitle to - 给...权利 | enroll in course - 注册课程 | embody spirit - 体现精神 | embed video - 嵌入视频,"encourage, endanger, empower",embed: vt. 栽种；使嵌入，使插入；使深留脑中 | embody: vt. 体现，使具体化；具体表达n. (Embody)人名；(英)恩博迪 | enable: v. 使能够；使成为可能；授予权利或方法；（计算机）启动 | ensure: vt. 保证，确保；使安全 | entitle: v. 给（某人）权利（或资格）；给……题名；称呼
O0615,embrace,1,embrace,0,,1,embrace,D0615,kept,,,,,,,embrace: vt. 拥抱；欣然采纳；信奉；包含vi. 拥抱n. 拥抱；采纳
O0616,emerge,1,emerge,0,,1,emerge,D0616,kept,,,,,,,emerge: vi. 浮现；摆脱；暴露
O0617,emit,1,emit,0,,1,emit,D0617,kept,,,,,,,emit: vt. 发出，放射；发行；发表
O0618,emotion,2,"emotion, emotional",0,,2,"emotion, emotional",D0618,kept,e- (出) + mot (移动) + -ion → 内心流露出的东西 → 情绪,emotion 名词，emotional 形容词,情绪波动就像内心有什么在移动。,e出 mot动 ion名 → 情绪激动,express emotion - 表达情感 | emotional support - 情感支持,"mood, feeling",emotion: n. 情感；情绪 | emotional: adj. 情绪的；易激动的；感动人的
O0619,emphasis,2,"emphasis, emphasize",0,,2,"emphasis, emphasize",D0619,kept,em- (入) + pha (显示) + -sis → 重点显示 → 强调,emphasis 名词，emphasize 动词,用荧光笔重点显示文本。,emphasize = em+pha+size，重点尺寸放大,place emphasis on - 强调 | emphasize the importance - 强调重要性,"stress, highlight",emphasis: n. 重点；强调；加强语气 | emphasize: vt. 强调，着重
O0620,empirical,1,empirical,0,,1,empirical,D0620,kept,,,,,,,empirical: adj. 经验主义的，完全根据经验的；实证的
O0621,employ (词根),3,"employee, employer, employment",0,,3,"employee, employer, employment",D0621,kept,em- (入) + ploy (折叠) → 卷入使用 → 雇佣,employee 雇员，employer 雇主，employment 雇佣/就业,老板(employer)把雇员(employee)卷入(ploy)工作。,employ 雇佣，ee 表示被...的人，er 表示主动者,employee benefits - 员工福利 | employer brand - 雇主品牌 | employment rate - 就业率,"unemployment, hire",employee: n. 雇员；从业员工 | employer: n. 雇主，老板 | employment: n. 使用；职业；雇用
O0622,enclose,2,"enclose, enclosure",0,,2,"enclose, enclosure",D0622,kept,en- (使) + close (关) → 关在里面 → 围住/附上,enclose 动词，enclosure 名词,把信装入信封封好。,en+close = 使关闭 → 围起来 → 附件,enclose a document - 附上文件 | enclosure movement - 圈地运动,"attach, fence",enclose: vt. 围绕；装入；放入封套 | enclosure: n. 附件；围墙；围场
O0623,encounter,1,encounter,0,,1,encounter,D0623,kept,,,,,,,encounter: v. 遭遇；邂逅；遇到n. 遭遇；偶然碰见
O0624,endeavor,1,endeavor,0,,1,endeavor,D0624,kept,,,,,,,endeavor: n. 努力；尽力（等于 endeavour）vi. 努力；尽力（等于 endeavour）vt. 努力；尽力（等于 endeavour）
O0625,endow,1,endow,0,,1,endow,D0625,kept,,,,,,,endow: vt. 赋予；捐赠；天生具有
O0626,endure,2,"endurance, endure",0,,2,"endurance, endure",D0626,kept,en- (使) + dure (持久) → 使持久 → 忍耐,endure 动词，endurance 名词,马拉松选手忍耐持久。,en+dure（during 期间）→ 持久忍耐,endure pain - 忍受痛苦 | endurance training - 耐力训练,"tolerate, bear",endurance: n. 忍耐力；耐久性；持续时间 | endure: vt. 忍耐；容忍vi. 忍耐；持续
O0627,energetic,1,energetic,0,,1,energetic,D0627,kept,,,,,,,energetic: adj. 精力充沛的；积极的；有力的
O0628,en- intensify or apply,5,"enforce, enlarge, enlighten, enrich, enroll",0,,5,"enforce, enlarge, enlighten, enrich, enroll",D0614,split_large_group,en- = make stronger/larger/brighter/richer or put on a roll,都能画成'给对象加上一层力量/光/财富/名单'的动作。,想象魔法棒一点，able 就变成 enable(使能够)，large 变成 enlarge(扩大)…,en- 前缀像‘赋予’：给 able→使能够，给 rich→使富裕，给 sure→使确保,enable feature - 启用功能 | enlarge photo - 放大照片 | enrich experience - 丰富经验 | enforce law - 执法 | ensure safety - 确保安全 | enlighten students - 启发学生 | entitle to - 给...权利 | enroll in course - 注册课程 | embody spirit - 体现精神 | embed video - 嵌入视频,"encourage, endanger, empower",enforce: vt. 实施，执行；强迫，强制 | enlarge: vi. 扩大；放大；详述vt. 扩大；使增大；扩展 | enlighten: vt. 启发，启蒙；教导，开导；照耀 | enrich: vt. 使充实；使肥沃；使富足n. (Enrich)人名；(西)恩里奇 | enroll: vt. 登记；使加入；把...记入名册；使入伍vi. 参加；登记；注册；记入名册
O0629,engage,2,"engage, engagement",0,,2,"engage, engagement",D0628,kept,en- (使) + gage (誓言/抵押) → 使承诺 → 参与/订婚,engage 动词，engagement 名词；多义：参与；订婚；交战,他们订婚(engage)后积极投入(engage)婚礼准备。,en+gage (抵押) → 把自由抵押 → 订婚/参与,engage in - 从事 | engagement ring - 订婚戒指 | employee engagement - 员工敬业度,"participate, involve",engage: vt. 吸引，占用；使参加；雇佣；使订婚；预定；攻击，与……开战；使啮合vi. 从事；参与；答应，保证 | engagement: n. 婚约；约会；交战；诺言；进场（游戏术语）n. 参与度（指用户点赞、转发、评论、下载文档、观看视频、咨询等交互行为）
O0630,engineering,1,engineering,0,,1,engineering,D0629,kept,,,,,,,engineering: n. 工程，工程学v. 设计；管理（engineer的ing形式）；建造
O0631,enhance,1,enhance,0,,1,enhance,D0630,kept,,,,,,,enhance: vt. 提高；加强；增加
O0632,enormous,1,enormous,0,,1,enormous,D0631,kept,,,,,,,enormous: adj. 庞大的，巨大的；凶暴的，极恶的
O0633,ensue,1,ensue,0,,1,ensue,D0632,kept,,,,,,,ensue: v. 接着发生，因而发生；追求
O0634,entail,1,entail,0,,1,entail,D0633,kept,,,,,,,entail: vt. 使需要，必需；承担；遗传给；蕴含n. 引起；需要；继承
O0635,enter,3,"enterprise, entrance, entrepreneur",0,,3,"enterprise, entrance, entrepreneur",D0634,kept,enter 进入；prise 抓取，enterprise原义为进去抓取，即事业；neur=ner，表示人，entrepreneur 进入中间的人，即企业家；entrance 进入的地方,这三个词都与‘进入’有关。enterprise指进去冒险抓取，引申为企业、事业；entrepreneur指进入中间办理事务的人，即企业家；entrance指入口。,一个企业家(entrepreneur)从入口(entrance)走进他的企业(enterprise)。,进入(enter)抓取(prise)是事业，进入的人(neur)是企业家，进入的地方是入口(entrance),start an enterprise - 创办企业 | entrepreneur spirit - 企业家精神 | main entrance - 正门,enterprise也指‘进取心’，名词；entrance作动词可指‘使着迷’，与‘进入’无关,enterprise: n. 企业；事业；进取心；事业心 | entrance: n. 入口；进入vt. 使出神，使入迷 | entrepreneur: n. 企业家；承包人；主办者
O0636,entertain,2,"entertain, entertainment",0,,2,"entertain, entertainment",D0635,kept,tain 拿住，保持；enter- 进入，原义为进入并保持（客人），引申为招待、娱乐,entertainment是entertain的名词形式，表示娱乐活动或款待。,想象举办派对，进入房间招待客人，为他们提供娱乐。,进入保持(entertain)就是招待，招待的东西就是娱乐(entertainment),entertain guests - 招待客人 | entertainment industry - 娱乐产业,注意entertain还有‘怀抱想法’之意,entertain: vt. 娱乐；招待；怀抱；容纳vi. 款待 | entertainment: n. 娱乐；消遣；款待
O0637,enthusiasm,2,"enthusiasm, enthusiastic",0,,2,"enthusiasm, enthusiastic",D0636,kept,enthus 来源于希腊语‘神附体’，-iasm 名词后缀；-astic 形容词后缀,enthusiastic是enthusiasm的形容词，表示充满热情的。,想象一个人被神附体，极度兴奋热情。,热心(enthusiasm)的人很热情(enthusiastic),show enthusiasm - 表现出热情 | enthusiastic about - 对…热心,注意拼写，不要漏掉中间的u,enthusiasm: n. 热心，热忱，热情 | enthusiastic: adj. 热情的；热心的；狂热的
O0638,entity,1,entity,0,,1,entity,D0637,kept,,,,,,,entity: n. 实体；存在
O0639,environment,1,environment,0,,1,environment,D0638,kept,,,,,,,environment: n. 环境，外界
O0640,envisage,1,envisage,0,,1,envisage,D0639,kept,,,,,,,envisage: v. 设想，想像；正视，面对
O0641,episode,1,episode,0,,1,episode,D0640,kept,,,,,,,episode: n. 一段经历；插曲；一段情节；（电视连续剧或广播的）一集；插话；有趣的事件
O0642,epoch,2,"epoch, era",0,,2,"epoch, era",D0641,kept,无共词根，但为同义词，epoch较正式，指新纪元；era指时代,epoch和era都表示时代、时期，可一起记忆。,想象历史时间轴，一个大刻度为epoch，一个阶段为era。,时代：epoch更重大，era更常用,new epoch - 新纪元 | modern era - 现代,注意epoch可特指地质世,epoch: n. [地质] 世；新纪元；新时代；时间上的一点 | era: n. 时代；年代；纪元n. (Era)人名；(意、芬、印)埃拉
O0643,equal,5,"equality, equation, equator, equilibrium, equivalent",0,,5,"equality, equation, equator, equilibrium, equivalent",D0642,kept,"equ, equi 表示‘相等’；-ality 名词；-ation 名词；-ator 名词，赤道平分地球；-librium 平衡；-valent 价值",这些词都含有‘相等’的概念。equality平等；equation等式；equator赤道（将地球均分）；equilibrium均衡；equivalent等价的。,想象天平两边完全相等，中心点是赤道，两边是平等，等式，等价值，达到平衡。,相等(equ)的字族：平等(equality)、等式(equation)、赤道(equator)、平衡(equilibrium)、等价(equivalent),racial equality - 种族平等 | mathematical equation - 数学方程式 | the equator - 赤道 | maintain equilibrium - 保持平衡 | equivalent to - 相当于,equal本身是基础词，也要记住,equality: n. 平等；相等；[数] 等式 | equation: n. 方程式，等式；相等；[化学] 反应式 | equator: n. 赤道 | equilibrium: n. 均衡；平静；保持平衡的能力 | equivalent: adj. （在价值、数量等方面）相等的；等价的；等效的；等量的；同意义的n. 对等的人（或事物）；当量
O0644,equipment,1,equipment,0,,1,equipment,D0643,kept,,,,,,,equipment: n. 设备，装备；器材
O0645,erect,1,erect,0,,1,erect,D0644,kept,,,,,,,erect: adj. 竖立的，笔直的；因性刺激而勃起的；（毛发）竖起的v. （使）竖立；建造；创立；安装；勃起
O0646,erosion,1,erosion,0,,1,erosion,D0645,kept,,,,,,,erosion: n. 侵蚀，腐蚀
O0647,erroneous,1,erroneous,0,,1,erroneous,D0646,kept,,,,,,,erroneous: adj. 错误的；不正确的
O0648,erupt,1,erupt,0,,1,erupt,D0647,kept,,,,,,,erupt: vi. 爆发；喷出；发疹；长牙vt. 爆发；喷出
O0649,escort,1,escort,0,,1,escort,D0648,kept,,,,,,,escort: n. 陪同；护航舰；护卫队；护送者vt. 护送；陪同；为…护航
O0650,essence,2,"essence, essential",0,,2,"essence, essential",D0649,kept,ess 存在，ence 名词；ential 形容词后缀,essential是essence的形容词，表示本质的，必要的。,想象提炼精油，精油是植物的本质(essence)，是必不可少的(essential)。,本质(essence)的东西是必要的(essential),in essence - 本质上 | essential oil - 精油 | essential for - 对…必不可少,注意essential也可作名词，常用复数essentials表示必需品,essence: n. 本质，实质；精华；香精n. (Essence)人名；(英)埃森丝 | essential: adj. 基本的；必要的；本质的；精华的n. 本质；要素；要点；必需品
O0651,establish,3,"establish, establishment, estate",0,,3,"establish, establishment, estate",D0650,kept,e- 加强；sta 站立；-lish 使；-ment 名词；estate 来源于e- + state，原义为建立起来的状态，即产业,establish建立；establishment建立物，机构；estate建立起来的不动产，财产。三者都与‘建立’有关。,建立(establish)一个机构(establishment)后拥有了一片房产(estate)。,建立(establish)起来的名词是机构(establishment)和产业(estate),establish a company - 建立公司 | educational establishment - 教育机构 | real estate - 房地产,注意establishment也指当权派,establish: v. 建立，创立；确立；获得接受；查实，证实 | establishment: n. 确立，制定；公司；设施 | estate: n. 房地产；财产；身份
O0652,esthetic,1,esthetic,0,,1,esthetic,D0651,kept,,,,,,,esthetic: adj. 审美的（等于aesthetic）；感觉的n. 美学；审美家；唯美主义者
O0653,estimate,1,estimate,0,,1,estimate,D0652,kept,,,,,,,estimate: n. 估计，估价；判断，看法v. 估计，估量；判断，评价
O0654,eternal,1,eternal,0,,1,eternal,D0653,kept,,,,,,,eternal: adj. 永恒的；不朽的
O0655,ethics,1,ethics,0,,1,ethics,D0654,kept,,,,,,,ethics: n. 伦理学；伦理观；道德标准
O0656,ethnic,1,ethnic,0,,1,ethnic,D0655,kept,,,,,,,ethnic: adj. 种族的；人种的
O0657,evaluate,1,evaluate,0,,1,evaluate,D0656,kept,,,,,,,evaluate: vt. 评价；估价；求…的值vi. 评价；估价
O0658,evaporate,1,evaporate,0,,1,evaporate,D0657,kept,,,,,,,evaporate: vt. 使……蒸发；使……脱水；使……消失vi. 蒸发，挥发；消失，失踪
O0659,eve,1,eve,0,,1,eve,D0658,kept,,,,,,,eve: n. 夏娃； 前夕；傍晚；重大事件关头
O0660,everybody,1,everybody,0,,1,everybody,D0659,kept,,,,,,,everybody: pron. 每个人，人人
O0661,evidence,1,evidence,0,,1,evidence,D0660,kept,,,,,,,evidence: n. 证据，证明；迹象；明显vt. 证明
O0662,evil,1,evil,0,,1,evil,D0661,kept,,,,,,,evil: adj. 邪恶的；不幸的；有害的；讨厌的n. 罪恶，邪恶；不幸
O0663,evoke,1,evoke,0,,1,evoke,D0662,kept,,,,,,,evoke: vt. 引起，唤起；博得
O0664,evolve,2,"evolution, evolve",0,,2,"evolution, evolve",D0663,kept,"volve = roll, turn (滚动，转)",源自拉丁语 'evolvere' (展开，转出来)。evolve (v. 进化，发展) → evolution (n. 进化，演变)。,生物进化 (evolution) 是物种慢慢演变 (evolve) 的漫长过程。,volve滚动发展，evolve进化evolution论。,evolve into——进化成 | theory of evolution——进化论,"联想 revolve (旋转), involve (卷入)，都有 volve 词根",evolution: n. 演变；进化论；进展 | evolve: vt. 发展；进化；使逐步形成；推断出vi. 发展，进展；进化；逐步形成
O0665,exaggerate,1,exaggerate,0,,1,exaggerate,D0664,kept,,,,,,,exaggerate: vt. 使扩大；使增大vi. 夸大；夸张
O0666,examination,1,examination,0,,1,examination,D0665,kept,,,,,,,examination: n. 考试；检查；查问
O0667,exceed,4,"exceed, exceedingly, excess, excessive",0,,4,"exceed, exceedingly, excess, excessive",D0666,kept,ceed/cess = go (走),均源自拉丁语 'cedere' (走)。exceed (超过) → exceedingly (极其，adv.) → excess (过度，n.) → excessive (过度的，adj.)。,司机超速 (exceed the speed limit)，引发过度 (excessive) 麻烦，极度 (exceedingly) 后悔。,ceed走过头是超过，cess过度就过分。,exceed the speed limit——超速 | to excess——过度地 | excessive drinking——酗酒,对比 excel (优秀)，拼写相近但意义不同,exceed: vt. 超过；胜过vi. 超过其他 | exceedingly: adv. 非常；极其；极度地；极端 | excess: n. 超过，超额；过度，过量；无节制adj. 额外的，过量的；附加的 | excessive: adj. 过多的，极度的；过分的
O0668,exception,2,"exception, exceptional",0,,2,"exception, exceptional",D0667,kept,cept = take (拿),源自拉丁语 'excipere' (拿出)。exception (例外，拿出去的事物) → exceptional (异常的，例外的)。,规则之外“拿出去”的条款就是 exception，这种特例常是 exceptional（非凡的）。,拿出去就是例外，例外的学生很优秀。,with the exception of——除…外 | exceptional case——特例 | exceptional student——超常学生,联想 accept (接受，ac+cept 拿进来)，反义参照,exception: n. 例外；异议 | exceptional: adj. 异常的，例外的n. 超常的学生
O0669,excite,2,"excite, exciting",0,,2,"excite, exciting",D0668,kept,"cit = call, stir (唤起)",excite (v. 使兴奋) 的现在分词 exciting (adj. 令人兴奋的)。动词与形容词紧密关联。,一条激动人心的消息 (exciting news) 能让所有人兴奋 (excite everyone)。,cit呼唤内心激动，excite动词exciting形。,be excited about——对…兴奋 | an exciting adventure——激动人心的冒险,区分 exciting (令人兴奋) 与 excited (感到兴奋),excite: v. 使兴奋；刺激，使紧张不安；激起，引发；激发，激励；激发（性欲）；使……活动 | exciting: adj. 令人兴奋的；使人激动的v. 激动；刺激（excite的ing形式）；唤起
O0670,exclaim,1,exclaim,0,,1,exclaim,D0669,kept,,,,,,,exclaim: vi. 呼喊，惊叫；大声叫嚷vt. 大声说出
O0671,exclude,3,"exclude, exclusive, exclusively",0,,3,"exclude, exclusive, exclusively",D0670,kept,clude/clus = shut (关闭),均源自拉丁语 'claudere' (关闭)。exclude (排斥在外) → exclusive (排外的，独有的) → exclusively (专有地)。,高级俱乐部将普通人排除 (exclude)，只为专属 (exclusive) 会员专有 (exclusively) 服务。,clude关闭排外，exclusive独家exclusively专有。,exclude sb from——排斥某人 | an exclusive interview——独家采访 | exclusively for——专为…,对比 include (包括) 为反义,exclude: vt. 排除；排斥；拒绝接纳；逐出 | exclusive: adj. 独有的；排外的；专一的n. 独家新闻；独家经营的项目；排外者 | exclusively: adv. 唯一地，专有地，排外地；作为唯一的（消息）来源
O0672,excursion,1,excursion,0,,1,excursion,D0671,kept,,,,,,,excursion: n. 偏移；远足；短程旅行；离题；游览，游览团
O0673,execute,3,"execute, execution, executive",0,,3,"execute, execution, executive",D0672,kept,secut/sequ = follow (跟随),源自拉丁语 'exsequi' (跟随到底，执行)。execute (v. 执行; 处死) → execution (n.) → executive (adj./n. 行政的; 高管)。,CEO (executive) 下达命令，下属执行 (execute)，整个过程叫 execution。,跟着做就是执行，CEO是executive。,execute a plan——执行计划 | carry out an execution——执行死刑 | chief executive——首席执行官,注意 executive 作形容词时表示“行政的”，作名词指“高管”,execute: vt. 实行；执行；处死 | execution: n. 执行，实行；完成；死刑 | executive: adj. 经营管理的；有执行权的；高级的；供重要人物使用的n. 主管；行政领导；（政府的）行政部门；执行委员会
O0674,exemplify,1,exemplify,0,,1,exemplify,D0673,kept,,,,,,,exemplify: vt. 例证；例示
O0675,exempt,1,exempt,0,,1,exempt,D0674,kept,,,,,,,exempt: adj. 被免除（责任或义务）的，获豁免的v. 免除，豁免n. 被免除义务者（尤指被免税者）
O0676,exercise,1,exercise,0,,1,exercise,D0675,kept,,,,,,,exercise: n. 运动；练习；运用；操练；礼拜；典礼vt. 锻炼；练习；使用；使忙碌；使惊恐vi. 运动；练习
O0677,exert,1,exert,0,,1,exert,D0676,kept,,,,,,,exert: vt. 运用，发挥；施以影响
O0678,exhaust,1,exhaust,0,,1,exhaust,D0677,kept,,,,,,,exhaust: v. 使精疲力尽；耗尽；彻底探讨；排出（气体）n. 废气；排气管
O0679,exhibit,2,"exhibit, exhibition",0,,2,"exhibit, exhibition",D0678,kept,hibit = hold (持有),源自拉丁语 'exhibere' (拿出，呈现)。exhibit (v/n 展出，展品) → exhibition (n. 展览会)。,博物馆把藏品拿出来“给出去看” (ex- 出 + hibit 持)，举办展览 (exhibition)。,hibit持有，拿出来展是exhibit。,on exhibit——在展出 | art exhibition——艺术展,联想 inhibit (抑制，in+hibit 保持在内→抑制),exhibit: vt. 展览；显示；提出（证据等）n. 展览品；证据；展示会vi. 展出；开展览会 | exhibition: n. 展览，显示；展览会；展览品
O0680,exile,1,exile,0,,1,exile,D0679,kept,,,,,,,exile: n. 流放，充军；放逐，被放逐者；流犯vt. 放逐，流放；使背井离乡
O0681,existence,1,existence,0,,1,existence,D0680,kept,,,,,,,existence: n. 存在，实在；生存，生活；存在物，实在物
O0682,exotic,1,exotic,0,,1,exotic,D0681,kept,,,,,,,exotic: adj. 异国的；外来的；异国情调的
O0683,expansion,1,expansion,0,,1,expansion,D0682,kept,,,,,,,expansion: n. 膨胀；阐述；扩张物
O0684,expectation,1,expectation,0,,1,expectation,D0683,kept,,,,,,,expectation: n. 期待；预期；指望
O0685,expedition,1,expedition,0,,1,expedition,D0684,kept,,,,,,,expedition: n. 远征；探险队；迅速
O0686,expel,1,expel,0,,1,expel,D0685,kept,,,,,,,expel: vt. 驱逐；开除
O0687,expend,3,"expend, expenditure, expensive",0,,3,"expend, expenditure, expensive",D0686,kept,"pend/pens = weigh, pay (称量，支付)",同源拉丁语 'expendere' (支付出去)。expend (花费) → expenditure (支出，n.) → expensive (昂贵的，adj.)。,花钱 (expend) 大手大脚，造成巨大支出 (expenditure)，东西显得昂贵 (expensive)。,pend称量花钱，expensive太贵。,expend energy——耗费精力 | government expenditure——政府开支 | an expensive car——昂贵的车,区分 expense (费用，常用复数) 与 expensive (形容词),expend: vt. 花费；消耗；用光；耗尽 | expenditure: n. 支出，花费；经费，消费额 | expensive: adj. 昂贵的；花钱的
O0688,experience,3,"experience, experiment, experimental",0,,3,"experience, experiment, experimental",D0687,kept,per = try (尝试),源自拉丁语 'experiri' (尝试)。experience (经验/体验) → experiment (实验) → experimental (实验性的)。,通过实验 (experiment) 积累经验 (experience)，设计实验性 (experimental) 方案。,per尝试，experience经验，experiment实验。,work experience——工作经验 | conduct an experiment——进行实验 | experimental results——实验结果,区分 experienced (有经验的) 和 experimental (实验的),experience: n. 经验；经历；体验vt. 经验；经历；体验 | experiment: n. 实验，试验；尝试v. 尝试；试验；进行实验 | experimental: adj. 实验的；根据实验的；试验性的
O0689,expertise,1,expertise,0,,1,expertise,D0688,kept,,,,,,,expertise: n. 专门知识；专门技术；专家的意见
O0690,expire,1,expire,0,,1,expire,D0689,kept,,,,,,,expire: vi. 期满；终止；死亡；呼气vt. 呼出（空气）
O0691,explanation,1,explanation,0,,1,explanation,D0690,kept,,,,,,,explanation: n. 说明，解释；辩解
O0692,exploit,1,exploit,0,,1,exploit,D0691,kept,,,,,,,exploit: vt. 开发，开拓；剥削；开采n. 英雄事迹；英勇行为；奇遇
O0693,explosion,2,"explosion, explosive",0,,2,"explosion, explosive",D0692,kept,词根 -plos- 拍手、爆发；ex- 向外,explosion 是名词，explosive 是形容词/名词，均围绕爆炸展开。,炸弹引爆时，猛烈的爆炸(explosion)产生大量爆炸性(explosive)碎片。,向外拍手，爆发爆炸,explosion-proof - 防爆的 | explosive device - 爆炸装置,implosion (内爆) | explode (v. 爆炸),explosion: n. 爆炸；爆发；激增n. （Explosion）《引爆者》（一部中国动作、犯罪电影）。 | explosive: adj. 爆炸的；爆炸性的；爆发性的n. 炸药；爆炸物
O0694,exposition,2,"exposition, exposure",0,,2,"exposition, exposure",D0693,kept,词根 -pos- 放置；ex- 向外,exposition 意为阐述、展览，exposure 意为暴露、曝光，均有“展露在外”的核心义。,在博览会上，展品充分曝光在观众眼前。,向外放置，一阐一曝,exposition of a theme - 主题阐述 | exposure to sunlight - 日光暴晒,disposition (性情) | impose (强加),exposition: n. 博览会；阐述；展览会 | exposure: n. 暴露；曝光；揭露；陈列
O0695,expression,1,expression,0,,1,expression,D0694,kept,,,,,,,expression: n. 表现，表示，表达；表情，脸色，态度，腔调，声调；式，符号；词句，语句，措辞，说法
O0696,exquisite,1,exquisite,0,,1,exquisite,D0695,kept,,,,,,,exquisite: adj. 精致的；细腻的；优美的，高雅的；异常的；剧烈的n. 服饰过于讲究的男子
O0697,extend,4,"extend, extension, extensive, extent",0,,4,"extend, extension, extensive, extent",D0696,kept,词根 -tend/-tens/-tent 拉伸；ex- 向外,extend v.延伸，extension n.延伸，extensive adj.广泛的，extent n.程度/范围，均由“向外拉伸”引申。,一根橡皮筋被拉长，延伸的范围越来越大，覆盖了广阔的区域。,向外拉伸，程度广阔,extend a deadline - 延长截止日期 | file extension - 文件扩展名 | extensive reading - 泛读 | to some extent - 在某种程度上,intend (打算) | tend (倾向),extend: vt. 延伸；扩大；推广；伸出；给予；使竭尽全力；对…估价vi. 延伸；扩大；伸展；使疏开 | extension: n. 拓展；延伸；接发；（医学）牵引；（计算机）拓展名；（逻辑）外延 | extensive: adj. 广泛的；大量的；广阔的 | extent: n. 程度；范围；长度
O0698,exterior,2,"exterior, external",0,,2,"exterior, external",D0697,kept,词根 exter- 外面的,exterior 多指建筑或表面的外部，external 则更抽象，指外界的、外用的。,从房子的外观(exterior)可以看到周围的外部环境(external surroundings)。,外部一对：外观外因,exterior design - 外部设计 | external pressure - 外部压力 | for external use only - 仅供外用,interior (内部) | internal (内部的),exterior: adj. 外部的，外面的，外在的；（电影场景）室外的；外界的n. （建筑）外部，表面；（人的）外型，外貌；（摄影）外景 | external: adj. 外部的；表面的；[药] 外用的；外国的；外面的n. 外部；外观；外面
O0699,extinct,2,"extinct, extinguish",0,,2,"extinct, extinguish",D0698,kept,词根 -stingu- 扑灭；ex- 完全,extinct 是形容词，指已灭绝或已熄灭的状态；extinguish 是动词，指扑灭、消除的动作。,消防员迅速扑灭(extinguish)大火，避免森林物种灭绝(extinct)。,行动扑灭，结果灭绝,extinct species - 灭绝物种 | extinguish a fire - 灭火,distinguish (区分) | instinct (本能),extinct: adj. 灭绝的，绝种的；熄灭的vt. 使熄灭 | extinguish: vt. 熄灭；压制；偿清
O0700,extract,1,extract,0,,1,extract,D0699,kept,,,,,,,extract: v. 提取，提炼；索取，设法得到；选取，摘录；取出，拔出；推断出，引申出；开（方），求（根）n. 摘录，引文；榨出物，汁
O0701,extraordinary,2,"extraordinary, extravagant",0,,2,"extraordinary, extravagant",D0700,kept,前缀 extra- 超出；ordinary 普通的；vagant(漫游的）,两者共享 extra- 前缀，extraordinary 强调超出普通而非凡；extravagant 强调超出界限而奢侈。,那位非凡的(extraordinary)富豪以奢侈(extravagant)的生活方式闻名。,超出普通，非凡奢侈,extraordinary meeting - 特别会议 | extravagant lifestyle - 奢侈的生活方式,ordinary (普通的) | vague (模糊的),extraordinary: adj. 非凡的；特别的；离奇的；特派的 | extravagant: adj. 奢侈的；浪费的；过度的；放纵的
O0702,eyesight,1,eyesight,0,,1,eyesight,D0701,kept,,,,,,,eyesight: n. 视力；目力
O0703,fabricate,3,"fabricate, facility, factory",0,,3,"fabricate, facility, factory",D0702,kept,词根 fac/fab 做，制作,fabricate 制造/伪造；factory 工厂（制造地）；facility 设施/设备（辅助做事），都源于“做”的概念。,工厂(factory)用先进设备(facility)制造(fabricate)精密零件。,工厂里有设施，制造产品,fabricate a story - 编造故事 | car factory - 汽车工厂 | sports facility - 体育设施,manufacture (制造) | factor (因素，也来自 fac),fabricate: vt. 制造；伪造；装配 | facility: n. 设施，设备；（机器等的）特别装置，特殊功能；（特定用途的）场所；才能，天赋 | factory: n. 工厂；制造厂；代理店
O0704,facet,1,facet,0,,1,facet,D0703,kept,,,,,,,facet: n. 面；方面；小平面vt. 在…上琢面
O0705,facilitate,1,facilitate,0,,1,facilitate,D0704,kept,,,,,,,facilitate: vt. 促进；帮助；使容易
O0706,factor,1,factor,0,,1,factor,D0705,kept,,,,,,,factor: n. 因素；要素；[物] 因数；代理人vi. 做代理商vt. 把…作为因素计入；代理经营；把…分解成n. (Factor)人名；(英)法克特
O0707,faculty,1,faculty,0,,1,faculty,D0706,kept,,,,,,,faculty: n. 科，系；能力，官能；全体教员
O0708,fahrenheit,1,fahrenheit,0,,1,fahrenheit,D0707,kept,,,,,,,fahrenheit: adj. 华氏温度计的；华氏的n. 华氏温度计；华氏温标
O0709,faint,1,faint,0,,1,faint,D0708,kept,,,,,,,faint: adj. 模糊的；头晕的；虚弱的；[医] 衰弱的vi. 昏倒；变得微弱；变得没气力n. [中医] 昏厥，昏倒
O0710,faithful,1,faithful,0,,1,faithful,D0709,kept,,,,,,,faithful: adj. 忠实的，忠诚的；如实的；准确可靠的n. (Faithful)人名；(英)费思富尔
O0711,fake,1,fake,0,,1,fake,D0710,kept,,,,,,,"fake: n.假货,欺骗adj.假的vt.伪造,赝造,捏造,假造,仿造vi.伪装"
O0712,fame,2,"fame, famine",0,,2,"fame, famine",D0711,kept,形近联想：fame 与 famine 仅差一个字母 e,fame 名声，famine 饥荒；二者形近但意远，可联想“饥荒缺粮，如同单词缺e”。,大饥荒(famine)时，名声(fame)再好也换不来食物。,名声 fame 多 e，饥荒 famine 缺 e,rise to fame - 成名 | famine relief - 饥荒救济,famous (著名的) | starve (饿),fame: n. 名声，名望；传闻，传说vt. 使闻名，使有名望 | famine: n. 饥荒；饥饿，奇缺
O0713,fantastic,1,fantastic,0,,1,fantastic,D0712,kept,,,,,,,fantastic: adj. 奇异的；空想的；异想天开的；古怪的；极好的，极出色的；不可思议的；不切实际的；（数量）极大的n. 古怪的人adv. 极其，非常
O0714,farewell,1,farewell,0,,1,farewell,D0713,kept,,,,,,,farewell: n. 告别，辞别；再见；再会int. 别了！（常含有永别或不容易再见面的意思）；再会！adj. 告别的
O0715,farther,1,farther,0,,1,farther,D0714,kept,,,,,,,farther: adv. 更远地；此外；更进一步地adj. 进一步的；更远的（far的比较级）
O0716,fascinate,1,fascinate,0,,1,fascinate,D0715,kept,,,,,,,fascinate: v. 使着迷，使神魂颠倒；（尤指蛇）以眼神震慑（人或动物），使无法动弹
O0717,fashion,1,fashion,0,,1,fashion,D0716,kept,,,,,,,fashion: n. 时尚；时装；样式；方式；时髦人物vt. 使用；改变；做成…的形状
O0718,fashionable,1,fashionable,0,,1,fashionable,D0717,kept,,,,,,,fashionable: adj. 流行的；时髦的；上流社会的
O0719,fasten,1,fasten,0,,1,fasten,D0718,kept,,,,,,,fasten: vt. 使固定；集中于；扎牢；强加于vi. 扣紧；抓住；集中注意力n. (Fasten)人名；(英)法森
O0720,fate,2,"fatal, fate",3,"fatally, fatality, fateful",5,"fatal, fate, fatally, fatality, fateful",D0719,kept,拉丁 fatum 命运，fatal 意为命运决定的后果,fate 指命运，fatal 指致命的，命运常常决定生死。,命运(fate)给了他致命(fatal)一击。,命运注定，一击致命,a twist of fate - 命运的转折 | fatal accident - 致命事故,fatality (死亡率) | destiny (命运),fatal: adj. 致命的；重大的；毁灭性的；命中注定的n. (Fatal)人名；(葡、芬)法塔尔 | fate: n. 命运vt. 注定n. (Fate)人名；(英)费特
O0721,fatigue,1,fatigue,0,,1,fatigue,D0720,kept,,,,,,,fatigue: n. 疲劳，疲乏；杂役vt. 使疲劳；使心智衰弱vi. 疲劳adj. 疲劳的
O0722,faulty,1,faulty,0,,1,faulty,D0721,kept,,,,,,,faulty: adj. 有错误的；有缺点的
O0723,favourable,1,favourable,0,,1,favourable,D0722,kept,,,,,,,favourable: adj. 有利的，顺利的；赞成的
O0724,fearful,1,fearful,0,,1,fearful,D0723,kept,,,,,,,fearful: adj. 可怕的；担心的；严重的
O0725,feasible,2,"feasible, feature",0,,2,"feasible, feature",D0724,kept,词根 feas/feat 来自拉丁语 facere 做；-ible 可…的；-ure 名词后缀,feasible 指可做的，feature 指形成的特征，同源可联想记忆,一部新手机主打5G特征，设计师验证方案是否可行,可行(feasible)方案做出来，独特特征(feature)显出来,a feasible plan - 可行的计划 | key feature - 主要特征 | feature film - 故事片,"联想 feat, factory 等同根词",feasible: adj. 可行的；可能的；可实行的 | feature: n. 特色，特征；容貌；特写或专题节目vi. 起重要作用vt. 特写；以…为特色；由…主演
O0726,february,1,february,0,,1,february,D0725,kept,,,,,,,february: n. 二月
O0727,federation,1,federation,0,,1,federation,D0726,kept,,,,,,,federation: n. 联合；联邦；联盟；联邦政府
O0728,feeble,1,feeble,0,,1,feeble,D0727,kept,,,,,,,feeble: adj. 微弱的，无力的；虚弱的；薄弱的
O0729,feedback,1,feedback,0,,1,feedback,D0728,kept,,,,,,,feedback: n. 反馈；成果，资料；回复
O0730,fellowship,1,fellowship,0,,1,fellowship,D0729,kept,,,,,,,fellowship: n. 团体；友谊；奖学金；研究员职位
O0731,feminine,1,feminine,0,,1,feminine,D0730,kept,,,,,,,feminine: adj. 女性的；妇女（似）的；阴性的；娇柔的
O0732,fertile,3,"fertile, fertilize, fertilizer",0,,3,"fertile, fertilize, fertilizer",D0731,kept,词根 fertil 表示“肥沃、多产”；-ize 动词后缀；-er 表示物或人,fertile 是形容词，fertilize 是动词，fertilizer 是名词，构成完整的派生链,想象一片肥沃的土地，农民施肥让它更富饶，最后收获果实,肥沃(fertile)田地需施肥(fertilize)，化肥(fertilizer)助产好收成,fertile soil - 肥沃土壤 | fertilize the land - 给土地施肥 | chemical fertilizer - 化学肥料,注意 fertilize 还有“使受精”义,fertile: adj. 富饶的，肥沃的；能生育的 | fertilize: vt. 使受精；使肥沃 | fertilizer: n. [肥料] 肥料；受精媒介物；促进发展者
O0733,filter,1,filter,0,,1,filter,D0732,kept,,,,,,,filter: n. 过滤器；滤波器；筛选程序；分流指示灯v. 过滤；渗透；用过滤法除去；慢慢传开；缓行；仅可左转行驶n. （Filter）（德）菲尔特（人名）
O0734,finance,4,"finally, finance, financial, finite",0,,4,"finally, finance, financial, finite",D0733,kept,词根 fin 表示“结束、界限”；-ance 名词后缀；-ial 形容词后缀；-ly 副词后缀；-ite 形容词后缀,四个词均含 fin，finance 原指终结债务，financial 为其形容词；finally 最终；finite 有限的，都体现“界限”含义,公司每月做财务报表，划定收支界限，深知资源有限，最终实现财务健康,财政(finance)管理界限分明，有限(finite)资源终(finally)平衡,finance department - 财务部 | financial crisis - 金融危机 | finally finish - 终于完成 | finite resources - 有限资源,"可延伸记忆 finish, define, infinite 等",finally: adv. 最后；终于；决定性地 | finance: n. 财政，财政学；金融vt. 负担经费，供给…经费vi. 筹措资金n. (Finance)人名；(法)菲南斯 | financial: adj. 金融的；财政的，财务的 | finite: adj. 有限的；限定的n. 有限之物
O0735,finding,1,finding,0,,1,finding,D0734,kept,,,,,,,finding: n. 发现；裁决；发现物v. 找到；感到（find的ing形式）；遇到
O0736,fireman,2,"fireman, fisherman",0,,2,"fireman, fisherman",D0735,kept,后缀 -man 表示从事某类活动或职业的人,两个都是职业名词，形式相似，可对比记忆,消防员在火场救人，渔夫在水上捕鱼，都是社区守护者,火中英雄消防员(fireman)，水里能手渔夫(fisherman),fireman save lives - 消防员救人 | fisherman's wharf - 渔人码头,"联想 policeman, postman 等 -man 职业词",fireman: n. 消防队员；救火队员；锅炉工n. (Fireman)人名；(英)法尔曼 | fisherman: n. 渔夫；渔人
O0737,fitting,1,fitting,0,,1,fitting,D0736,kept,,,,,,,"fitting: adj.适合的,相称的,适宜的n.试穿,试衣,装配,装置"
O0738,fixture,1,fixture,0,,1,fixture,D0737,kept,,,,,,,fixture: n. 设备；固定装置；固定于某处不大可能移动之物
O0739,flank,1,flank,0,,1,flank,D0738,kept,,,,,,,flank: n. 侧面；侧翼；侧腹vt. 守侧面；位于…的侧面；攻击侧面vi. 侧面与…相接adv. 在左右两边n. (Flank)人名；(瑞典、匈)弗兰克；(法)弗朗克
O0740,flap,1,flap,0,,1,flap,D0739,kept,,,,,,,flap: n. 拍打，拍打声；神经紧张；（飞机的）襟翼；风门，挡板；[医]皮瓣vi. 拍动；神经紧张；鼓翼而飞；（帽边等）垂下vt. 拍打；扔；拉下帽边；飘动
O0741,flare,1,flare,0,,1,flare,D0740,kept,,,,,,,"flare: n.闪光,闪耀vi.闪光,突然烧起来,闪耀vt.使闪耀,使张开"
O0742,flatter,1,flatter,0,,1,flatter,D0741,kept,,,,,,,flatter: vt. 奉承；谄媚；使高兴
O0743,flavour,1,flavour,0,,1,flavour,D0742,kept,,,,,,,flavour: n. 香味；滋味vt. 给……调味；给……增添风趣
O0744,flaw,1,flaw,0,,1,flaw,D0743,kept,,,,,,,flaw: n. 瑕疵，缺点；一阵狂风；短暂的风暴；裂缝，裂纹v. 使生裂缝，使有裂纹；使无效；使有缺陷vi. 生裂缝；变得有缺陷
O0745,fleet,1,fleet,0,,1,fleet,D0744,kept,,,,,,,"fleet: n.舰队(尤指有固定活动地区的舰队),港湾,小河adj.快速的,敏捷的,浅的adv.浅vt.消磨vi.疾驰,飞逝,掠过"
O0746,fling,1,fling,0,,1,fling,D0745,kept,,,,,,,fling: vt. 掷，抛；嘲笑；使陷入；轻蔑地投射；猛动n. 掷，抛；嘲弄；急冲vi. 猛冲，急行
O0747,flock,1,flock,0,,1,flock,D0746,kept,,,,,,,flock: n. 群；棉束（等于floc）vt. 用棉束填满vi. 聚集；成群而行n. (Flock)人名；(德、瑞典)弗洛克
O0748,flourish,1,flourish,0,,1,flourish,D0747,kept,,,,,,,flourish: v. 繁荣，茂盛；茁壮成长，处于旺盛时期；挥舞；炫耀n. 夸张动作；出色部分；华丽辞藻；花彩字；（管弦乐）花彩号声
O0749,fluid,3,"fluctuate, fluid, flush",0,,3,"fluctuate, fluid, flush",D0748,kept,词根 flu 表示“流动”；-id 形容词/名词后缀；-ate 动词后缀；flush 源自 flux 流动,三个词均含流动意象：液体流动、波动、冲洗,管道里水流不稳，压力波动，马桶自动冲洗,流体(fluid)波动(fluctuate)水花溅，一冲(flush)了之变清爽,brake fluid - 制动液 | fluctuate wildly - 剧烈波动 | flush the toilet - 冲马桶,"联想 fluent, influence 等","fluctuate: vi. 波动；涨落；动摇vt. 使波动；使动摇 | fluid: n. 流体，液体adj. 流动的；不固定的，易变的；流畅的，优美的；液压传动的 | flush: n.奔流,晕红,激动,萌芽,活力旺盛,发烧,一手同花的五张牌,惊鸟;adj.挥霍的,直接的,泛滥的;adv.齐平地,直接地;vi.(脸)发红,奔涌,充沛,惊飞;vt.淹没,冲洗,使脸红,使齐平,使惊飞,使激动"
O0750,flutter,1,flutter,0,,1,flutter,D0749,kept,,,,,,,"flutter: n.摆动,鼓翼,烦扰vi.鼓翼,飘动,悸动,乱跳,烦扰vt.拍(翅),使焦急"
O0751,foam,1,foam,0,,1,foam,D0750,kept,,,,,,,foam: n. 泡沫；水沫；灭火泡沫vi. 起泡沫；吐白沫；起着泡沫流动vt. 使起泡沫；使成泡沫状物
O0752,foil,1,foil,0,,1,foil,D0751,kept,,,,,,,"foil: n.箔,金属薄片,[建]叶形片,烘托,衬托vt.衬托,阻止,挡开,挫败,贴箔于"
O0753,footstep,1,footstep,0,,1,footstep,D0752,kept,,,,,,,footstep: n. 脚步；脚步声；足迹
O0754,forbid,2,"forbid, forbidden",0,,2,"forbid, forbidden",D0753,kept,forbid是原形，forbidden是过去分词兼形容词，同源，意为禁止,forbidden由forbid派生，常用作形容词'被禁止的'，可同记,一个禁止标志，写着'No Smoking (禁止 for-bid)，违者被禁止 (forbidden) 进入',forbid禁止，forbidden被禁止,forbid smoking - 禁止吸烟 | forbidden city - 紫禁城,"比较 ban, prohibit","forbid: vt. 禁止；不准；不允许；〈正式〉严禁 | forbidden: adj.禁止的,严禁的 vbl.forbid的过去分词"
O0755,foreigner,1,foreigner,0,,1,foreigner,D0754,kept,,,,,,,foreigner: n. 外地人，外国人
O0756,foremost,4,"foremost, foresee, forth, forthcoming",0,,4,"foremost, foresee, forth, forthcoming",D0755,kept,fore-/forth- 前缀，表示向前、在前,共享 fore- 词根，含义均与时间或位置在前相关,站在最前 (foremost) 的人，向前 (forth) 看能预见 (foresee) 即将来临的 (forthcoming) 事情,foremost最先，foresee预见，forth向前，forthcoming即将来临,foremost expert - 最权威的专家 | foresee the future - 预见未来 | back and forth - 来回 | forthcoming events - 即将举行的活动,注意与former区别,foremost: adj. 最重要的；最先的adv. 首先；居于首位地 | foresee: vt. 预见；预知 | forth: adv. 向前，向外；自…以后n. (Forth)人名；(德)福特；(英)福思 | forthcoming: adj. 即将来临的n. 来临
O0757,forgive,1,forgive,0,,1,forgive,D0756,kept,,,,,,,forgive: vt. 原谅；免除（债务、义务等）vi. 表示原谅
O0758,form,4,"formal, formation, formula, formulate",0,,4,"formal, formation, formula, formulate",D0757,kept,form 词根，意为形状、形式、模式,皆源自 form，与形式、形成、公式相关,在正式 (formal) 场合，要按公式 (formula) 来形成 (formation) 计划，并明确表达 (formulate),形式(form)变换：formal正式的，formation形成，formula公式，formulate明确表达,formal dress - 正式服装 | rock formation - 岩石构造 | mathematical formula - 数学公式 | formulate a plan - 制定计划,注意formidable词源不同，非此组,formal: adj. 正式的；拘谨的；有条理的n. 正式的社交活动；夜礼服n. (Formal)人名；(法)福马尔 | formation: n. 形成；构造；编队 | formula: n. [数] 公式，准则；配方；婴儿食品 | formulate: vt. 规划；用公式表示；明确地表达
O0759,formidable,1,formidable,0,,1,formidable,D0758,kept,,,,,,,formidable: adj. 强大的；可怕的；令人敬畏的；艰难的
O0760,fort,1,fort,0,,1,fort,D0759,kept,,,,,,,fort: n. 堡垒；要塞；（美）边界贸易站vt. 设要塞保卫vi. 构筑要塞n. (Fort)人名；(法)福尔；(德、英、西、葡、匈)福特
O0761,fortnight,1,fortnight,0,,1,fortnight,D0760,kept,,,,,,,fortnight: n. 两星期
O0762,fortunate,2,"fortunate, fortunately",0,,2,"fortunate, fortunately",D0761,kept,fortune词根，运气；-ate形容词后缀，-ly副词后缀,fortunately是fortunate的副词，均表幸运,幸运的人 (fortunate) 常说'幸好' (fortunately),fortunate幸运的，fortunately幸运地,fortunate enough - 足够幸运 | fortunately for him - 对他来说幸运的是,"反义词 unfortunate, unfortunately",fortunate: adj. 幸运的；侥幸的；吉祥的；带来幸运的 | fortunately: adv. 幸运地
O0763,forum,1,forum,0,,1,forum,D0762,kept,,,,,,,forum: n. 论坛，讨论会；法庭；公开讨论的广场
O0764,fossil,1,fossil,0,,1,fossil,D0763,kept,,,,,,,fossil: n. 化石；僵化的事物；顽固不化的人adj. 化石的；陈腐的，守旧的
O0765,foster,1,foster,0,,1,foster,D0764,kept,,,,,,,foster: v. 促进；抚育（他人子女一段时间）；收养；把（孩子）交托给养父母adj. 代养的，寄养的n. (Foster) 福斯特（人名）
O0766,foul,1,foul,0,,1,foul,D0765,kept,,,,,,,foul: adj. 犯规的；邪恶的；污秽的；淤塞的vt. 犯规；弄脏；淤塞；缠住，妨害vi. 犯规；腐烂；缠结n. 犯规；缠绕adv. 违反规则地，不正当地
O0767,foundation,1,foundation,0,,1,foundation,D0766,kept,,,,,,,foundation: n. 基础；地基；基金会；根据；创立
O0768,fraction,3,"fraction, fracture, fragment",0,,3,"fraction, fracture, fragment",D0767,kept,"fract/frag 词根，打破；-ure, -ment名词后缀",皆源于拉丁 frangere（打破），与破碎、部分相关,一个盘子打破 (fracture) 成碎片 (fragment)，每一片都是整体的一小部分 (fraction),打破(fract)一块，变碎片(fragment)，成部分(fraction),a fraction of - 一小部分 | bone fracture - 骨折 | fragment of glass - 玻璃碎片,"辨析fraction, fracture, fragment用法",fraction: n. 分数；部分；小部分；稍微 | fracture: n. 破裂，断裂；[外科] 骨折vi. 破裂；折断vt. 使破裂 | fragment: n. 碎片；片段或不完整部分vt. 使成碎片vi. 破碎或裂开
O0769,frame,1,frame,0,,1,frame,D0768,kept,,,,,,,"frame: n.结构,体格vt.构成,设计,制定,使适合,陷害vi.英方有成功希望n.帧,画面,框架"
O0770,frank,1,frank,0,,1,frank,D0769,kept,,,,,,,frank: adj. 坦白的，直率的；老实的n. 免费邮寄特权vt. 免费邮寄n. （Frank）弗兰克（人名）
O0771,fraud,1,fraud,0,,1,fraud,D0770,kept,,,,,,,fraud: n. 欺骗；骗子；诡计n. (Fraud)人名；(法)弗罗
O0772,freely,1,freely,0,,1,freely,D0771,kept,,,,,,,freely: adv. 自由地；免费地；大量地；慷慨地；直率地
O0773,freight,1,freight,0,,1,freight,D0772,kept,,,,,,,freight: n. 货运；运费；船货v. 运送；装货；使充满
O0774,frequency,2,"frequency, frequently",1,frequent,3,"frequency, frequently, frequent",D0773,kept,frequent 词根，频繁；-cy名词，-ly副词,frequently是frequency的副词，均表频率高,频率 (frequency) 高意味着经常 (frequently) 发生,频率frequency，频繁frequently,high frequency - 高频 | frequently asked questions - 常见问题,注意frequent作形容词,frequency: n. 频率；频繁 | frequently: adv. 频繁地，经常地；时常，屡次
O0775,friction,1,friction,0,,1,friction,D0774,kept,,,,,,,friction: n. 摩擦，[力] 摩擦力
O0776,frighten,1,frighten,0,,1,frighten,D0775,kept,,,,,,,frighten: vt. 使惊吓；吓唬…vi. 害怕，惊恐
O0777,fringe,1,fringe,0,,1,fringe,D0776,kept,,,,,,,fringe: n. 边缘；穗；刘海adj. 边缘的；附加的vt. 加穗于
O0778,frown,1,frown,0,,1,frown,D0777,kept,,,,,,,frown: vi. 皱眉；不同意vt. 皱眉，蹙额n. 皱眉，蹙额
O0779,fruitful,1,fruitful,0,,1,fruitful,D0778,kept,,,,,,,fruitful: adj. 富有成效的；多产的；果实结得多的
O0780,frustrate,1,frustrate,0,,1,frustrate,D0779,kept,,,,,,,frustrate: vt. 挫败；阻挠；使感到灰心vi. 失败；受挫adj. 挫败的；无益的
O0781,fulfil,1,fulfil,0,,1,fulfil,D0780,kept,,,,,,,fulfil: vt. 履行；完成；实践；满足
O0782,function,1,function,0,,1,function,D0781,kept,,,,,,,function: n. 功能；[数] 函数；职责；盛大的集会vi. 运行；活动；行使职责
O0783,fund,1,fund,0,,1,fund,D0782,kept,,,,,,,fund: n. 基金；资金；存款vt. 投资；资助n. (Fund)人名；(德)丰德
O0784,furious,1,furious,0,,1,furious,D0783,kept,,,,,,,furious: adj. 激烈的；狂怒的；热烈兴奋的；喧闹的
O0785,furnace,1,furnace,0,,1,furnace,D0784,kept,,,,,,,furnace: n. 火炉，熔炉
O0786,furnish,1,furnish,0,,1,furnish,D0785,kept,,,,,,,furnish: vt. 提供；供应；装备
O0787,further,2,"further, furthermore",0,,2,"further, furthermore",D0786,kept,further 是 far 的比较级，furthermore 衍生副词,均表“进一步、而且”，用于递进。,走得更远（further），此外（furthermore）还有更多发现。,远方(far)的进一步(further)是此外(furthermore)。,until further notice - 直到另行通知 | furthermore - 此外（常用于句首）,辨析 further 与 farther：前者多用于抽象“进一步”，后者多指物理距离“更远”,further: adv. 更远地；远非（如此）；进一步地；而且；处于更高阶段adj. 更多的，附加的；更远的；进一步的，深一层的v. 促进，增进，助长 | furthermore: adv. 此外；而且
O0788,fuse,2,"fuse, fusion",0,,2,"fuse, fusion",D0787,kept,词根 fus = 熔，流,fuse 作名词为保险丝（易熔），作动词为熔合；fusion 为融合、核聚变。,保险丝（fuse）熔断后两端融合（fusion）在一起。,富思（fuse）保险丝熔后融合（fusion）一体。,blow a fuse - 熔断保险丝；勃然大怒 | nuclear fusion - 核聚变,"可扩展记忆 confuse, diffuse, refuse 等同根词","fuse: n.保险丝,熔丝v.熔合 | fusion: n. 融合；熔化；熔接；融合物；[物] 核聚变"
O0789,fuss,1,fuss,0,,1,fuss,D0788,kept,,,,,,,fuss: n. 大惊小怪；反对，抗议；繁琐的手续；（为小事）大发牢骚v. 瞎操心；忙乱；打扰；过分关怀；过于讲究细节；吵闹n. （Fuss）（美）菲斯（人名）
O0790,galaxy,1,galaxy,0,,1,galaxy,D0789,kept,,,,,,,galaxy: n. [天] 星系；银河系（the Galaxy）；一群显赫的人n. 三星智能手机品牌 2015年三星中国公布Galaxy的中文名称为“盖乐世”（Galaxy）[ 复数galaxies ]
O0791,gamble,1,gamble,0,,1,gamble,D0790,kept,,,,,,,gamble: v. 赌博；打赌；冒险，投机；孤注一掷；冒险假设n. 冒险；赌博；打赌n. (Gamble) （美）甘布勒（人名）
O0792,gang,1,gang,0,,1,gang,D0791,kept,,,,,,,gang: n. 群；一伙；一组vt. 使成群结队；结伙伤害或恐吓某人vi. 成群结队n. (Gang)人名；(法)冈；(罗)甘格；(英)甘
O0793,gaol,1,gaol,0,,1,gaol,D0792,kept,,,,,,,gaol: n. 监狱，监禁（同 jail）v. 把……投入监狱，监禁（同 jail）n. (Gaol) （美、印）高娅乐（人名）
O0794,gap,1,gap,0,,1,gap,D0793,kept,,,,,,,gap: n. 间隙；缺口；差距；分歧vi. 裂开vt. 使形成缺口
O0795,gardener,1,gardener,0,,1,gardener,D0794,kept,,,,,,,gardener: n. 园丁；花匠；园艺家n. (Gardener)人名；(英)加德纳
O0796,garment,1,garment,0,,1,garment,D0795,kept,,,,,,,garment: n. 衣服，服装；外表，外观vt. 给…穿衣服n. (Garment)人名；(英)加门特
O0797,gaseous,2,"gaseous, gasoline",0,,2,"gaseous, gasoline",D0796,kept,词根 gas- 气体,gaseous 为气态的，gasoline 为汽油（易挥发气体）。,汽油（gasoline）挥发在空气中形成气态（gaseous）混合物。,气态（gaseous）的汽油（gasoline）易挥发。,gaseous state - 气态 | gasoline engine - 汽油发动机,"可对比记忆 gas, petrol, petroleum, gas station 等",gaseous: adj. 气态的，气体的；无实质的 | gasoline: n. 汽油
O0798,gasp,1,gasp,0,,1,gasp,D0797,kept,,,,,,,gasp: vi. 喘气；喘息；渴望vt. 气喘吁吁地说；喘着气说话n. 喘气
O0799,gauge,1,gauge,0,,1,gauge,D0798,kept,,,,,,,gauge: n. 计量器；标准尺寸；容量规格；针织物的细度vt. 测量；估计；给……定规格
O0800,gaze,1,gaze,0,,1,gaze,D0799,kept,,,,,,,gaze: vi. 凝视；注视n. 凝视；注视n. （Gaze）（俄、意）加泽；（德）加策（人名）
O0801,gear,1,gear,0,,1,gear,D0800,kept,,,,,,,"gear: n.齿轮,传动装置v.调整,(使)适合,换档"
O0802,gene family,2,"gene, genetic",3,"genome, genetics, genetically",5,"gene, genetic, genome, genetics, genetically",D0801,split_large_group,"gen- = birth, kind",基因和遗传直接同族。,一部发电机(generator)产生(generate)能量，这一代(generation)人的基因(gene)遗传(genetic)决定了他们是天才(genius)、慷慨(generous)还是真诚(genuine)，一般(generally)来说总结(generalize)了这些特质。,跟(gen)着“生”根，产生一代又一代，基因决定天才、慷慨和真诚，一般概括记心间。,generate electricity - 发电 | genetic code - 遗传密码 | generous donation - 慷慨捐赠 | generally speaking - 一般来说,"可扩展记忆 general, generic, degenerate, regenerate 等同根词",gene: n. [遗] 基因，遗传因子 | genetic: adj. 遗传的；基因的；起源的
O0803,general family,2,"generalize, generally",0,,2,"generalize, generally",D0801,split_large_group,genus -> general kind,都从'类别/一般'引申。,一部发电机(generator)产生(generate)能量，这一代(generation)人的基因(gene)遗传(genetic)决定了他们是天才(genius)、慷慨(generous)还是真诚(genuine)，一般(generally)来说总结(generalize)了这些特质。,跟(gen)着“生”根，产生一代又一代，基因决定天才、慷慨和真诚，一般概括记心间。,generate electricity - 发电 | genetic code - 遗传密码 | generous donation - 慷慨捐赠 | generally speaking - 一般来说,"可扩展记忆 general, generic, degenerate, regenerate 等同根词",generalize: vt. 概括；推广；使...一般化vi. 形成概念 | generally: adv. 通常；普遍地，一般地
O0804,generate family,3,"generate, generation, generator",2,"generative, generational",5,"generate, generation, generator, generative, generational",D0801,split_large_group,gen- = produce,围绕'产生'从动词到名词再到机器。,一部发电机(generator)产生(generate)能量，这一代(generation)人的基因(gene)遗传(genetic)决定了他们是天才(genius)、慷慨(generous)还是真诚(genuine)，一般(generally)来说总结(generalize)了这些特质。,跟(gen)着“生”根，产生一代又一代，基因决定天才、慷慨和真诚，一般概括记心间。,generate electricity - 发电 | genetic code - 遗传密码 | generous donation - 慷慨捐赠 | generally speaking - 一般来说,"可扩展记忆 general, generic, degenerate, regenerate 等同根词",generate: vt. 使形成；发生；生殖；产生物理反应 | generation: n. 一代；产生；一代人；生殖 | generator: n. 发电机；发生器；生产者
O0805,gen- nature words,3,"generous, genius, genuine",3,"generosity, generously, genuinely",6,"generous, genius, genuine, generosity, generously, genuinely",D0801,split_large_group,gen- = born nature,都可联想到一个人与生俱来的品质：慷慨、天赋、真实。,一部发电机(generator)产生(generate)能量，这一代(generation)人的基因(gene)遗传(genetic)决定了他们是天才(genius)、慷慨(generous)还是真诚(genuine)，一般(generally)来说总结(generalize)了这些特质。,跟(gen)着“生”根，产生一代又一代，基因决定天才、慷慨和真诚，一般概括记心间。,generate electricity - 发电 | genetic code - 遗传密码 | generous donation - 慷慨捐赠 | generally speaking - 一般来说,"可扩展记忆 general, generic, degenerate, regenerate 等同根词",generous: adj. 慷慨的，大方的；宽宏大量的；有雅量的 | genius: n. 天才，天赋；精神n. （Genius）妙选 | genuine: adj. 真实的，真正的；诚恳的
O0806,gently,1,gently,0,,1,gently,D0802,kept,,,,,,,gently: adv. 轻轻地；温柔地，温和地
O0807,geology,1,geology,0,,1,geology,D0803,kept,,,,,,,geology: n. 地质学；地质情况
O0808,germ,1,germ,0,,1,germ,D0804,kept,,,,,,,germ: n. [植] 胚芽，萌芽；细菌vi. 萌芽
O0809,ghost,1,ghost,0,,1,ghost,D0805,kept,,,,,,,ghost: n. 鬼，幽灵vt. 作祟于；替…捉刀；为人代笔vi. 替人代笔
O0810,giant,2,"giant, gigantic",0,,2,"giant, gigantic",D0806,kept,均源自希腊语 gigas（巨人）,giant 为巨人/巨大的，gigantic 为庞大的。,一个巨人（giant）站在摩天大楼旁，身影极其庞大（gigantic）。,巨人（giant）奇（gi）大无比（gantic）。,giant panda - 大熊猫 | a gigantic building - 巨大的建筑,"近义词辨析：enormous, vast, immense, tremendous",giant: n. 巨人；伟人；巨大的动物；巨型植物；大公司；（天文）巨星adj. 巨大的；巨人般的；伟大的 | gigantic: adj. 巨大的，庞大的
O0811,given,1,given,0,,1,given,D0807,kept,,,,,,,given: adj. 赠予的；沉溺的；规定的prep. 考虑到v. 给予（give的过去分词）n. (Given)人名；(英、土)吉文
O0812,glance/glimpse,2,"glance, glimpse",0,,2,"glance, glimpse",D0808,split_large_group,gl- + quick look,两词都表示很快地看一眼。,在冰面上滑行(glide)，瞥见(glimpse)一束微光(gleam)，回头扫视(glance)只见闪闪发光(glitter)的光辉(glow)，一片光荣(glorious)景象。,哥(g)拉(l)着光(gl-)滑动，一瞥微光闪烁中现辉煌。,glance at - 匆匆一看 | a gleam of hope - 一线希望 | glide through - 滑过 | catch a glimpse of - 瞥见 | glittering prize - 耀眼的奖品 | glorious victory - 光荣的胜利 | glow with pride - 容光焕发,"可扩展记忆 glare, gloss, glory, gloomy 等 gl- 相关词","glance: vi.扫视,匆匆一看n.一瞥,眼光,匆匆一看 | glimpse: n. 一瞥，一看vi. 瞥见vt. 瞥见"
O0813,gl- light,4,"gleam, glitter, glorious, glow",0,,4,"gleam, glitter, glorious, glow",D0808,split_large_group,gl- often suggests light or shining,全都能放进'发光'画面。,在冰面上滑行(glide)，瞥见(glimpse)一束微光(gleam)，回头扫视(glance)只见闪闪发光(glitter)的光辉(glow)，一片光荣(glorious)景象。,哥(g)拉(l)着光(gl-)滑动，一瞥微光闪烁中现辉煌。,glance at - 匆匆一看 | a gleam of hope - 一线希望 | glide through - 滑过 | catch a glimpse of - 瞥见 | glittering prize - 耀眼的奖品 | glorious victory - 光荣的胜利 | glow with pride - 容光焕发,"可扩展记忆 glare, gloss, glory, gloomy 等 gl- 相关词","gleam: n. 微光；闪光；瞬息的一现vi. 闪烁；隐约地闪现vt. 使闪烁；使发微光 | glitter: v. 闪光；闪烁n. 闪光；灿烂；华而不实；（眼中的）光亮 | glorious: adj. 光荣的；辉煌的；极好的 | glow: vi.发光,发热"
O0814,glide,1,glide,0,,1,glide,D0808,split_large_group,gl- + smooth motion,glide 是滑动，和发光组关联弱，单独记更干净。,在冰面上滑行(glide)，瞥见(glimpse)一束微光(gleam)，回头扫视(glance)只见闪闪发光(glitter)的光辉(glow)，一片光荣(glorious)景象。,哥(g)拉(l)着光(gl-)滑动，一瞥微光闪烁中现辉煌。,glance at - 匆匆一看 | a gleam of hope - 一线希望 | glide through - 滑过 | catch a glimpse of - 瞥见 | glittering prize - 耀眼的奖品 | glorious victory - 光荣的胜利 | glow with pride - 容光焕发,"可扩展记忆 glare, gloss, glory, gloomy 等 gl- 相关词",glide: vi. 滑翔；滑行；悄悄地走；消逝vt. 使滑行；使滑动n. 滑翔；滑行；滑移；滑音
O0815,global,1,global,0,,1,global,D0809,kept,,,,,,,global: adj. 全球的；总体的；球形的
O0816,gloomy,1,gloomy,0,,1,gloomy,D0810,kept,,,,,,,gloomy: adj. 黑暗的；沮丧的；阴郁的
O0817,goodbye,1,goodbye,0,,1,goodbye,D0811,kept,,,,,,,goodbye: int. 再见；告别
O0818,gorgeous,1,gorgeous,0,,1,gorgeous,D0812,kept,,,,,,,gorgeous: adj. 华丽的，灿烂的；极好的
O0819,gossip,1,gossip,0,,1,gossip,D0813,kept,,,,,,,gossip: n. 小道传闻；随笔；爱说长道短的人vi. 闲聊；传播流言蜚语
O0820,govern,3,"govern, government, governor",0,,3,"govern, government, governor",D0814,kept,词根 govern 表示“统治、管理”,三个词属于同一词族，分别表示动作、机构、人,想象一个政府大楼里，总督在管理事务,政府由总督治理,govern a country - 治理国家 | central government - 中央政府 | state governor - 州长,注意 governor 也有“调节器”之意,govern: vt. 管理；支配；统治；控制vi. 居支配地位；进行统治n. (Govern)人名；(英)戈文 | government: n. 政府；政体；管辖 | governor: n. 主管人员；统治者，管理者；[自] 调节器；地方长官
O0821,grab,2,"grab, grip",0,,2,"grab, grip",D0815,kept,无共同词根，但语义强关联：grab 强调突然抓取，grip 强调紧握,都表示用手抓住，一个侧重动作，一个侧重状态,一把抓住把手，然后紧握不放,先 grab，再 grip，夺来紧紧抓牢,grab a seat - 抢个座位 | loosen one's grip - 松开紧握的手,辨析：grab 多为突发性，grip 持续性；也可联系 grasp（掌握）,grab: vt. 攫取；霸占；将…深深吸引vi. 攫取；夺取n. 攫取；霸占；夺取之物 | grip: n. 紧握；柄；支配；握拍方式；拍柄绷带vt. 紧握；夹紧vi. 抓住n. (Grip)人名；(英、瑞典)格里普
O0822,grace,3,"grace, graceful, gracious",0,,3,"grace, graceful, gracious",D0816,kept,词根 grace 表示“优雅；恩惠”,三个词共享词根，名词、形容词、形容词变体,一个优雅的女士亲切地帮助人，充满恩典,优雅的她既优美又亲切,social grace - 社交风度 | graceful dancer - 优美的舞者 | gracious smile - 慈祥的微笑,区分 graceful（多指动作、形态）和 gracious（多指态度、气度）,grace: n. 优雅；恩惠；魅力；慈悲vt. 使优美n. (Grace)人名；(英)格雷斯，格雷丝 (女名)；(法)格拉斯 | graceful: adj. 优雅的；优美的 | gracious: adj. 亲切的；高尚的；和蔼的；雅致的int. 天哪；哎呀
O0823,gradual,1,gradual,0,,1,gradual,D0817,kept,,,,,,,gradual: adj. 逐渐的；平缓的n. 弥撒升阶圣歌集
O0824,graduate,1,graduate,0,,1,graduate,D0818,kept,,,,,,,"graduate: n.(大学)毕业生,研究生v.(使)(大学)毕业"
O0825,grammatical,1,grammatical,0,,1,grammatical,D0819,kept,,,,,,,grammatical: adj. 文法的；符合语法规则的
O0826,gramme,1,gramme,0,,1,gramme,D0820,kept,,,,,,,gramme: n. 克n. (Gramme)人名；(法)格拉姆
O0827,grandfather,3,"granddaughter, grandfather, grandmother",0,,3,"granddaughter, grandfather, grandmother",D0821,kept,前缀 grand- 表示“隔一代的”,三个词属于家庭称谓系列，构词方式相同,祖父母和孙女一起拍全家福,祖父母与孙女，隔代亲情,maternal grandfather - 外公 | paternal grandmother - 奶奶 | youngest granddaughter - 最小的孙女,对比 grandson（外孙）等,granddaughter: n. 孙女；外孙女 | grandfather: n. 祖父；始祖vt. 不受新规定限制 | grandmother: n. 祖母；女祖先vt. 当…的祖母vi. 当祖母
O0828,grant,1,grant,0,,1,grant,D0822,kept,,,,,,,grant: n. （美）格朗（人名）v. (grant) （正式）准许，授予；（勉强）承认，同意n. (grant) 拨款；正式授予；合法转让
O0829,gratitude,1,gratitude,0,,1,gratitude,D0823,kept,,,,,,,gratitude: n. 感谢（的心情）；感激
O0830,grave,2,"grave, gravity",0,,2,"grave, gravity",D0824,kept,源自拉丁词根 grav（重）,grave 形容词表示“严重的”，gravity 为名词“重力；严重性”，意义紧密关联,面对严峻的局面，仿佛感受到沉重的重力,坟墓前，局势的严重性像重力一样压来,grave situation - 严峻的形势 | center of gravity - 重心,熟记 grave 也作名词“坟墓”，但形容词更常用,"grave: n.墓穴,坟墓adj.严重的,(颜色)黯淡的,(声音)低沉的v.雕刻,铭记 | gravity: n. 重力，地心引力；严重性；庄严"
O0831,gray,2,"gray, grey",0,,2,"gray, grey",D0825,kept,同一词根的不同拼写变体,gray 美式拼写，grey 英式拼写，词义完全相同,灰色是黑白之间的颜色，无论怎么拼写都一样,灰色灰白，英美拼法不同而已,gray hair - 白发 | grey area - 灰色地带,考试中两种拼写都接受,gray: adj. 灰色的；苍白的；灰白头发的；阴郁的n. 灰色；暗淡的光线vi. 成为灰色或灰白vt. 使成灰色或灰白n. (Gray)人名；(意)格拉伊；(英、法、葡、瑞典)格雷 | grey: adj. 灰色的；灰白的vt. 使变成灰色；使变老vi. 变成灰色；老化n. 灰色n. (Grey)人名；(英、法)格雷
O0832,graze,1,graze,0,,1,graze,D0826,kept,,,,,,,graze: vt. 放牧；擦伤vi. 吃草；擦伤n. 放牧；轻擦
O0833,grease,1,grease,0,,1,grease,D0827,kept,,,,,,,grease: n. 油脂；润滑油；（非正式）贿赂v. 涂脂于；给……加润滑油；（非正式）向某人行贿
O0834,greatly,1,greatly,0,,1,greatly,D0828,kept,,,,,,,greatly: adv. 很，大大地；非常
O0835,greenhouse,1,greenhouse,0,,1,greenhouse,D0829,kept,,,,,,,greenhouse: n. 温室造成温室效应的
O0836,grief,2,"grief, grieve",0,,2,"grief, grieve",D0830,kept,词根 grief 表示“悲痛”,grief 名词；grieve 动词，派生关系明确,失去亲人，悲上加悲，他终日沉浸在哀悼中,因忧伤而哀悼,overcome grief - 克服悲伤 | grieve over a loss - 为失去而悲痛,注意 grieve 可及物也可不及物,grief: n. 悲痛；忧伤；不幸 | grieve: vt. 使悲伤，使苦恼vi. 悲痛，哀悼n. (Grieve)人名；(英)格里夫
O0837,grim,1,grim,0,,1,grim,D0831,kept,,,,,,,grim: adj. 严肃的；令人沮丧的；阴沉的；糟糕的n. （Grim）（英、德、俄、捷、匈）格里姆（人名）
O0838,grin,1,grin,0,,1,grin,D0832,kept,,,,,,,grin: v. 露齿而笑，咧着嘴笑；龇牙咧嘴n. 露齿笑，咧着嘴笑n. (Grin)（俄、美）格林（人名）
O0839,grind,1,grind,0,,1,grind,D0833,kept,,,,,,,grind: vt. 磨碎；磨快vi. 磨碎；折磨n. 磨；苦工作n. (Grind)人名；(法、德)格林德
O0840,groan,1,groan,0,,1,groan,D0834,kept,,,,,,,groan: vi. 呻吟；抱怨；发吱嘎声vt. 呻吟；抱怨n. 呻吟；叹息；吱嘎声
O0841,grocer,2,"grocer, grocery",1,groceries,3,"grocer, grocery, groceries",D0835,kept,词源：grocer 指批发商人，后专指食品杂货商,grocer 是人，grocery 是店或商品,到杂货店找食品商买东西,杂货商开杂货店,local grocer - 本地杂货商 | grocery store - 杂货店,grocery 常用复数 groceries 表示食品杂货,grocer: n. 杂货店；食品商 | grocery: n. 食品杂货店；（groceries）食品杂货
O0842,grope,1,grope,0,,1,grope,D0836,kept,,,,,,,grope: vi. 摸索；探索vt. 摸索n. 摸索；触摸n. (Grope)人名；(德)格罗佩
O0843,gross,1,gross,0,,1,gross,D0837,kept,,,,,,,gross: adj. 总共的；粗野的；恶劣的；显而易见的；恶心的vt. 总共收入n. 总额，总数n. (Gross)人名；(英、法、德、意、葡、西、俄、芬、罗、捷、匈)格罗斯
O0844,guardian,1,guardian,0,,1,guardian,D0838,kept,,,,,,,guardian: n. [法] 监护人，保护人；守护者adj. 守护的n. (Guardian)人名；(西)瓜尔迪安
O0845,guidance,2,"guidance, guideline",0,,2,"guidance, guideline",D0839,kept,源自guide (v./n. 引导)：guidance (n. 指导，-ance名词后缀)；guideline (n. 指导方针，line线),guidance指抽象的指导、引导行为；guideline指具体的指导原则或方针。两者互补，共同体现guide的概念。,导师为你提供指导（guidance），并给你一份方针清单（guideline）来遵循。,指导guidance，指导方针guideline。,under the guidance of - 在…指导下 | follow the guidelines - 遵循指导方针,guideline常用复数guidelines；注意与guide（向导、手册）的区别。,guidance: n. 指导，引导；领导 | guideline: n. 指导方针参考
O0846,gulf,1,gulf,0,,1,gulf,D0840,kept,,,,,,,gulf: n. 海湾；深渊；分歧；漩涡vt. 吞没
O0847,gum,1,gum,0,,1,gum,D0841,kept,,,,,,,gum: n. 口香糖；树胶；橡皮；牙龈；牙床vt. 用胶粘，涂以树胶；使……有粘性n. （Gum）古姆（人名）
O0848,gunpowder,1,gunpowder,0,,1,gunpowder,D0842,kept,,,,,,,gunpowder: n. 火药；有烟火药
O0849,guy,1,guy,0,,1,guy,D0843,kept,,,,,,,guy: n. 男人，家伙vt. 嘲弄，取笑vi. 逃跑n. (Guy)人名；(西)吉；(法)居伊；(英)盖伊
O0850,gymnasium,1,gymnasium,0,,1,gymnasium,D0844,kept,,,,,,,gymnasium: n. 体育馆；健身房
O0851,habitual,1,habitual,0,,1,habitual,D0845,kept,,,,,,,habitual: adj. 习惯的；惯常的；习以为常的
O0852,halt,1,halt,0,,1,halt,D0846,kept,,,,,,,"halt: n.停止,暂停,中断vt.使停止,使立定vi.立定,停止,踌躇,有缺点"
O0853,hamburger,1,hamburger,0,,1,hamburger,D0847,kept,,,,,,,hamburger: n. 汉堡包，火腿汉堡；牛肉饼，肉饼；碎牛肉n. (Hamburger)人名；(英)汉堡；(瑞典)汉布里耶；(德)汉布格尔
O0854,hamper,1,hamper,0,,1,hamper,D0848,kept,,,,,,,hamper: vt. 妨碍；束缚；使困累n. 食盒，食篮；阻碍物
O0855,hand,3,"handbook, handkerchief, handwriting",0,,3,"handbook, handkerchief, handwriting",D0849,kept,hand (n. 手) + book (书) / kerchief (方巾) / writing (书写),这三个复合词均由‘hand’构成核心：handbook是手边常用之书即手册，handkerchief是手帕，handwriting是手写痕迹即笔迹。,你左手翻阅手册（handbook），右手拿手帕（handkerchief）擦汗，纸上留下独特的笔迹（handwriting）。,手册handbook，手帕handkerchief，笔迹handwriting——都与手hand有关。,employee handbook - 员工手册 | paper handkerchief - 纸巾 | illegible handwriting - 难认的笔迹,handkerchief拼写易错，注意kerchief部分；handwriting不可数。,handbook: n. 手册；指南 | handkerchief: n. 手帕；头巾，围巾 | handwriting: n. 笔迹；书法；书写；手稿v. 亲手写（handwrite的ing形式）
O0856,handicap,1,handicap,0,,1,handicap,D0850,kept,,,,,,,handicap: n. 障碍；不利条件，不利的因素vt. 妨碍，阻碍；使不利
O0857,hard,3,"harden, hardship, hardware",0,,3,"harden, hardship, hardware",D0851,kept,"hard (adj. 硬的，困难的) + 后缀 -en (动词化), -ship (名词状态), -ware (物品，器具)",harden（使变硬）、hardship（困苦）、hardware（五金硬件）均是hard的派生词，意义与‘硬’或‘难’相关联。,一块坚硬的金属（hard），经过加热变硬（harden），随后经历苦难的敲打（hardship），最终制成了电脑硬件（hardware）。,硬的变硬harden，经历苦难hardship，组成硬件hardware。,harden steel - 使钢变硬 | economic hardship - 经济困难 | computer hardware - 计算机硬件,hardship一般不可数；注意hardware作‘五金’时与software相对。,harden: v. （使）变硬，变坚固；更严肃；（使）变坚强；（使）变冷酷；变明确；（股票等）升水n. (Harden) （美、英、加、瑞典）哈登（人名） | hardship: n. 困苦；苦难；艰难险阻 | hardware: n. 计算机硬件；五金器具
O0858,hare,1,hare,0,,1,hare,D0852,kept,,,,,,,hare: n. 野兔n. (Hare)人名；(印)哈雷；(英)黑尔；(法)阿尔
O0859,harness,1,harness,0,,1,harness,D0853,kept,,,,,,,harness: n. 马具；背带，吊带；甲胄；挽具状带子；降落伞背带；日常工作v. 治理，利用；套；驾驭；披上甲胄；将（两只动物）拴在一起
O0860,harsh,1,harsh,0,,1,harsh,D0854,kept,,,,,,,harsh: adj. 严厉的；严酷的；刺耳的；粗糙的；刺目的；丑陋的n. (Harsh) 哈什（人名）
O0861,haste,3,"haste, hasten, hasty",0,,3,"haste, hasten, hasty",D0855,kept,"haste (n. 匆忙) + 后缀 -en (动词，使…), -y (形容词，…的)",haste是名词‘匆忙’，hasten是动词‘加速、匆忙’，hasty是形容词‘草率的’。三者基于同一词根，意义层层递进。,因为匆忙（haste），你加快脚步（hasten），结果做出了草率的决定（hasty）。,匆忙haste，赶快hasten，草率hasty。,in haste - 匆忙地 | hasten to do - 赶紧做 | a hasty decision - 草率的决定,hasten较正式，口语中常用hurry；hasty常含贬义。,haste: n. 匆忙；急忙；轻率vi. 匆忙；赶紧vt. 赶快n. (Haste)人名；(英)黑斯特；(法)阿斯特 | hasten: vt. 加速；使赶紧；催促vi. 赶快；急忙 | hasty: adj. 轻率的；匆忙的；草率的；懈怠的n. (Hasty)人名；(英)黑斯蒂[ 比较级 hastier 最高级 hastiest ]
O0862,hate,2,"hateful, hatred",0,,2,"hateful, hatred",D0856,kept,hate (n./v. 恨) + -ful (形容词，充满…的) / -red (名词后缀，状态),hateful意为‘充满仇恨的、可憎的’，hatred是名词‘仇恨’。均源自hate，表达憎恶的不同形式。,一个充满仇恨（hate）的人，脸上是可憎的表情（hateful），心中怀着深深的仇恨（hatred）。,恨hate，可恨的hateful，仇恨hatred。,hateful behavior - 可憎的行为 | racial hatred - 种族仇恨,hatred感情色彩强于hate，常指长期、深刻的敌意。,hateful: adj. 可憎的；可恨的；可恶的 | hatred: n. 憎恨；怨恨；敌意
O0863,haul,1,haul,0,,1,haul,D0857,kept,,,,,,,"haul: n.用力拖拉,拖,拉,捕获物,努力得到的结果,(尤指)一网捕获的鱼量,拖运距离vi.拖,拉,改变方向,改变主意vt.拖拉,拖运"
O0864,haunt,1,haunt,0,,1,haunt,D0858,kept,,,,,,,haunt: vt. 常出没于…；萦绕于…；经常去…vi. 出没；作祟n. 栖息地；常去的地方
O0865,hazard,1,hazard,0,,1,hazard,D0859,kept,,,,,,,"hazard: n.冒险,危险,冒险的事vt.冒...的危险,赌运气,使遭危险"
O0866,head,3,"heading, headmaster, headquarters",0,,3,"heading, headmaster, headquarters",D0860,kept,head (n. 头) + -ing (后缀) / master (主人) / quarters (住处),这三个词都以head表示‘首脑、顶端’：heading为文章之头即标题；headmaster为学校之头即校长；headquarters为机构之头即总部。,校长（headmaster）在总部（headquarters）审阅一份标题（heading）为‘校规’的文件。,头head，标题heading，校长headmaster，总部headquarters。,chapter heading - 章节标题 | headmaster of the school - 校长 | company headquarters - 公司总部,heading常指章节标题，headline指报纸大标题；headquarters单复数同形。,heading: n.标题 | headmaster: n. 校长 | headquarters: n. 总部；指挥部；司令部
O0867,heal,1,heal,0,,1,heal,D0861,kept,,,,,,,heal: vt. 治愈，痊愈；和解vi. 痊愈n. (Heal)人名；(英)希尔
O0868,heating,1,heating,0,,1,heating,D0862,kept,,,,,,,heating: n. [热] 加热；[建] 供暖；暖气设备adj. 加热的；供热的v. [热] 加热（heat的现在分词）
O0869,heave,1,heave,0,,1,heave,D0863,kept,,,,,,,heave: vt. 举起；使起伏；投掷；恶心；发出（叹息等）vi. 起伏；举起；喘息；呕吐n. 举起；起伏；投掷；一阵呕吐
O0870,hedge,1,hedge,0,,1,hedge,D0864,kept,,,,,,,hedge: n. 树篱；防止损失的手段；模糊措辞；障碍v. 用树篱笆围住；避免作正面答复；避免损失；限制n. (Hedge) （美、英、加、澳、印、法）赫奇（人名）
O0871,heighten,1,heighten,0,,1,heighten,D0865,kept,,,,,,,heighten: vt. 提高；增高；加强；使更显著vi. 升高；变强
O0872,heir,2,"heir, heritage",0,,2,"heir, heritage",D0866,kept,同源拉丁语heres（继承人）：heir + -age (名词后缀，表示状态或集合),heir指‘继承人’，heritage指‘遗产、传统’。两者共享继承概念，heir是继承者，heritage是被继承之物。,作为继承人（heir），你继承了家族的遗产（heritage），包括财产和传统。,继承人heir继承heritage。,heir to the throne - 王位继承人 | cultural heritage - 文化遗产,heir的h不发音；heritage既指有形遗产也指无形传统。,heir: n. [法] 继承人；后嗣；嗣子 | heritage: n. 遗产；传统；继承物；继承权n. (Heritage)人名；(英)赫里蒂奇
O0873,hell,1,hell,0,,1,hell,D0867,kept,,,,,,,"hell: n.地狱,苦境,阴间,地狱中的人,训斥vi.狂饮,飞驰int.该死!"
O0874,helpless,1,helpless,0,,1,helpless,D0868,kept,,,,,,,helpless: adj. 无助的；无能的；没用的
O0875,hemisphere,1,hemisphere,0,,1,hemisphere,D0869,kept,,,,,,,hemisphere: n. 半球
O0876,hence,2,"hence, henceforth",0,,2,"hence, henceforth",D0870,kept,hence + forth; hence古英语'从此',henceforth是hence加forth构成，表示从此以后。,因此(hence)，从今以后(henceforth)要牢记教训。,因此从今以后要记住。,hence the reason - 因此原因 | from henceforth - 从今往后,,hence: adv. 因此；今后 | henceforth: adv. 从此以后
O0877,herd,1,herd,0,,1,herd,D0871,kept,,,,,,,herd: n. 兽群，畜群；放牧人vi. 成群，聚在一起vt. 放牧；使成群n. (Herd)人名；(英、芬)赫德
O0878,heroic,1,heroic,0,,1,heroic,D0872,kept,,,,,,,heroic: adj. 英雄的；英勇的；记叙英雄及其事迹的；夸张的n. 史诗；英勇行为
O0879,hesitate,1,hesitate,0,,1,hesitate,D0873,kept,,,,,,,hesitate: vi. 踌躇，犹豫；不愿vt. 踌躇，犹豫；有疑虑，不愿意
O0880,hierarchy,1,hierarchy,0,,1,hierarchy,D0874,kept,,,,,,,hierarchy: n. 层级；等级制度
O0881,highlight,2,"highlight, highly",0,,2,"highlight, highly",D0875,kept,high + light/ly; 均与high（高）相关,highlight指突出，highly指高度地，皆源自high。,高度(highly)赞许的事要highlight（突出）出来。,高度赞许就突出亮点。,highlight the importance - 强调重要性 | highly recommend - 强烈推荐,,highlight: v. 突出；强调；使显著；加亮；着亮彩于（头发）n. 最精彩的部分；最重要的事情；强光部分 | highly: adv. 高度地；非常；非常赞许地
O0882,hillside,1,hillside,0,,1,hillside,D0876,kept,,,,,,,hillside: n. 山坡，山腹；山腰
O0883,hinder,1,hinder,0,,1,hinder,D0877,kept,,,,,,,hinder: vi. 成为阻碍vt. 阻碍；打扰adj. 后面的n. (Hinder)人名；(芬)欣德
O0884,hinge,1,hinge,0,,1,hinge,D0878,kept,,,,,,,hinge: n. 铰链，折叶；关键，转折点；枢要，中枢v. 用铰链连接；依…为转移；给…安装铰链；（门等）装有蝶铰
O0885,hint,1,hint,0,,1,hint,D0879,kept,,,,,,,hint: n. 暗示；线索vt. 暗示；示意vi. 示意n. (Hint)人名；(英)欣特；(法)安特
O0886,historic,3,"historian, historic, historical",0,,3,"historian, historic, historical",D0880,kept,hist- 记录，历史,均源自希腊语histōr，指历史记录。,历史学家(historian)研究具有历史意义(historic)的历史(historical)事件。,历史学家的历史研究既有历史意义又基于史实。,historian - 历史学家 | historic event - 历史性事件 | historical records - 历史记录,辨析：historic强调重要性，historical强调与历史相关,historian: n. 历史学家 | historic: adj. 有历史意义的；历史上著名的 | historical: adj. 历史的；史学的；基于史实的
O0887,hitherto,1,hitherto,0,,1,hitherto,D0881,kept,,,,,,,hitherto: adv. 迄今；至今
O0888,hoist,1,hoist,0,,1,hoist,D0882,kept,,,,,,,hoist: v. 升起，吊起；抬高，举起n. 起重机；吊车；升降机；升起，增加；信号旗；旗宽n. (Hoist) （美、印、英、加）霍伊斯特（人名）
O0889,hollow,1,hollow,0,,1,hollow,D0883,kept,,,,,,,hollow: adj. 空的；中空的，空腹的；凹的；虚伪的n. 洞；山谷；窟窿vt. 使成为空洞vi. 形成空洞adv. 彻底地；无用地n. (Hollow)人名；(英)霍洛
O0890,homogeneous,1,homogeneous,0,,1,homogeneous,D0884,kept,,,,,,,homogeneous: adj. 均匀的；[数] 齐次的；同种的；同类的，同质的
O0891,honourable,2,"honesty, honourable",0,,2,"honesty, honourable",D0885,kept,honor- 荣誉,同词根，honesty诚实带来honourable荣誉。,诚实(honesty)的人值得尊敬(honourable)。,诚实品质带来荣誉。,honesty is the best policy - 诚实为上策 | honourable mention - 荣誉奖,注意：honourable英式拼写，美式honorable,honesty: n. 诚实，正直 | honourable: adj. 荣誉的；值得尊敬的；表示尊敬的；正直的（honorable的英式写法）
O0892,honeymoon,1,honeymoon,0,,1,honeymoon,D0886,kept,,,,,,,honeymoon: n. 蜜月；蜜月假期；（新生事物、新建关系等的）短暂的和谐时期vi. 度蜜月
O0893,horizon,2,"horizon, horizontal",0,,2,"horizon, horizontal",D0887,kept,horiz- 限制，边界,同源，地平线是水平的界限。,地平线(horizon)是一条水平线(horizontal)。,地平线上看水平。,broaden one's horizon - 开阔眼界 | horizontal line - 水平线,,horizon: n. [天] 地平线；视野；眼界；范围 | horizontal: adj. 水平的；地平线的；同一阶层的n. 水平线，水平面；水平位置
O0894,horn,1,horn,0,,1,horn,D0888,kept,,,,,,,horn: n. 喇叭，号角；角vt. 装角于n. (Horn)人名；(英、德、匈、捷、罗、波、芬、希、瑞典)霍恩；(法)奥尔恩；(柬)洪
O0895,horror,1,horror,0,,1,horror,D0889,kept,,,,,,,horror: n. 惊骇；惨状；极端厌恶；令人恐怖的事物
O0896,horsepower,1,horsepower,0,,1,horsepower,D0890,kept,,,,,,,horsepower: n. 马力（功率单位）
O0897,hose,1,hose,0,,1,hose,D0891,kept,,,,,,,hose: n. 软管；长筒袜；男性穿的紧身裤vt. 用软管浇水；痛打
O0898,hostess,3,"hospitality, hostess, hostile",0,,3,"hospitality, hostess, hostile",D0892,kept,host- 主人(源自hospes); hostile源自hostis敌人,hostess女主人提供hospitality款待，hostile敌对的与之相反。,女主人(hostess)热情款待(hospitality)，但敌对者(hostile)却充满敌意。,女主人殷勤款待，敌对态度反着来。,hostess of the party - 派对女主人 | show hospitality - 表示款待 | hostile attitude - 敌对态度,对比：hospitable好客的 vs hostile敌对的,hospitality: n. 好客；殷勤 | hostess: n. 女主人，女老板；女服务员；舞女；女房东 | hostile: adj. 敌对的，敌方的；怀敌意的n. 敌对
O0899,hostage,1,hostage,0,,1,hostage,D0893,kept,,,,,,,hostage: n. 人质；抵押品
O0900,household,2,"household, housewife",0,,2,"household, housewife",D0894,kept,house + hold/wife,复合词，均与家和家庭相关。,一个家庭(household)里有家庭主妇(housewife)。,家庭主妇打理一家人。,household appliances - 家用电器 | housewife duties - 主妇职责,,household: n. 一家人，一户；同住一所房子的人；王室 (the Household)adj. 家庭的，家用的；家喻户晓的n. (Household)（美、瑞）豪斯霍尔德（人名） | housewife: n. 家庭主妇
O0901,hover,1,hover,0,,1,hover,D0895,kept,,,,,,,hover: vi. 盘旋，翱翔；徘徊n. 徘徊；盘旋；犹豫vt. 孵；徘徊在…近旁n. (Hover)人名；(英、德)霍弗
O0902,humanity,2,"humanity, humble",0,,2,"humanity, humble",D0896,kept,hum- 土，低; humanity来自human（人），humble来自humilis（低）,同根hum-，人类(泥土造)保持谦卑。,人类(humanity)应谦卑(humble)，不忘尘世起源。,人类谦卑不忘本。,crimes against humanity - 反人类罪行 | in my humble opinion - 依我拙见,注意与humid区分,humanity: n. 人类；人道；仁慈；人文学科 | humble: adj. 谦逊的；简陋的；（级别或地位）低下的；不大的vt. 使谦恭；轻松打败（尤指强大的对手）；低声下气
O0903,humid,2,"humid, humidity",0,,2,"humid, humidity",D0897,kept,humid- 湿,humid形容词，humidity名词，均表潮湿。,潮湿(humid)天气中湿度(humidity)高。,湿气重，湿度高。,humid climate - 潮湿气候 | relative humidity - 相对湿度,,humid: adj. 潮湿的；湿润的；多湿气的 | humidity: n. [气象] 湿度；湿气
O0904,humorous,1,humorous,0,,1,humorous,D0898,kept,,,,,,,humorous: adj. 诙谐的，幽默的；滑稽的，可笑的
O0905,hurl,1,hurl,0,,1,hurl,D0899,kept,,,,,,,hurl: vt. 丢下；用力投掷；愤慨地说出vi. 猛投；猛掷n. 用力的投掷
O0906,hut,1,hut,0,,1,hut,D0900,kept,,,,,,,hut: n. 小屋；临时营房vt. 使住在小屋中；驻扎vi. 住在小屋中；驻扎n. (Hut)人名；(阿拉伯、罗、塞)胡特
O0907,hypothesis,1,hypothesis,0,,1,hypothesis,D0901,kept,,,,,,,hypothesis: n. 假设
O0908,hysterical,1,hysterical,0,,1,hysterical,D0902,kept,,,,,,,hysterical: adj. 歇斯底里的；异常兴奋的
O0909,ideal,1,ideal,0,,1,ideal,D0903,kept,,,,,,,ideal: adj. 理想的；完美的；想象的；不切实际的n. 理想；典范
O0910,identify,4,"identical, identification, identify, identity",0,,4,"identical, identification, identify, identity",D0904,kept,"ident- (相同) + -ify (使成为), -ity (名词), -ical (形容词), -ication (名词)",这些词都与“同一性、身份”相关，核心是“相同”,想象在机场安检时，你出示身份证件（identification）来证明你的身份（identity），系统识别（identify）出你和照片完全一样（identical）。,身份识别全相同，ident家族一记通,identity card - 身份证 | identify with - 认同 | identical twin - 同卵双胞胎,identify 常搭配 with，表示认同或与…一致,identical: adj. 同一的；完全相同的n. 完全相同的事物 | identification: n. 鉴定，识别；认同；身份证明 | identify: vt. 确定；鉴定；识别，辨认出；使参与；把……看成一样vi. 确定；认同；一致 | identity: n. 身份；同一性，一致；特性；恒等式
O0911,ideology,1,ideology,0,,1,ideology,D0905,kept,,,,,,,ideology: n. 意识形态；思想意识；观念学
O0912,idiom,1,idiom,0,,1,idiom,D0906,kept,,,,,,,idiom: n. 成语，习语；土话
O0913,idle,1,idle,0,,1,idle,D0907,kept,,,,,,,idle: adj. 闲置的；懒惰的；停顿的vi. 无所事事；虚度；空转vt. 虚度；使空转
O0914,ignite,1,ignite,0,,1,ignite,D0908,kept,,,,,,,ignite: vt. 点燃；使燃烧；使激动vi. 点火；燃烧
O0915,ignorant,2,"ignorance, ignorant",0,,2,"ignorance, ignorant",D0909,kept,"ig- (不) + gnor (知道) + -ance (名词), -ant (形容词)",gnor词根意为“知道”，加上否定前缀，表示无知,一个人因为无知（ignorance）而变得愚昧（ignorant），但他不自知,无知 ignor，不学无术全包括,be ignorant of - 对…无知 | ignorance is bliss - 无知是福,反义词：knowledgeable 博学的,ignorance: n. 无知，愚昧；不知，不懂 | ignorant: adj. 无知的；愚昧的
O0916,illuminate,3,"illuminate, illustrate, illustration",0,,3,"illuminate, illustrate, illustration",D0910,kept,"il- (进入) + lumin (光) / lustr (照亮) + -ate, -ion",都来自拉丁语“illuminare”（照亮），后衍生为阐明、图解,老师用投影仪照亮（illuminate）屏幕，并用图解（illustration）来举例说明（illustrate）知识点，使教室一片光明,照亮阐明用 illumin，插图说明 illustrate 连,illuminate a street - 照亮街道 | illustrate a point - 阐明观点 | full of illustrations - 充满插图,勿混淆 illusion（幻觉），它的词根是lud（玩）,illuminate: vt. 阐明，说明；照亮；使灿烂；用灯装饰vi. 照亮 | illustrate: vt. 阐明，举例说明；图解vi. 举例 | illustration: n. 说明；插图；例证；图解
O0917,illusion,1,illusion,0,,1,illusion,D0911,kept,,,,,,,illusion: n. 幻觉，错觉；错误的观念或信仰
O0918,image,4,"image, imaginary, imagination, imaginative",0,,4,"image, imaginary, imagination, imaginative",D0912,kept,"imag- (形象，想象) + -ine (名词), -ary (形容词), -ation (名词), -ative (形容词)",词根“imag”表示形象或想象，这四个词围绕想象、形象展开,一个画家，脑子里有丰富的想象力（imagination），富有创造力（imaginative），能画出虚构的（imaginary）奇幻场景，这些作品就是他的形象（image）,形象家族 imag，想象虚构全拿下,public image - 公众形象 | vivid imagination - 生动的想象力 | imaginary friend - 假想朋友,对比：imaginary 不真实的；imaginative 有想象力的,image: n. 影像；想象；肖像；偶像vt. 想象；反映；象征；作…的像n. (Image)人名；(法)伊马热 | imaginary: adj. 虚构的，假想的；想象的；虚数的 | imagination: n. [心理] 想象力；空想；幻想物 | imaginative: adj. 富于想象的；有创造力的
O0919,imitate,2,"imitate, imitation",0,,2,"imitate, imitation",D0913,kept,"imit- (模仿) + -ate (动词), -ation (名词)",同词根，模仿的行为和结果,小孩喜欢模仿（imitate）大人说话，但有时只是仿制品（imitation），并不真实,模仿 imit，动词名词一起记,imitate sb's style - 模仿某人的风格 | imitation leather - 人造皮革,辨析：imitate 侧重模仿，copy 指复制,imitate: vt. 模仿，仿效；仿造，仿制 | imitation: n. 模仿，仿造；仿制品adj. 人造的，仿制的
O0920,immediate,1,immediate,0,,1,immediate,D0914,kept,,,,,,,immediate: adj. 立即的；直接的；最接近的
O0921,immense,1,immense,0,,1,immense,D0915,kept,,,,,,,immense: adj. 巨大的，广大的；无边无际的；非常好的
O0922,immerse,1,immerse,0,,1,immerse,D0916,kept,,,,,,,immerse: vt. 沉浸；使陷入
O0923,immigrant,1,immigrant,0,,1,immigrant,D0917,kept,,,,,,,immigrant: adj. 移民的；迁入的n. 移民，侨民
O0924,immune,1,immune,0,,1,immune,D0918,kept,,,,,,,immune: adj. 免疫的；免于……的，免除的n. 免疫者；免除者
O0925,impact,1,impact,0,,1,impact,D0919,kept,,,,,,,impact: n. 影响；效果；碰撞；冲击力vt. 挤入，压紧；撞击；对…产生影响vi. 影响；撞击；冲突；压紧（on，upon，with）
O0926,impair,1,impair,0,,1,impair,D0920,kept,,,,,,,impair: vt. 损害；削弱；减少
O0927,impart,1,impart,0,,1,impart,D0921,kept,,,,,,,impart: vt. 告知，传授；透露，透漏；赋予，给予（尤指抽象事物）
O0928,impatient,1,impatient,0,,1,impatient,D0922,kept,,,,,,,impatient: adj. 焦躁的；不耐心的
O0929,imperative,2,"imperative, imperial",0,,2,"imperative, imperial",D0923,kept,"imper- (命令，统治) + -ial (形容词), -ative (形容词)",都源自拉丁语 imperare（命令、统治），imperial 帝国的，imperative 命令的、必要的,皇帝（imperial）发布命令（imperative），要求臣民绝对服从,imper 命令统治，帝国必要一起记,imperial palace - 皇宫 | moral imperative - 道德上的必要,imperialism n. 帝国主义,imperative: adj. 必要的，不可避免的；紧急的；命令的，专横的；势在必行的；[语]祈使的n. 必要的事；命令；需要；规则；[语]祈使语气 | imperial: adj. 帝国的；皇帝的；至高无上的；威严的n. 纸张尺寸；特等品n. (Imperial)人名；(西)因佩里亚尔
O0930,impetus,1,impetus,0,,1,impetus,D0924,kept,,,,,,,impetus: n. 动力；促进；冲力；动量
O0931,implement,1,implement,0,,1,implement,D0925,kept,,,,,,,implement: vt. 实施，执行；实现，使生效n. 工具，器具；手段
O0932,imply,3,"implication, implicit, imply",0,,3,"implication, implicit, imply",D0926,kept,im- (进入) + ply/plic (折叠) → 隐含,词根“plic”表示折叠，imply是把意思折进去，即暗示；implicit含蓄的；implication含义暗示,他的话暗示（imply）了一个含蓄的（implicit）威胁，其含义（implication）令人不安,暗示隐含 implic，折叠进去才明白,imply a threat - 暗示威胁 | implicit trust - 绝对信任 | by implication - 含蓄地,explicit 明确的，与 implicit 互为反义词,implication: n. 含义；暗示；牵连，卷入；可能的结果，影响 | implicit: adj. 含蓄的；暗示的；盲从的 | imply: vt. 意味；暗示；隐含
O0933,importance,1,importance,0,,1,importance,D0927,kept,,,,,,,importance: n. 价值；重要；重大；傲慢
O0934,impose,1,impose,0,,1,impose,D0928,kept,,,,,,,impose: vi. 利用；欺骗；施加影响vt. 强加；征税；以…欺骗
O0935,impression,2,"impression, impressive",0,,2,"impression, impressive",D0929,kept,im- = into + press = 压 → 压入脑海 → 印象；-ive 形容词后缀,impression是名词，impressive是形容词，均源自‘压入’的概念,一场展览给你的印象(impression)如此深刻，以至于你觉得它非常impressive(令人赞叹的),压入脑中的印象，让人赞叹的,first impression - 第一印象 | impressive performance - 令人印象深刻的表演,impress v. 给…留下印象,impression: n. 印象；效果，影响；压痕，印记；感想；曝光（衡量广告被显示的次数。打开一个带有该广告的网页，则该广告的impression 次数增加一次） | impressive: adj. 感人的；令人钦佩的；给人以深刻印象的
O0936,imprison,1,imprison,0,,1,imprison,D0930,kept,,,,,,,imprison: vt. 监禁；关押；使…下狱
O0937,improvement,1,improvement,0,,1,improvement,D0931,kept,,,,,,,improvement: n. 改进，改善；提高
O0938,impulse,1,impulse,0,,1,impulse,D0932,kept,,,,,,,impulse: n. 冲动；[电子] 脉冲；刺激；神经冲动；推动力vt. 推动
O0939,inaugurate,1,inaugurate,0,,1,inaugurate,D0933,kept,,,,,,,inaugurate: vt. 创新；开辟；开创；举行开幕典礼；举行就职典礼
O0940,incentive,1,incentive,0,,1,incentive,D0934,kept,,,,,,,incentive: n. 动机；刺激
O0941,incidence,2,"incidence, incidentally",0,,2,"incidence, incidentally",D0935,kept,in- = on + cid = 落 → 落在…上 → 发生；incidence 发生率；incidentally 附带地,事件发生率与附带提及,事故的发生率(incidence)很高，顺便(incidentally)提醒大家注意安全,事件落上发生，顺便一提附带,high incidence of - …的高发生率 | incidentally mentioned - 顺便提及,incident n. 事件,incidence: n. 发生率；影响；[光] 入射；影响范围 | incidentally: adv. 顺便；偶然地；附带地
O0942,incline,1,incline,0,,1,incline,D0936,kept,,,,,,,incline: v. 倾向于；（使）倾向于；赞同（某人或某事）；有……倾向；（使）倾斜；低头n. 斜坡；斜面
O0943,inclusive,1,inclusive,0,,1,inclusive,D0937,kept,,,,,,,inclusive: adj. 包含的，包括的；包含全部费用的；
O0944,incorporate,1,incorporate,0,,1,incorporate,D0938,kept,,,,,,,incorporate: vt. 包含，吸收；体现；把……合并vi. 合并；混合；组成公司adj. 合并的；一体化的；组成公司的
O0945,increasingly,1,increasingly,0,,1,increasingly,D0939,kept,,,,,,,increasingly: adv. 越来越多地；渐增地
O0946,infinite,5,"incredible, indispensable, inevitable, infinite, innumerable",0,,5,"incredible, indispensable, inevitable, infinite, innumerable",D0940,kept,in-不 + fin=end结束→无限； in-不 + numer=number + able→数不清,两者都表示数量极多，无法计算,宇宙无限，星星无数,无限(infinite)空间里有无数的(innumerable)星,infinite possibilities - 无限可能 | innumerable stars - 数不清的星星,finite有限的 | numerous许多的,incredible: adj. 不能相信的，难以置信的；极好的，极大的 | indispensable: adj. 不可缺少的；绝对必要的；责无旁贷的n. 不可缺少之物；必不可少的人 | inevitable: adj. 必然的，不可避免的 | infinite: adj. 无限的，无穷的；无数的；极大的n. 无限；[数] 无穷大；无限的东西（如空间，时间） | innumerable: adj. 无数的，数不清的
O0947,incur,1,incur,0,,1,incur,D0941,kept,,,,,,,incur: v. 招致，遭受；引致，带来……
O0948,inefficient,4,"indefinite, indirect, inefficient, inexpensive",0,,4,"indefinite, indirect, inefficient, inexpensive",D0942,kept,"in- = not + 原词：efficient, direct, expensive, definite",四个常用形容词加否定前缀in-构成反义词,一家公司效率低(inefficient)，沟通间接(indirect)，产品便宜(inexpensive)但品质不定(indefinite),否前加in，效率低绕便不定,inefficient system - 低效系统 | indirect route - 间接路线 | inexpensive goods - 便宜货 | indefinite period - 不定期限,"其他否定前缀：im- (impossible), ir- (irregular), il- (illegal)",indefinite: adj. 不确定的；无限的；模糊的 | indirect: adj. 间接的；迂回的；非直截了当的 | inefficient: adj. 无效率的，效率低的；无能的 | inexpensive: adj. 便宜的
O0949,independence,1,independence,0,,1,independence,D0943,kept,,,,,,,independence: n. 独立性，自立性；自主
O0950,indicate,4,"index, indicate, indication, indicative",0,,4,"index, indicate, indication, indicative",D0944,kept,in- = in + dic = 说 → 指出；index 源自 in + deik- = 指出，与indicate概念相通,均含‘指示、表明’之意，index原指食指，用于指示,食指(index finger)用来指出(indicate)方向，是明显的指示(indication)方式，具有指示性的(indicative)动作,食指指示，迹象表明,indicate a problem - 表明问题 | clear indication - 明显迹象 | indicative of - 表明… | stock index - 股票指数,indicator n. 指示器,index: n. 指标；指数；索引；指针vi. 做索引vt. 指出；编入索引中 | indicate: vt. 表明；指出；预示；象征 | indication: n. 指示，指出；迹象；象征 | indicative: adj. 象征的；指示的；表示…的n. 陈述语气；陈述语气的动词形式
O0951,indifferent,1,indifferent,0,,1,indifferent,D0945,kept,,,,,,,indifferent: adj. 冷淡的；不关心的；中等的；平庸的；一般的；相当差的；中立的；不分化的n. 冷漠的人
O0952,indignant,2,"indignant, indignation",0,,2,"indignant, indignation",D0946,kept,in- = not + dign = 值得 → 认为不值得而生气 → 愤慨；-ation 名词后缀,因不公平而愤怒的心情,受到不公平对待，她愤愤不平的(indignant)表情和言语中的义愤(indignation)让人同情,认为不值，愤慨不平,indignant at - 对…愤慨 | public indignation - 公愤,furious adj. 狂怒的,indignant: adj. 愤愤不平的；义愤的 | indignation: n. 愤慨；愤怒；义愤
O0953,individual,1,individual,0,,1,individual,D0947,kept,,,,,,,individual: adj. 个人的；个别的；独特的n. 个人，个体
O0954,indoors,1,indoors,0,,1,indoors,D0948,kept,,,,,,,indoors: adv. 在室内，在户内
O0955,induce,1,induce,0,,1,induce,D0949,kept,,,,,,,induce: vt. 诱导；引起；引诱；感应
O0956,indulge,1,indulge,0,,1,indulge,D0950,kept,,,,,,,indulge: vt. 满足；纵容；使高兴；使沉迷于…vi. 沉溺；满足；放任
O0957,industrial,2,"industrial, industrialize",0,,2,"industrial, industrialize",D0951,kept,industry 工业 + -al 形容词后缀；-ize 动词后缀,工业的与使工业化,工业的(industrial)革命推动了国家工业化(industrialize),工业的有力，推进工业化,industrial area - 工业区 | industrialized economy - 工业化经济,industry n. 工业,industrial: adj. 工业的，产业的；从事工业的；供工业用的；来自勤劳的n. 工业股票；工业工人 | industrialize: vt. 使工业化vi. 实现工业化
O0958,inertia,1,inertia,0,,1,inertia,D0952,kept,,,,,,,inertia: n. [力] 惯性；惰性，迟钝；不活动
O0959,infant,1,infant,0,,1,infant,D0953,kept,,,,,,,infant: n. 婴儿；幼儿；未成年人adj. 婴儿的；幼稚的；初期的；未成年的n. (Infant)人名；(英)因方特
O0960,infect,2,"infect, infectious",0,,2,"infect, infectious",D0954,kept,in- = in + fect = 做 → 作用于内 → 传染；-ious 形容词后缀,传染和传染性的,病毒可以感染(infect)多人，成为一种传染性的(infectious)疾病,疾病入侵，感染传染,infect a wound - 感染伤口 | infectious disease - 传染病,infection n. 感染,infect: vt. 感染，传染 | infectious: adj. 传染的；传染性的；易传染的
O0961,infer,2,"infer, inference",0,,2,"infer, inference",D0955,kept,in- = in + fer = 带来 → 带来结论 → 推断；-ence 名词后缀,推理得出结论,侦探从线索中推断(infer)出真相，他的推论(inference)很准确,从内引出推断，推论结果,infer from - 从…推断 | make an inference - 做出推论,deduce v. 演绎,infer: vt. 推断；推论vi. 推断；作出推论 | inference: n. 推理；推论；推断
O0962,inferior,1,inferior,0,,1,inferior,D0956,kept,,,,,,,inferior: adj. 差的；自卑的；下级的，下等的n. 下级；次品
O0963,inflation,1,inflation,0,,1,inflation,D0957,kept,,,,,,,inflation: n. 膨胀；通货膨胀；夸张；自命不凡
O0964,inflict,1,inflict,0,,1,inflict,D0958,kept,,,,,,,inflict: vt. 造成；使遭受（损伤、痛苦等）；给予（打击等）
O0965,influence,2,"influence, influential",0,,2,"influence, influential",D0959,kept,词根flu=flow，in-进入，流入→影响,influence是影响，influential是有影响的,水流进入人心，产生影响力,流入(flu)人心就产生影响,influence on - 对...的影响 | influential figure - 有影响的人物,fluent流利的 | fluid流体,influence: n. 影响；势力；感化；有影响的人或事vt. 影响；改变 | influential: adj. 有影响的；有势力的n. 有影响力的人物
O0966,information,1,information,0,,1,information,D0960,kept,,,,,,,information: n. 信息，资料；知识；情报
O0967,ingenious,1,ingenious,0,,1,ingenious,D0961,kept,,,,,,,ingenious: adj. 有独创性的；机灵的，精制的；心灵手巧的
O0968,ingredient,1,ingredient,0,,1,ingredient,D0962,kept,,,,,,,ingredient: n. 原料；要素；组成部分adj. 构成组成部分的
O0969,inhabit,2,"inhabit, inhabitant",0,,2,"inhabit, inhabitant",D0963,kept,in-里 + habit居住 → 居住于,inhabit动词居住，inhabitant名词居民,住在一个地方的人和动作,居住(inhabit)在里面(in)就是居民(inhabitant),inhabit a place - 居住某地 | local inhabitant - 当地居民,habitat栖息地 | cohabit同居,inhabit: vt. 栖息；居住于；占据vi. （古）居住；栖息 | inhabitant: n. 居民；居住者
O0970,inherit,1,inherit,0,,1,inherit,D0964,kept,,,,,,,inherit: vt. 继承；遗传而得vi. 成为继承人
O0971,inhibit,1,inhibit,0,,1,inhibit,D0965,kept,,,,,,,inhibit: vt. 抑制；禁止
O0972,initiate,2,"initiate, initiative",0,,2,"initiate, initiative",D0966,kept,init=开始，源于 in-进入 + ire走 → 开始走,initiate开始/发起，initiative首创精神/主动权,开始走第一步需要主观能动性,先initiate（发起）才需要initiative（主动性）,initiate a plan - 启动计划 | take the initiative - 采取主动,initial最初的 | initiation开始,initiate: vt. 开始，创始；发起；使初步了解n. 开始；新加入者，接受初步知识者adj. 新加入的；接受初步知识的 | initiative: n. 主动权；积极性；首创精神；新方案；倡议adj. 初步的，基础的
O0973,inject,2,"inject, injection",0,,2,"inject, injection",D0967,kept,in-进 + ject=throw扔 → 注入，注射,inject动词注射，injection名词注射,把液体扔进身体,往里面(in)扔(ject)就是注射,inject into - 注入 | give an injection - 打针,reject拒绝 | project项目,inject: vt. 注入；注射 | injection: n. 注射；注射剂；充血；射入轨道
O0974,injure,2,"injure, insult",0,,2,"injure, insult",D0968,kept,injure: in-不 + jur=right→伤害；insult: in-上 + sult=leap跳→侮辱,injure指身体伤害，insult指言语侮辱，都是损害,侮辱的话像跳起来伤人，直接伤害自尊,injure伤身，insult伤口,injure oneself - 受伤 | insult sb. - 侮辱某人,injury伤害 | insulting侮辱的,injure: vt. 伤害，损害 | insult: v. 侮辱；辱骂；损害n. 侮辱；凌辱；无礼
O0975,input,3,"inlet, input, insight",0,,3,"inlet, input, insight",D0969,kept,in-进入 + let让 →入口； in-进入 + put放→输入； in-内 + sight看→洞察,都有in-前缀表示‘向内’，搭配不同动词，形成不同词义,把数据输入(input)，从入口(inlet)观察获得洞察(insight),in（进）+ let（让）是入口；in+put（放）是输入；in+sight（看）是洞察,inlet of the sea - 海入海口 | data input - 数据输入 | have insight into - 有洞察力,outlet出口 | output输出,inlet: n. 入口，进口；插入物；水湾v. 引进; 嵌入; 插入; | input: n. 投入；输入电路vt. [自][电子] 输入；将…输入电脑 | insight: n. 洞察力；洞悉n. (Insight)人名；(英)因赛特
O0976,inner,1,inner,0,,1,inner,D0970,kept,,,,,,,inner: adj. 内部的；内心的；精神的n. 内部
O0977,innovation,1,innovation,0,,1,innovation,D0971,kept,,,,,,,innovation: n. 创新，革新；新方法
O0978,inquire,2,"inquire, inquiry",0,,2,"inquire, inquiry",D0972,kept,in-内 + quire=seek寻求 → 询问，调查,inquire动词询问，inquiry名词调查/询价,深入寻求答案,向里(in)寻求(quire)就是询问,inquire about - 询问关于 | make an inquiry - 做调查,require要求 | acquire获得,inquire: vt. 询问；查究；问明vi. 询问；查究；询价 | inquiry: n. 探究；调查；质询；询盘，询价
O0979,insane,1,insane,0,,1,insane,D0973,kept,,,,,,,insane: adj. 疯狂的；精神病的；极愚蠢的
O0980,inspection,1,inspection,0,,1,inspection,D0974,kept,,,,,,,inspection: n. 视察，检查
O0981,inspiration,1,inspiration,0,,1,inspiration,D0975,kept,,,,,,,inspiration: n. 灵感；鼓舞；吸气；妙计
O0982,install,3,"install, installation, installment",0,,3,"install, installation, installment",D0976,kept,in-内 + stall安置 → 安装,install安装，installation安装/就职，installment分期付款/安装,安装设备，分期付款像分期安装,安装(install)好了，分期(installment)付清,install software - 安装软件 | installation process - 安装过程 | in installments - 分期付款,stall摊位 | installer安装者,install: vt. 安装；任命；安顿 | installation: n. 安装，装置；就职 | installment: n. 安装；分期付款；部分；就职
O0983,instance,3,"instance, instantaneous, instantly",0,,3,"instance, instantaneous, instantly",D0977,kept,词根stare=stand站立，instance站近→例子；instantaneous瞬间的；instantly即刻,instance是站出来的例子，instantaneous和instantly都表示立即发生,例子突然站到你面前，瞬间出现,举例(instance)瞬间(instantaneously)出现，立刻(instantly)明白,for instance - 例如 | instantaneous response - 即时响应 | instantly knew - 立刻知道,instant立即的 | constant持续的,instance: n. 实例；情况；建议vt. 举...为例 | instantaneous: adj. 瞬间的；即时的；猝发的 | instantly: adv. 立即地；马上地；即刻地conj. 一…就…
O0984,instinct,1,instinct,0,,1,instinct,D0978,kept,,,,,,,instinct: n. 本能，直觉；天性adj. 充满着的
O0985,institute,2,"institute, institution",0,,2,"institute, institution",D0979,kept,in-上 + stitute=set up建立 → 建立，机构,institute建立/机构，institution制度/机构,建立机构形成制度,建立(institute)后形成制度(institution),research institute - 研究所 | educational institution - 教育机构,constitute构成 | substitute替代,institute: n. （尤指科学、教育的）机构，研究所，学会；机构建筑；（与法律相关的）注释，概要v. 实行，建立；授予……职位；提出（诉讼） | institution: n. 制度；建立；（社会或宗教等）公共机构；习俗
O0986,instruct,4,"instruct, instruction, instrument, instrumental",0,,4,"instruct, instruction, instrument, instrumental",D0980,kept,词根struct/build建造；instruct=把知识构建进去→教导；instrument=建造的东西→工具,instruct教导，instruction指令/教导，instrument工具，instrumental有帮助的/乐器的,老师用工具构建知识给学生的指令,教导(instruct)用工具(instrument)发出指令(instruction)有帮助(instrumental),instruct sb. to do - 命令某人做 | follow instructions - 遵循说明 | musical instrument - 乐器 | instrumental in - 在...中起作用,construct建造 | destruct毁坏,instruct: vt. 指导；通知；命令；教授 | instruction: n. 指令，命令；指示；教导；用法说明 | instrument: n. 仪器；工具；乐器；手段；器械vt. 给……装测量仪器 | instrumental: adj. 乐器的；有帮助的；仪器的，器械的n. 器乐曲；工具字，工具格
O0987,insufficient,1,insufficient,0,,1,insufficient,D0981,kept,,,,,,,insufficient: adj. 不足的；不能胜任的，缺乏能力的
O0988,insulate,1,insulate,0,,1,insulate,D0982,kept,,,,,,,insulate: vt. 隔离，使孤立；使绝缘，使隔热
O0989,insure,2,"insurance, insure",0,,2,"insurance, insure",D0983,kept,in-使+sure-确定,insure投保/确保（北美），insurance保险,为了确保(in+sure)未来安全，你购买保险(insurance),投保(insure)获得保险(insurance),insure against - 投保以防 | insurance policy - 保险单,"assure, ensure, insure 区别",insurance: n. 保险；保险费；保险契约；赔偿金 | insure: vt. 给……保险；北美确保，保证vi. 投保；北美确保
O0990,intact,1,intact,0,,1,intact,D0984,kept,,,,,,,intact: adj. 完整的；原封不动的；未受损伤的
O0991,integrate,3,"integral, integrate, integrity",0,,3,"integral, integrate, integrity",D0985,kept,词根integr-表示‘完整’,同词根，integrate使完整，integral完整的，integrity正直（人格完整）,拼图碎片整合成完整图案，人格完整即正直,整合(integrate)完整(integral)的整体，人格完整即正直(integrity),integrate into - 融入 | integral part - 组成部分 | integrity of character - 人格的完整,intact adj. 未受损的（词根tact-接触）,integral: adj. 积分的；完整的，整体的；构成整体所必须的n. 积分；部分；完整 | integrate: vt. 使…完整；使…成整体；求…的积分；表示…的总和vi. 求积分；取消隔离；成为一体adj. 整合的；完全的n. 一体化；集成体 | integrity: n. 完整；正直；诚实；廉正
O0992,intellect,5,"intellect, intellectual, intelligence, intelligent, intelligible",0,,5,"intellect, intellectual, intelligence, intelligent, intelligible",D0986,kept,intel-(inter-变体)+lect/lig-选择、收集、阅读,均与智力、理解相关；智力即从信息中辨别选择的能力,聪明的侦探(intelligent)凭借智力(intelligence)将复杂情报变得可理解(intelligible)，展现高超智力(intellect),智慧(intellect)的(intellectual)情报(intelligence)智能(intelligent)可理解(intelligible),artificial intelligence - 人工智能 | intellectual property - 知识产权 | intelligent design - 智能设计,intelligible vs. intelligent 区别,intellect: n. 智力，理解力；思维逻辑领悟力；智力高的人 | intellectual: adj. 智力的；聪明的；理智的n. 知识分子；凭理智做事者 | intelligence: n. 智力；情报工作；情报机关；理解力；才智，智慧；天分 | intelligent: adj. 智能的；聪明的；理解力强的 | intelligible: adj. 可理解的；明了的；仅能用智力了解的
O0993,intense,4,"intense, intensify, intensity, intensive",0,,4,"intense, intensify, intensity, intensive",D0987,kept,in-加强+tens/tend-伸展,词根‘伸展’引申为拉紧、强烈；intense强烈的，intensify加强，intensity强度，intensive集中的,拉伸橡皮筋，越拉越紧变得intense，强化(intensify)过程，达到高强度(intensity)，进行集中(intensive)训练,强烈(intense)强化(intensify)强度(intensity)集中(intensive),intense heat - 酷热 | intensive training - 强化训练 | high intensity - 高强度,intensive 与 extensive 对比,intense: adj. 强烈的；紧张的；非常的；热情的 | intensify: vi. 增强，强化；变激烈vt. 使加强，使强化；使变激烈 | intensity: n. 强度；强烈；[电子] 亮度；紧张 | intensive: adj. 加强的；集中的；透彻的；加强语气的n. 加强器
O0994,intention,3,"intent, intention, intentional",0,,3,"intent, intention, intentional",D0988,kept,in-朝向+tend-伸展（内心伸展的方向）,均表意图；intent专心的/意图，intention意图，intentional故意的,一个人专心(intent)瞄准目标，目标即intention，若伤人则为intentional,意图(intention)明确(intent)故意(intentional),with intent to - 意图做 | good intention - 好意 | intentional act - 故意行为,intent 与 intense 形近但不同,intent: n. 意图；目的；含义adj. 专心的；急切的；坚决的 | intention: n. 意图；目的；意向；愈合 | intentional: adj. 故意的；蓄意的；策划的
O0995,interact,2,"interact, interaction",0,,2,"interact, interaction",D0989,kept,inter-相互+act-行动,interact互动（动词），interaction互动（名词）,演员相互表演(interact)，产生互动(interaction),互动(interact)产生相互作用(interaction),interact with - 与…互动 | social interaction - 社交互动,interplay n. 相互作用,interact: vt. 互相影响；互相作用vi. 互相影响；互相作用n. 幕间剧；幕间休息 | interaction: n. 相互作用，相互影响；交流；[数] 交互作用；互动
O0996,interfere,2,"interfere, interference",0,,2,"interfere, interference",D0990,kept,inter-之间+fere-打,interfere干涉（动词），interference干扰（名词）,收音机信号被中间‘击打’(interfere)而出现干扰(interference),干涉(interfere)导致干扰(interference),interfere in - 干涉 | interference with - 干扰,interfere vs. intervene,interfere: vi. 干涉；妨碍；打扰vt. 冲突；介入 | interference: n. 干扰，冲突；干涉
O0997,intermediate,3,"interim, intermediate, intermittent",0,,3,"interim, intermediate, intermittent",D0991,kept,inter-在中间；interim来自副词interim；intermediate含medi-中间；intermittent含mit-送,均含‘中间、间歇’之意；interim临时的/过渡期，intermediate中间的/中级的，intermittent间歇的,项目中，interim report是中期报告，intermediate steps是中间步骤，intermittent rain是阵雨,中间(intermediate)阶段临时(interim)间歇(intermittent)进行,interim period - 过渡期 | intermediate level - 中级水平 | intermittent rain - 阵雨,transient 短暂的,interim: adj. 临时的，暂时的；中间的；间歇的n. 过渡时期，中间时期；暂定 | intermediate: adj. 中间的，过渡的；中级的，中等的n. 中级生；（化合物）中间体，中间物；中介，媒介v. 充当调解人，起媒介作用 | intermittent: adj. 间歇的；断断续续的；间歇性
O0998,interior,2,"interior, internal",0,,2,"interior, internal",D0992,kept,inter-内部；interior为比较级（更内），internal为内部派生,均表‘内部’；interior多指方位/国内，internal多指本质/体内的,房子的interior装饰漂亮，但汽车的internal engine才是核心,内部(interior)空间与内在(internal)结构有区别,interior design - 室内设计 | internal medicine - 内科学,"exterior, external 反义词",interior: n. 内部，里面；内景；内陆，腹地；内政，内务；本质adj. 内部的，里面的；内位的；内陆的，腹地的；内务的，内政的；心灵的，精神的；本质的 | internal: adj. 内部的；体内的；（机构）内部的；国内的；本身的；内心的；（大学生）本校生的n. 内脏；内部特征
O0999,international,1,international,0,,1,international,D0993,kept,,,,,,,international: adj. 国际的；国际通用的n. 国际体育比赛（选手）；外国人n. (International) 共产国际（组织）
O1000,interpret,3,"interpret, interpretation, interpreter",0,,3,"interpret, interpretation, interpreter",D0994,kept,inter-在之间+pret-价格（原意谈判解释）,interpret解释/口译，interpretation解释/翻译，interpreter口译员,谈判桌上，口译员(interpreter)在双方间(inter-)传译价格(pret)，做出解释(interpretation),口译(interpret)员(interpreter)给出解释(interpretation),interpret as - 理解为 | simultaneous interpretation - 同声传译,translate 与 interpret 区别,interpret: vt. 说明；口译vi. 解释；翻译 | interpretation: n. 解释；翻译；演出 | interpreter: n. 解释者；口译者；注释器
O1001,interrupt,2,"interrupt, interruption",0,,2,"interrupt, interruption",D0995,kept,inter-之间+rupt-断裂,interrupt打断（动词），interruption中断（名词）,说话时碎裂声(rupt)插入(inter)，打断(interrupt)谈话造成中断(interruption),打断(interrupt)造成中断(interruption),without interruption - 不间断地,"abrupt, erupt, bankrupt 同词根rupt",interrupt: vt. 中断；打断；插嘴；妨碍vi. 打断；打扰n. 中断 | interruption: n. 中断；干扰；中断之事
O1002,intersection,1,intersection,0,,1,intersection,D0996,kept,,,,,,,intersection: n. 交叉；十字路口；交集；交叉点
O1003,intervene,1,intervene,0,,1,intervene,D0997,kept,,,,,,,intervene: vi. 干涉；调停；插入
O1004,intimate,2,"intimate, intimidate",0,,2,"intimate, intimidate",D0998,kept,intimate：intim-最内；intimidate：in-使+timid-害怕,形近但意义无关；intimate亲密的，intimidate恐吓,一对亲密(intimate)情侣，一方突然面目狰狞想要恐吓(intimidate)对方,亲密(intimate)与恐吓(intimidate)形近却意远,intimate relationship - 亲密关系 | intimidate sb into doing - 恐吓某人做,timid 胆小的,intimate: adj. 亲密的；私人的；精通的；有性关系的n. 知己；至交vt. 暗示；通知；宣布 | intimidate: vt. 恐吓，威胁；胁迫
O1005,intricate,2,"intricate, intrigue",0,,2,"intricate, intrigue",D0999,kept,in-使+tric/trique-诡计,intricate复杂的（如诡计缠绕），intrigue阴谋/激起兴趣,间谍电影中，intricate的阴谋(intrigue)令人困惑又着迷,复杂的(intricate)阴谋(intrigue)让人着迷(intrigue),intricate design - 复杂设计 | political intrigue - 政治阴谋,extricate 解脱,intricate: adj. 复杂的；错综的，缠结的 | intrigue: n. 阴谋；诡计；复杂的事；私通vt. 用诡计取得；激起...的兴趣vi. 私通；密谋
O1006,intrinsic,1,intrinsic,0,,1,intrinsic,D1000,kept,,,,,,,intrinsic: adj. 本质的，固有的
O1007,introduction,1,introduction,0,,1,introduction,D1001,kept,,,,,,,introduction: n. 介绍；引进；采用；入门；传入
O1008,intuition,1,intuition,0,,1,intuition,D1002,kept,,,,,,,intuition: n. 直觉；直觉力；直觉的知识
O1009,invade,2,"invade, invasion",0,,2,"invade, invasion",D1003,kept,vad/vas = go; in- = into,invade是动词，入侵；invasion是名词形式。两者为动名词同源。,想象外敌进入国土的画面：动词是动作入侵，名词是入侵这一事件。,侵略动作是invade，侵略事件是invasion。,invade a country - 入侵一个国家 | military invasion - 军事入侵,辨析：evade (逃避) 词根vad也是走,invade: vt. 侵略；侵袭；侵扰；涌入vi. 侵略；侵入；侵袭；侵犯 | invasion: n. 入侵，侵略；侵袭；侵犯
O1010,invalid,1,invalid,0,,1,invalid,D1004,kept,,,,,,,invalid: adj. 无效的；有病的；残疾的n. 病人；残疾者vt. 使伤残；使退役vi. 变得病弱；因病而奉命退役
O1011,invaluable,1,invaluable,0,,1,invaluable,D1005,kept,,,,,,,invaluable: adj. 无价的；非常贵重的
O1012,invariably,1,invariably,0,,1,invariably,D1006,kept,,,,,,,invariably: adv. 总是；不变地；一定地
O1013,invention,3,"invention, inventor, inventory",0,,3,"invention, inventor, inventory",D1007,kept,vent = come; in- = upon,三者都源自拉丁语invenire（发现，想出）。invention是发明物，inventor是发明家，inventory原指找到的财产清单。,一个发明家盘点自己的发明清单：inventor做inventory，上面列出各种invention。,发明家(inventor)清点存货(inventory)里的发明(invention)。,patented invention - 专利发明 | famous inventor - 著名发明家 | take inventory - 清查存货,与venture（冒险）同源但不同义,invention: n. 发明；发明物；虚构；发明才能 | inventor: n. 发明家；[专利] 发明人；创造者 | inventory: n. 存货，存货清单；详细目录；财产清册vt. 给……开列清单
O1014,invert,1,invert,0,,1,invert,D1008,kept,,,,,,,invert: vt. 使…转化；使…颠倒；使…反转；使…前后倒置n. 颠倒的事物；倒置物；倒悬者adj. 转化的
O1015,invest,2,"invest, investment",1,investor,3,"invest, investment, investor",D1009,kept,vest = clothe; in- = into,invest是动词，投资；investment是名词，投资。,想象给一个项目穿上资本的外衣：你invest资金，得到investment回报。,投资动作invest，投资行为investment。,invest in stocks - 投资股票 | foreign investment - 外商投资 | return on investment - 投资回报,注意与investigate区分，无关,invest: vt. 投资；覆盖；耗费；授予；包围vi. 投资，入股；花钱买 | investment: n. 投资；投入；封锁
O1016,investigate,2,"investigate, investigation",0,,2,"investigate, investigation",D1010,kept,vestig = footprint; in- = into,investigate是动词，调查；investigation是名词，调查。,警察跟踪足迹进行调查：动词investigate，名词investigation。,调查动作investigate，调查工作investigation。,investigate a case - 调查案件 | under investigation - 在调查中 | thorough investigation - 彻底调查,与invest区分，词根不同，意义无关,investigate: v. 调查；研究 | investigation: n. 调查；调查研究
O1017,invisible,1,invisible,0,,1,invisible,D1011,kept,,,,,,,invisible: adj. 无形的，看不见的；无形的；不显眼的，暗藏的
O1018,invitation,1,invitation,0,,1,invitation,D1012,kept,,,,,,,invitation: n. 邀请；引诱；请帖；邀请函
O1019,involve,1,involve,0,,1,involve,D1013,kept,,,,,,,involve: vt. 包含；牵涉；使陷于；潜心于
O1020,inward,1,inward,0,,1,inward,D1014,kept,,,,,,,inward: adj. 向内的；内部的；精神的；本质上的；熟悉的adv. 向内；内心里n. 内部；内脏；密友n. (Inward)人名；(英)英沃德
O1021,irony,1,irony,0,,1,irony,D1015,kept,,,,,,,irony: n. 讽刺；反语；具有讽刺意味的事adj. 铁的；似铁的
O1022,irregular,1,irregular,0,,1,irregular,D1016,kept,,,,,,,irregular: adj. 不整齐的；不规则的；不正常的；非正规的；不按时的；便秘的（委婉语）n. 不规则物；不合规格的产品；非正规军人员
O1023,irrespective,1,irrespective,0,,1,irrespective,D1017,kept,,,,,,,irrespective: adj. 不考虑的，不顾的adv. 不考虑地，不顾地
O1024,irrigation,1,irrigation,0,,1,irrigation,D1018,kept,,,,,,,irrigation: n. 灌溉；[临床] 冲洗；冲洗法
O1025,irritate,1,irritate,0,,1,irritate,D1019,kept,,,,,,,irritate: vt. 刺激，使兴奋；激怒vi. 引起恼怒，引起不愉快
O1026,isolate,1,isolate,0,,1,isolate,D1020,kept,,,,,,,"isolate: vt.使隔离,使孤立,使绝缘,离析n.隔离种群"
O1027,issue,1,issue,0,,1,issue,D1021,kept,,,,,,,issue: n. 问题；流出；期号；发行物vt. 发行，发布；发给；放出，排出vi. 发行；流出；造成……结果；传下
O1028,item,1,item,0,,1,item,D1022,kept,,,,,,,item: n. 条款，项目；一则；一件商品（或物品）adv. 又，同上v. 记下；逐条列出
O1029,ivory,1,ivory,0,,1,ivory,D1023,kept,,,,,,,ivory: n. 象牙；乳白色；长牙adj. 乳白色的；象牙制的n. (Ivory)人名；(英)艾沃里
O1030,jail,1,jail,0,,1,jail,D1024,kept,,,,,,,jail: n. 监狱；监牢；拘留所vt. 监禁；下狱n. (Jail)人名；(英)杰尔
O1031,jealous,1,jealous,0,,1,jealous,D1025,kept,,,,,,,jealous: adj. 妒忌的；猜疑的；唯恐失去的；戒备的
O1032,jeopardize,1,jeopardize,0,,1,jeopardize,D1026,kept,,,,,,,jeopardize: vt. 危害；使陷危地；使受危困
O1033,jerk,1,jerk,0,,1,jerk,D1027,kept,,,,,,,jerk: n. 急拉；猛的一动；肌肉抽搐；蠢人；没品的人vi. 痉挛；急拉；颠簸地行进vt. 猛拉adj. 香料腌制的n. (Jerk) 耶尔克（人名）
O1034,Jew,2,"jew, jewish",0,,2,"jew, jewish",D1028,kept,Jew 来自希伯来语；-ish 构成形容词,Jew指犹太人（可作名词），Jewish是形容词，犹太的。,一个人是Jew，他的文化是Jewish。,犹太人Jew，犹太的Jewish。,Orthodox Jew - 正统派犹太教徒 | Jewish culture - 犹太文化,注意Jew的名词复数Jews，Jewish无比较级,jew: n. 犹太人；犹太教徒；守财奴vt. 杀价；欺骗 | jewish: adj. 犹太人的；犹太族的
O1035,joint,2,"joint, junction",0,,2,"joint, junction",D1029,kept,"junct/join = connect, join",joint指连接点、关节；junction指交叉点、汇合处。两者都表示连接。,身体的关节是joint，道路的交汇点是junction。,关节joint连接骨头，junction连接道路。,knee joint - 膝关节 | joint effort - 共同努力 | road junction - 道路交叉口,conjunction (连词；结合) 同词根,"joint: n.接缝,接合处,接合点,关节,(牛、羊等的腿)大块肉adj.共同的,联合的,连接的,合办的vt.连接,接合,使有接头vi.贴合,生节 | junction: n. 连接，接合；交叉点；接合点"
O1036,jolly,1,jolly,0,,1,jolly,D1030,kept,,,,,,,"jolly: adj.欢乐的,高兴的,快活的"
O1037,journal,2,"journal, journalist",0,,2,"journal, journalist",D1031,kept,journ = day; -al 名词后缀; -ist 指人,journal原指日报、日记，journalist是新闻记者。,记者每天为日报写稿：journal+ist = 写journal的人。,日报(journal)的写手是记者(journalist)。,keep a journal - 记日记 | freelance journalist - 自由记者 | academic journal - 学术期刊,journey (旅行) 同词根 journ- (一天),journal: n. 日报，杂志；日记；分类账 | journalist: n. 新闻工作者；报人；记日志者
O1038,joyful,1,joyful,0,,1,joyful,D1032,kept,,,,,,,joyful: adj. 欢喜的；令人高兴的
O1039,judgement,1,judgement,0,,1,judgement,D1033,kept,,,,,,,judgement: n. 意见；判断力；[法] 审判；评价
O1040,jury,1,jury,0,,1,jury,D1034,kept,,,,,,,jury: n. [法] 陪审团；评判委员会adj. 应急的n. (Jury)人名；(西)胡里；(英、法)朱里；(德)尤里
O1041,justice,3,"justice, justification, justify",0,,3,"justice, justification, justify",D1035,kept,词根 just- 表示“法律、正义”,这三个词源自同一词根 just-，围绕“公正、合理”的含义展开。justice 指司法公正，justification 表示理由或辩护，justify 是动词“证明…正当”。,想象法官（justice）在法庭上要求律师为嫌疑人的行为进行辩护（justify），并给出正当理由（justification）。,法官（justice）要求辩护（justify）必须有合理理由（justification）。,justice system - 司法体系 | social justice - 社会正义 | justification for - …的理由 | justify oneself - 为自己辩护,辨析 jury（陪审团）与 justice 系统相关，但来自不同词源,justice: n. 司法，法律制裁；正义；法官，审判员n. (Justice)人名；(英)贾斯蒂斯，贾斯蒂丝(女名) | justification: n. 理由；辩护；认为有理，认为正当；释罪 | justify: vi. 证明合法；整理版面vt. 证明……是正当的；替……辩护
O1042,keen,1,keen,0,,1,keen,D1036,kept,,,,,,,keen: adj. 敏锐的，敏捷的；渴望的；强烈的；热心的；锐利的n. 痛哭，挽歌n. (Keen)人名；(英)基恩；(德)肯；(肯)金
O1043,keeper,1,keeper,0,,1,keeper,D1037,kept,,,,,,,keeper: n. 监护人；饲养员；看守人；管理人
O1044,kidney,1,kidney,0,,1,kidney,D1038,kept,,,,,,,kidney: n. [解剖] 肾脏；腰子；个性n. (Kidney)人名；(英)基德尼
O1045,kilogram,2,"kilogram, kilometer",0,,2,"kilogram, kilometer",D1039,kept,前缀 kilo- 表示“千”,这两个词都是国际单位制，以 kilo-（千）为前缀，分别表示一千克（公斤）和一千米（公里）。一起记忆可轻松掌握 kilo- 前缀。,想象一个标有 'km' 的路牌和一个 1kg 的砝码，它们都代表“千”的度量。,千克（kilogram）和千米（kilometer）都有 kilo-（千），记住公制单位中的“千”就用 kilo。,a kilogram of - 一千克… | a kilometer away - 一千米远,其他带 kilo- 的词：kilowatt 千瓦，kilobyte 千字节,kilogram: n. 公斤；千克 | kilometer: n. [计量] 公里；[计量] 千米（等于kilometre）
O1046,kit,1,kit,0,,1,kit,D1040,kept,,,,,,,kit: n. 工具箱；成套工具vt. 装备vi. 装备n. (Kit)人名；(俄)基特；(东南亚国家华语)吉；(英)基特，姬特(女名)(教名 Christopher、Katherine 的昵称)
O1047,kneel,1,kneel,0,,1,kneel,D1041,kept,,,,,,,kneel: vi. 跪下，跪
O1048,knit,1,knit,0,,1,knit,D1042,kept,,,,,,,knit: vi. 编织；结合；皱眉vt. 编织；结合n. 编织衣物；编织法
O1049,knob,1,knob,0,,1,knob,D1043,kept,,,,,,,knob: n. 把手；瘤；球形突出物vi. 鼓起vt. 使有球形突出物n. (Knob)人名；(匈、捷)克诺布
O1050,knot,1,knot,0,,1,knot,D1044,kept,,,,,,,knot: n. （绳等的）结；节瘤，疙瘩；海里/小时（航速单位）vt. 打结vi. 打结n. (Knot)人名；(英)诺特
O1051,label,1,label,0,,1,label,D1045,kept,,,,,,,"label: n.标签,签条,商标,标志vt.贴标签于,指...为,分类,标注 [计] 加上或修改磁盘的标签"
O1052,labor,2,"labor, laboratory",0,,2,"labor, laboratory",D1046,kept,词根 labor 表示“劳动”,laboratory 是 labor（劳动）加上表示地点的后缀 -ory，原指“劳动的地方”，现代指实验室。两词同源，联想记忆。,科学家们在实验室（laboratory）里辛勤劳动（labor）。,劳动（labor）的地方就是实验室（laboratory）。,manual labor - 体力劳动 | laboratory equipment - 实验室设备,elaborate 精心制作的，也来源于 labor,labor: n. 劳动；工作；劳工；分娩vi. 劳动；努力；苦干vt. 详细分析；使厌烦n. (Labor)人名；(德、塞、法)拉博尔；(英)拉博 | laboratory: n. 实验室，研究室
O1053,lace,1,lace,0,,1,lace,D1047,kept,,,,,,,lace: n. 花边；鞋带；饰带；少量烈酒vt. 饰以花边；结带子vi. 系带子n. (Lace)人名；(意)拉切
O1054,lag,1,lag,0,,1,lag,D1048,kept,,,,,,,lag: n. 落后；迟延；防护套；囚犯；桶板vt. 给......保温vi. 滞后；缓缓而行；蹒跚adj. 最后的n. （Lag）（俄）拉格（人名）
O1055,landlord,4,"landing, landlady, landlord, landscape",0,,4,"landing, landlady, landlord, landscape",D1049,kept,词根 land（土地）,这四个词都包含 land，意思都与“土地”相关：landing 登陆，landlady 女地主，landlord 房东/地主，landscape 风景。,地主（landlord）和女地主（landlady）站在自家土地上，看着远处的风景（landscape），脚下是登陆（landing）的石阶。,站在土地上（land）欣赏风景（landscape），地主（landlord）和女地主（landlady）在码头（landing）迎接你。,landing gear - 起落架 | landlady's permission - 女房东的许可 | landlord and tenant - 房东和租客 | landscape painting - 风景画,注意 land 发音 /lænd/，多义词“陆地，土地”,"landing: n. 登陆；码头；楼梯平台v. 登陆（land的ing形式）n. (Landing)人名；(冈、瑞典、塞内)兰丁 | landlady: n. 女房东；女地主；女店主 | landlord: n. 房东，老板；地主 | landscape: n.风景,山水画,地形,前景v.美化"
O1056,lane,1,lane,0,,1,lane,D1050,kept,,,,,,,lane: n. 小巷；[航][水运] 航线；车道；罚球区n. (Lane)人名；(英、俄)莱恩；(老)兰；(德、法、意、葡、塞、瑞典)拉内n. 兵线（游戏术语）
O1057,largely,1,largely,0,,1,largely,D1051,kept,,,,,,,largely: adv. 主要地；大部分；大量地
O1058,latent,1,latent,0,,1,latent,D1052,kept,,,,,,,latent: adj. 潜在的；潜伏的；隐藏的
O1059,latin,1,latin,0,,1,latin,D1053,kept,,,,,,,latin: n. 拉丁语；拉丁人；拉丁音乐adj. 拉丁语的，用拉丁语写成的； 拉丁语系国家（或民族）的；拉丁人的n. (Latin) （美）拉京（人名）
O1060,latitude,1,latitude,0,,1,latitude,D1054,kept,,,,,,,latitude: n. 纬度；界限；活动范围
O1061,launch,1,launch,0,,1,launch,D1055,kept,,,,,,,launch: v. 发射（导弹、火箭等）；发起，发动；使……下水；开始；起飞n. 发射；发行，投放市场；下水；汽艇
O1062,lavatory,1,lavatory,0,,1,lavatory,D1056,kept,,,,,,,lavatory: n. 厕所，盥洗室
O1063,lawn,1,lawn,0,,1,lawn,D1057,kept,,,,,,,lawn: n. 草地；草坪n. (Lawn)人名；(缅)朗
O1064,layer,1,layer,0,,1,layer,D1058,kept,,,,,,,"layer: n.层,阶层"
O1065,layman,1,layman,0,,1,layman,D1059,kept,,,,,,,layman: n. 外行；门外汉；俗人；一般信徒n. (Layman)人名；(英)莱曼
O1066,layout,1,layout,0,,1,layout,D1060,kept,,,,,,,layout: n. 布局；设计；安排；陈列
O1067,leadership,1,leadership,0,,1,leadership,D1061,kept,,,,,,,leadership: n. 领导能力；领导阶层
O1068,leaflet,1,leaflet,0,,1,leaflet,D1062,kept,,,,,,,leaflet: n. 小叶；传单
O1069,lean,1,lean,0,,1,lean,D1063,kept,,,,,,,"lean: n.倾斜,倾斜度,倚靠,倾向adj.瘦的,贫乏的,歉收的vi.倚靠,倾斜,依赖,倾向,偏向vt.使倾斜"
O1070,leap,1,leap,0,,1,leap,D1064,kept,,,,,,,"leap: v.跳,跳越,跳跃n.跳跃,飞跃"
O1071,learned,2,"learned, learning",0,,2,"learned, learning",D1065,kept,词根 learn（学习）,learned 指“有学问的”，learning 指“学习（过程或学问）”，都来自动词 learn。,一个 learned（有学问的）人一生都在追求 learning（学习）。,learned 学者爱 learning（学习）。,a learned scholar - 一位博学的学者 | lifelong learning - 终身学习,辨析 learned /ˈlɜːrnɪd/ 作为形容词，而 learned /lɜːrnd/ 是 learn 的过去式,"learned: adj.有学问的,学术上的 | learning: n. 学习；学问v. 学习（learn的现在分词）"
O1072,lease,1,lease,0,,1,lease,D1066,kept,,,,,,,lease: n. 租约；租期；租赁物；租赁权vt. 出租；租得vi. 出租
O1073,legend,1,legend,0,,1,legend,D1067,kept,,,,,,,legend: n. 传奇；说明；图例；刻印文字n. (Legend)人名；(西)莱亨德；(英)莱金德
O1074,legislation,2,"legislation, legitimate",0,,2,"legislation, legitimate",D1068,kept,词根 leg- 法律；legislation 由 leg + is + lation（带来）构成，指立法；legitimate 由 leg + itim + ate 构成，指合法的。,两词共享词根 leg-（法律），legislation 指立法过程或法律本身，legitimate 指符合法律或正当的。,想象立法机构制定出来的东西自然就是合法的。,立法（legislation）就是为了让事物合法（legitimate）。,pass legislation - 通过立法 | legitimate right - 合法权利,legal adj. 法律的 | illegitimate adj. 非法的,legislation: n. 立法；法律 | legitimate: adj. 合法的；正当的；合理的；正统的vt. 使合法；认为正当（等于legitimize）
O1075,leisure,1,leisure,0,,1,leisure,D1069,kept,,,,,,,leisure: n. 闲暇；空闲；安逸adj. 空闲的；有闲的；业余的n. (Leisure)人名；(英)莱热
O1076,lens,1,lens,0,,1,lens,D1070,kept,,,,,,,lens: n. 透镜，镜头；眼睛中的水晶体；晶状体；隐形眼镜；汽车的灯玻璃vt. 给……摄影
O1077,lessen,1,lessen,0,,1,lessen,D1071,kept,,,,,,,lessen: vt. 使…变小；使…减轻；使…变少vi. 减少；减轻；变小n. (Lessen)人名；(德、罗)莱森
O1078,lest,1,lest,0,,1,lest,D1072,kept,,,,,,,lest: conj. 唯恐，以免；（引出产生某种情感的原因）唯恐，担心
O1079,lever,1,lever,0,,1,lever,D1073,kept,,,,,,,lever: n. 杠杆；控制杆vt. 用杠杆撬动；把…作为杠杆vi. 用杠杆撬n. (Lever)人名；(法)勒韦；(英)利弗；(德)莱韦尔
O1080,liable,2,"liability, liable",0,,2,"liability, liable",D1074,kept,liable 来自法语 lier（绑），引申为有责任的；liability 为 liable 的名词形式，表示责任、债务或不利因素。,liability 是 liable 的直接派生名词，两词都表示与责任相关，且发音和拼写高度关联。,一个有责任（liable）的人必然要承担法律上的责任（liability）。,“赖”上了就有责任（liable）和债务（liability）。,liable for - 对……有责任 | limited liability - 有限责任,reliable adj. 可靠的（注意区分，re- 表示加强，但与 liable 词源不同）,liability: n. 责任；债务；倾向；可能性；不利因素 | liable: adj. 有责任的，有义务的；应受罚的；有…倾向的；易…的
O1081,liar,1,liar,0,,1,liar,D1075,kept,,,,,,,liar: n. 说谎的人n. (Liar) （俄、美、德）莉娅尔（人名）
O1082,liberate,3,"liberal, liberate, liberation",0,,3,"liberal, liberate, liberation",D1076,kept,词根 liber- 自由；liberal 形容词，表示自由的、慷慨的；liberate 动词，解放；liberation 名词，解放。,三者同词根，liberal 描述自由开放的态度，liberate 是解放的动作，liberation 是解放的结果或过程。,自由（liberal）战士解放（liberate）人民，最终迎来解放（liberation）。,自由（liberal）地解放（liberate），获得解放（liberation）。,liberal education - 通识教育 | liberate the mind - 解放思想 | national liberation - 民族解放,liberty n. 自由 | deliver v. 递送（词根不同，注意区分）,liberal: adj. 自由主义的；慷慨的；不拘泥的；宽大的n. 自由主义者n. (Liberal)人名；(葡)利贝拉尔 | liberate: vt. 解放；放出；释放 | liberation: n. 释放，解放
O1083,librarian,1,librarian,0,,1,librarian,D1077,kept,,,,,,,librarian: n. 图书馆员；图书管理员
O1084,lick,1,lick,0,,1,lick,D1078,kept,,,,,,,lick: vt. 舔；卷过；鞭打vt. （非正式）战胜vi. 舔；轻轻拍打n. 舔；打；少许n. (Lick)人名；(英、匈)利克
O1085,lieutenant,1,lieutenant,0,,1,lieutenant,D1079,kept,,,,,,,lieutenant: n. 中尉；副官；助理人员
O1086,lighten,3,"lighten, lightly, lightning",0,,3,"lighten, lightly, lightning",D1080,kept,皆源于 light 一词，light 兼具“轻的”（adj.）和“光”（n.）两个含义。lighten = light + en（使……）：1. 减轻（make light）2. 照亮（provide light）；lightly = light + ly（副词）轻轻地；lightning = light + ning（名词后缀）闪电。,通过 light 的多义性串联，一次性记住三个外形关联的单词，且能区分 lighten 的两个含义。,闪电（lightning）照亮（lighten）夜空，云朵轻轻地（lightly）飘动。,闪电（lightning）照亮（lighten）轻轻（lightly）叹。,lighten the burden - 减轻负担 | touch lightly - 轻轻碰触 | a flash of lightning - 一道闪电,light adj. 轻的，光明的 n. 光 | enlighten v. 启发（en- 使，给与光）,lighten: vi. 减轻；发亮vt. 使照亮；使轻松 | lightly: adv. 轻轻地；轻松地；容易地；不费力地 | lightning: n. 闪电；突然；（非正式）突如其来的好运adj. 闪电般快的，飞快的；突然的v. 闪电
O1087,likelihood,2,"likelihood, likewise",0,,2,"likelihood, likewise",D1081,kept,都来自 like（相似）；likelihood = like + li + hood（名词后缀），表示可能性；likewise = like + wise（方式后缀），表示同样地。,同一词根的不同派生，虽然词性和意思不同，但都与“相似”这一原意相关，放在一起可加深记忆。,同样地（likewise），这件事发生的可能性（likelihood）很高。,同样（likewise）可能（likelihood）。,in all likelihood - 十有八九 | do likewise - 照做,alike adj./adv. 相似的，同样地,likelihood: n. 可能性，可能 | likewise: adv. 同样地；也
O1088,limb,1,limb,0,,1,limb,D1082,kept,,,,,,,limb: n. 肢，臂；分支；枝干vt. 切断…的手足；从…上截下树枝n. (Limb)人名；(朝)林；(英)利姆
O1089,lime,1,lime,0,,1,lime,D1083,kept,,,,,,,lime: n. 石灰；酸橙；绿黄色vt. 撒石灰于；涂粘鸟胶于adj. 绿黄色的n. (Lime)人名；(法)利姆
O1090,limitation,2,"limitation, limited",0,,2,"limitation, limited",D1084,kept,词根 limit- 界限；limitation 为名词，限制；limited 为形容词，有限的。,同词根，一为抽象名词指限制本身或限度，一为形容词指受限制的状态。,种种限制（limitation）导致资源变得很有限（limited）。,限制（limitation）多了就有限（limited）。,statute of limitations - 诉讼时效 | limited edition - 限量版,limit n./v. 限制 | unlimited adj. 无限的,limitation: n. 限制；限度；极限；追诉时效；有效期限；缺陷 | limited: adj. 有限的n. 高级快车
O1091,limp,1,limp,0,,1,limp,D1085,kept,,,,,,,limp: adj. 柔软的，无力的；软弱的vi. 跛行，一拐一拐地走；缓慢费力地前进n. 跛行n. (Limp)人名；(英)林普
O1092,linear,2,"linear, liner",0,,2,"linear, liner",D1086,kept,词根 line（线）；linear 为形容词，线的；liner 为名词，画线者，后引申为沿航线运行的班轮或班机。,两词共享 line 词根，一形一名，且 liner 的常用义“班机/班轮”与航线（line）密切相关。,班机（liner）总是沿着直线（linear）航线飞行。,班轮（liner）走直线（linear）。,linear thinking - 线性思维 | ocean liner - 远洋班轮,line n. 线 | airline n. 航线,linear: adj. 线的，线型的；直线的，线状的；长度的 | liner: n. 班轮，班机；衬垫；画线者
O1093,linen,1,linen,0,,1,linen,D1087,kept,,,,,,,linen: n. 亚麻布，亚麻线；亚麻制品adj. 亚麻的；亚麻布制的n. (Linen) 利嫩（人名）
O1094,linger,1,linger,0,,1,linger,D1088,kept,,,,,,,linger: vi. 徘徊；苟延残喘；磨蹭vt. 消磨；缓慢度过n. (Linger)人名；(德、捷、瑞典)林格；(法)兰热
O1095,liquor,1,liquor,0,,1,liquor,D1089,kept,,,,,,,liquor: n. 酒，含酒精饮料；溶液；液体；烈酒vi. 喝酒，灌酒vt. 使喝醉
O1096,listener,1,listener,0,,1,listener,D1090,kept,,,,,,,listener: n. 听者，认真倾听的人；收听广播节目的人
O1097,liter,1,liter,0,,1,liter,D1091,kept,,,,,,,liter: n. [计量] 公升（容量单位）n. (Liter)人名；(英)利特
O1098,literacy,3,"literacy, literal, literary",0,,3,"literacy, literal, literary",D1092,kept,词根 liter- 文字；literacy = liter + acy 名词，读写能力；literal = liter + al 形容词，逐字的；literary = liter + ary 形容词，文学的。,同词根，均与“文字”相关，但含义各有侧重：literacy 侧重能力，literal 侧重字面，literary 侧重文学。,有读写能力（literacy）的人不会总按字面（literal）理解文学作品（literary）。,识字（literacy）不读字面（literal），爱读文学（literary）。,computer literacy - 计算机素养 | literal translation - 直译 | literary criticism - 文学批评,literature n. 文学 | illiterate adj. 文盲的,literacy: n. 读写能力；精通文学 | literal: adj. 文字的；逐字的；无夸张的 | literary: adj. 文学的；书面的；精通文学的
O1099,liver,1,liver,0,,1,liver,D1093,kept,,,,,,,liver: n. 肝脏；生活者，居民
O1100,loan,1,loan,0,,1,loan,D1094,kept,,,,,,,loan: n. 贷款；借款vi. 借出vt. 借；借给
O1101,lobby,1,lobby,0,,1,lobby,D1095,kept,,,,,,,lobby: n. 大厅；休息室；会客室；游说议员的团体vt. 对……进行游说vi. 游说议员
O1102,locate,3,"locality, locate, location",0,,3,"locality, locate, location",D1096,kept,词根 loc- 地方；locality 名词，地点；locate 动词，定位/位于；location 名词，位置。,同词根，locality 和 location 均为地点类名词，locate 是相应动词，三者联系紧密。,你试图定位（locate）某个地点（locality），最终得到它的确切位置（location）。,定位（locate）地点（locality）找位置（location）。,locate the place - 定位地点 | prime location - 黄金地段 | local locality - 当地地点,local adj. 当地的 | allocate v. 分配,locality: n. 所在；位置；地点 | locate: vt. 位于；查找…的地点vi. 定位；定居 | location: n. 位置；地点；外景拍摄场地
O1103,locomotive,1,locomotive,0,,1,locomotive,D1097,kept,,,,,,,locomotive: n. 机车；火车头；（学校啦啦队）节奏由慢到快的欢呼adj. 产生动力的，与动力有关的；运动的，移动的
O1104,lodge,1,lodge,0,,1,lodge,D1098,kept,,,,,,,"lodge: n.门房,(猎人住的)山林小屋,(游览区的)旅馆,(地方社团的)集会处vi.临时住宿,寄宿(某人家)vt.容纳,寄存,把...射入,存放,(向有关当局)提出(声明)"
O1105,lofty,2,"loft, lofty",0,,2,"loft, lofty",D1099,kept,词根 loft 源自“天空/高处”，loft（阁楼）与 lofty（高的、崇高的）同源。,loft 指阁楼（高处的房间），lofty 从“高的”引申为“崇高的”，意义直接相关。,想象一个高高的阁楼，里面存放着崇高的理想。,阁楼（loft）在高处，象征崇高（lofty）的理想。,loft conversion - 阁楼改造 | lofty ideal - 崇高理想 | lofty mountain - 高山,注意区别于 alley（小巷） | lofty 还有‘高傲的’贬义,loft: n. 阁楼；顶楼；鸽房vt. 把…储放在阁楼内vi. 将球高击n. (Loft)人名；(丹)洛夫特 | lofty: adj. 高的；崇高的；高级的；高傲的n. (Lofty)人名；(英)洛夫蒂
O1106,log,1,log,0,,1,log,D1100,kept,,,,,,,"log: n.航行日志,原木,园形木材,园木v.把...记入航行日志,伐木,把...锯成段"
O1107,logic,2,"logic, logical",0,,2,"logic, logical",D1101,kept,词根 log- “言语/道理” + -ic → logic（逻辑）；再加 -al 形容词后缀 → logical（合逻辑的）。,logic 是名词“逻辑”，logical 是其形容词“合逻辑的”，构成派生关系。,逻辑（logic）清晰的人总能做出合逻辑的（logical）决定。,逻辑（logic）通，则合逻辑（logical）。,logic circuit - 逻辑电路 | logical reasoning - 逻辑推理,注意 logical 与 logistic（后勤的）区别,logic: n. 逻辑；逻辑学；逻辑性 | logical: adj. 合逻辑的，合理的；逻辑学的
O1108,longitude,1,longitude,0,,1,longitude,D1102,kept,,,,,,,longitude: n. [地理] 经度；经线
O1109,loop,1,loop,0,,1,loop,D1103,kept,,,,,,,"loop: n.环,线(绳)圈,弯曲部分,回路,回线,(铁路)让车道,(飞机)翻圈飞行vt.使成环,以圈结,以环连结vi.打环,翻筋斗n.循环"
O1110,loosen,1,loosen,0,,1,loosen,D1104,kept,,,,,,,loosen: vt. 放松；松开vi. 放松；松开n. (Loosen)人名；(德)洛森
O1111,lord,1,lord,0,,1,lord,D1105,kept,,,,,,,lord: n. 主；上帝int. 主，天啊vt. 使成贵族vi. 作威作福，称王称霸n. (Lord)人名；(瑞典)洛德；(法)洛尔
O1112,loudspeaker,1,loudspeaker,0,,1,loudspeaker,D1106,kept,,,,,,,loudspeaker: n. 喇叭，扬声器；扩音器
O1113,lover,1,lover,0,,1,lover,D1107,kept,,,,,,,lover: n. 爱人，恋人；爱好者；情人n. (Lover)（英）洛弗（人名）
O1114,lower,1,lower,0,,1,lower,D1108,kept,,,,,,,"lower: adj.较低的,下级的,下等的,下游的vi.降低,跌落,减弱vt.放下,降下,减弱,贬低"
O1115,loyal,2,"loyal, loyalty",0,,2,"loyal, loyalty",D1109,kept,loyal（adj. 忠诚的）+ -ty 名词后缀 → loyalty（n. 忠诚）。,形容词 loyal 加 -ty 构成抽象名词 loyalty，意义由“忠心的”变为“忠诚”。,骑士对国王 loyal，这份 loyalty 让他战无不胜。,忠心的（loyal）骑士拥有忠诚（loyalty）的美德。,loyal customer - 忠实顾客 | brand loyalty - 品牌忠诚度,对应记忆 royal（王室的） | 近义词 faithful,loyal: adj. 忠诚的，忠心的；忠贞的n. 效忠的臣民；忠实信徒n. (Loyal)人名；(英、德、西、匈、法)洛亚尔 | loyalty: n. 忠诚；忠心；忠实；忠于…感情
O1116,lubricate,1,lubricate,0,,1,lubricate,D1110,kept,,,,,,,lubricate: vi. 润滑；涂油；起润滑剂作用vt. 使…润滑；给…加润滑油
O1117,lumber,1,lumber,0,,1,lumber,D1111,kept,,,,,,,"lumber: n.美木材,无用的杂物(如破旧家俱),废物,隆隆声vt.砍伐木材,乱堆vi.伐木,喧闹地向前走,笨重地行动"
O1118,luminous,1,luminous,0,,1,luminous,D1112,kept,,,,,,,luminous: adj. 发光的；明亮的；清楚的
O1119,lump,1,lump,0,,1,lump,D1113,kept,,,,,,,lump: n. 块，块状；肿块；瘤；很多；笨人vt. 混在一起；使成块状；忍耐；笨重地移动vi. 结块adj. 成团的；总共的adv. 很；非常
O1120,lunar,1,lunar,0,,1,lunar,D1114,kept,,,,,,,lunar: adj. 月亮的，月球的；阴历的；银的；微亮的n. (Lunar)人名；(西)卢纳尔
O1121,luxury,1,luxury,0,,1,luxury,D1115,kept,,,,,,,luxury: n. 奢侈，奢华；奢侈品；享受adj. 奢侈的
O1122,magnet,2,"magnet, magnetic",0,,2,"magnet, magnetic",D1116,kept,magnet（n. 磁铁）+ -ic 形容词后缀 → magnetic（adj. 有磁性的，吸引人的）。,magnet 是磁铁，magnetic 是其形容词，既指物理磁性，也比喻吸引力。,磁铁（magnet）有磁性（magnetic），能吸住铁片，也能像魅力一样吸住人群。,磁铁（magnet）魔法，吸引力（magnetic）大。,magnetic field - 磁场 | magnetic personality - 有吸引力的个性,不要与 magn-（大）词根混淆，如 magnificent,magnet: n. 磁铁；[电磁] 磁体；磁石n. (Magnet)人名；(塞)马格内特；(西)马涅特；(法)马涅 | magnetic: adj. 地磁的；有磁性的；有吸引力的
O1123,magnificent,3,"magnificent, magnify, magnitude",0,,3,"magnificent, magnify, magnitude",D1117,kept,词根 magn- “大” → magnificent（壮丽的，原义做得大），magnify（放大），magnitude（大小，量级）。,三个词共享“大”的概念：magnificent 形容规模大而壮丽，magnify 是使变大，magnitude 是大小程度。,一座宏伟（magnificent）的宫殿，被放大镜（magnify）突出了其体量（magnitude）的惊人。,“大”家族：宏伟（magnificent）、放大（magnify）、量级（magnitude）。,magnificent view - 壮丽景色 | magnifying glass - 放大镜 | earthquake magnitude - 地震震级,magnificent 不要误拼为 magnific | 比较 magnate（巨头）,magnificent: adj. 高尚的；壮丽的；华丽的；宏伟的 | magnify: vt. 放大；赞美；夸大vi. 放大；有放大能力 | magnitude: n. 大小；量级；[地震] 震级；重要；光度
O1124,mainly,1,mainly,0,,1,mainly,D1118,kept,,,,,,,mainly: adv. 主要地，大体上
O1125,maintain,2,"maintain, maintenance",0,,2,"maintain, maintenance",D1119,kept,动词 maintain（维持）+ 名词后缀 -ance，拼写变化为 maintenance（注意 ai 变 e，加 n）。,maintain 是动词“维持、维修”，maintenance 是其名词形式，拼写特殊需特别记忆。,工程师 maintain（维修）设备，并把 maintenance（维护）记录在案。,维持（maintain）靠维护（maintenance）。,maintain order - 维持秩序 | routine maintenance - 日常维护,词根：main（手）+ tain（拿），原义为手持 | 注意拼写：maintenance 不要漏掉 e,maintain: vt. 维持；继续；维修；主张；供养 | maintenance: n. 维护，维修；保持；生活费用
O1126,majesty,1,majesty,0,,1,majesty,D1120,kept,,,,,,,majesty: n. 威严；最高权威，王权；雄伟；权威
O1127,majority,1,majority,0,,1,majority,D1121,kept,,,,,,,majority: n. 多数；成年
O1128,mall,1,mall,0,,1,mall,D1122,kept,,,,,,,mall: n. 商场，购物广场；步行商业区；步行道；铁圈球球场n. (Mall) （美、瑞）迈勒（人名）
O1129,manager,2,"management, manager",0,,2,"management, manager",D1123,kept,动词 manage（管理）+ -er → manager（经理）；+ -ment → management（管理）。,manager 和 management 均源自 manage，分别表示“管理者”和“管理”。,经理（manager）负责公司的管理（management）工作。,经理（manager）做管理（management）。,project manager - 项目经理 | time management - 时间管理,注意 manager 与 director 的区别 | 词根 man- 手，管理原为‘驾驭马’的手艺,management: n. 管理；管理人员；管理部门；操纵；经营手段 | manager: n. 经理；管理人员
O1130,manual,6,"manifest, manipulate, manual, manufacture, manufacturer, manuscript",0,,6,"manifest, manipulate, manual, manufacture, manufacturer, manuscript",D1124,kept,词根 manu-/mani- “手” → 这些词都与手部动作或制品有关。,manual 手控的/手册，manipulate 用手精巧操作，manufacture 用手制造，manufacturer 制造者，manuscript 手写稿，manifest 原义用手打击使明显（表明/明显的）。,手工艺人用巧手（manipulate）制造（manufacture）产品，写成手册（manual）和手稿（manuscript），并向制造商（manufacturer）显摆（manifest）其优点。,手（manu-）艺大师：操纵（manipulate）工具制造（manufacture）出手册（manual）和手稿（manuscript），向制造商（manufacturer）显摆（manifest）。,user manual - 用户手册 | manipulate data - 操纵数据 | manufacture goods - 制造商品 | manufacturer's warranty - 制造商保修 | original manuscript - 原稿 | manifest error - 明显错误,区分 manual 与 Manuel（人名） | manufacturer 与 factory（工厂）侧重点不同,"manifest: n.载货单,旅客名单adj.显然的,明白的vi.出现vt.表明,证明 | manipulate: vt. 操纵；操作；巧妙地处理；篡改 | manual: adj. 体力的；手控的；用手的n. 说明书；小册子；（牧师主持圣礼时用）礼仪书；用手操作的器具 | manufacture: n. 制造；产品；制造业vt. 制造；加工；捏造vi. 制造 | manufacturer: n. 制造商；[经] 厂商 | manuscript: n. [图情] 手稿；原稿adj. 手写的"
O1131,manly,1,manly,0,,1,manly,D1125,kept,,,,,,,manly: adj. 男子气概的；强壮的；适于男人的adv. 雄赳赳地n. （Manly）（英）曼利（人名）
O1132,manoeuvre,1,manoeuvre,0,,1,manoeuvre,D1126,kept,,,,,,,"manoeuvre: n.[亦作maneuvre] 策略,调动v.用策略,调动,演习,(敏捷地)操纵"
O1133,margin,2,"margin, marginal",0,,2,"margin, marginal",D1127,kept,margin- 边缘，-al 形容词后缀,margin 是名词，指边缘或页边空白；marginal 是其形容词，表示边缘的、微不足道的。,一本书的 margin（页边空白）上写着 marginal（边缘的）笔记。,margin 边缘，marginal 边缘的，值边缘化。,page margin 页边空白 | marginal note 旁注 | marginal cost 边际成本,,margin: n. 边缘；利润，余裕；页边的空白vt. 加边于；加旁注于n. (Margin)人名；(俄、意)马尔金 | marginal: adj. 微不足道的，不重要的；边缘的；临界的；末端的n. 边缘席位
O1134,marine,1,marine,0,,1,marine,D1128,kept,,,,,,,marine: adj. 船舶的；海生的；海产的；航海的，海运的n. 海运业；舰队；水兵；（海军）士兵或军官n. (Marine)人名；(西)马里内；(英)马林
O1135,marsh,1,marsh,0,,1,marsh,D1129,kept,,,,,,,marsh: n. 沼泽；湿地adj. 沼泽的；生长在沼泽地的n. (Marsh)人名；(俄)马尔什；(英、瑞典)马什
O1136,marshal,1,marshal,0,,1,marshal,D1130,kept,,,,,,,marshal: n. 元帅；司仪vt. 整理；引领；编列vi. 排列n. (Marshal)人名；(英)马歇尔
O1137,marvelous,1,marvelous,0,,1,marvelous,D1131,kept,,,,,,,marvelous: adj. 了不起的；非凡的；令人惊异的；不平常的
O1138,marxism,2,"marxism, marxist",0,,2,"marxism, marxist",D1132,kept,-ism 主义，-ist 者,marxism 马克思主义，marxist 马克思主义者。,Karl Marx 创立了 Marxism，他的追随者就是 Marxist。,Marxism 理论，Marxist 实践者。,Marxism-Leninism 马克思列宁主义 | Marxist philosophy 马克思主义哲学,,marxism: 马克思主义 | marxist: n. 马克思主义者adj. 马克思主义的
O1139,masculine,1,masculine,0,,1,masculine,D1133,kept,,,,,,,masculine: adj. 男性的；阳性的；男子气概的n. 男性；阳性，阳性词
O1140,massive,1,massive,0,,1,massive,D1134,kept,,,,,,,massive: adj. 大量的；巨大的，厚重的；魁伟的
O1141,masterpiece,1,masterpiece,0,,1,masterpiece,D1135,kept,,,,,,,masterpiece: n. 杰作；绝无仅有的人
O1142,mate,1,mate,0,,1,mate,D1136,kept,,,,,,,"mate: n.配偶,对手,助手vt.使配对,使一致,结伴vi.成配偶,紧密配合"
O1143,material,2,"material, materialism",0,,2,"material, materialism",D1137,kept,material 物质，材料；-ism 主义,material 指物质或材料；materialism 是由此派生的名词，表示物质主义或唯物主义。,重视 material（物质）的主义就是 materialism（唯物主义）。,material 物质，materialism 主义，重物质轻精神。,raw material 原材料 | materialism philosophy 唯物主义哲学,对比 idealism 唯心主义,"material: n.材料,原料,物资,素材,布料adj.物质的,肉体的,具体的,重要的,实质性的 | materialism: n. 唯物主义；唯物论；物质主义"
O1144,mathematical,2,"mathematical, maths",0,,2,"mathematical, maths",D1138,kept,math- 数学，-ematical 形容词,maths 是数学的简称，mathematical 是它的形容词形式。,学习 maths（数学）需要用 mathematical（数学的）思维。,maths 是学科，mathematical 是它的形容词。,mathematical formula 数学公式 | maths class 数学课,可联想 mathematics 数学,mathematical: adj. 数学的，数学上的；精确的 | maths: n. 数学（等于mathematics）n. (Maths)人名；(瑞典)马茨
O1145,mayor,1,mayor,0,,1,mayor,D1139,kept,,,,,,,mayor: n. 市长n. (Mayor)人名；(英)梅厄；(法、西、俄)马约尔
O1146,meadow,1,meadow,0,,1,meadow,D1140,kept,,,,,,,meadow: n. 草地；牧场n. (Meadow)人名；(英)梅多
O1147,meantime,1,meantime,0,,1,meantime,D1141,kept,,,,,,,meantime: n. 其时，其间adv. 同时；其间
O1148,measurable,2,"measurable, measurement",0,,2,"measurable, measurement",D1142,kept,measure 测量，-able 可...的，-ment 名词,measurable 意为可测量的，measurement 指测量的行为或结果。,用尺子进行 measurement（测量），得到的结果是 measurable（可测量的）。,measure 测量，measurable 可测，measurement 测量值。,accurate measurement 精确测量 | measurable goal 可衡量的目标,可记 measure 测量,measurable: adj. 可测量的；重要的；重大的 | measurement: n. 测量；[计量] 度量；尺寸；量度制
O1149,mechanic,5,"mechanic, mechanical, mechanically, mechanics, mechanism",0,,5,"mechanic, mechanical, mechanically, mechanics, mechanism",D1143,kept,mechan- 机器，-ic 人/学科/形容词，-ical 形容词，-ly 副词，-ism 机制,这组词与“机械”相关：mechanic 机修工，mechanical 机械的，mechanically 机械地，mechanics 力学，mechanism 机械装置或机制。,一位 mechanic（机修工）用 mechanical（机械的）工具，mechanically（机械地）修理机器的 mechanism（机械装置），这就是 mechanics（机械学）的应用。,mechanic 修机械，mechanical 机械的，mechanics 机械学，mechanism 是装置。,auto mechanic 汽车修理工 | mechanical engineering 机械工程 | mechanism design 机制设计 | mechanics of materials 材料力学,可记 machine 机器,mechanic: n. 技工，机修工adj. 手工的n. (Mechanic)人名；(英)梅凯尼克 | mechanical: adj. 机械的；力学的；呆板的；无意识的；手工操作的 | mechanically: adv. 机械地；呆板地；物理上地 | mechanics: n. 力学（用作单数）；结构；技术；机械学（用作单数） | mechanism: n. 机制；原理，途径；进程；机械装置；技巧
O1150,mediate,3,"mediate, medieval, mediterranean",0,,3,"mediate, medieval, mediterranean",D1144,kept,medi- 中间，-ate 动词，-ev- 时代，-terranean 土地,共同词根 medi- 表示“中间”：mediate 在中间调停，medieval 中世纪的（中间的时代），Mediterranean 地中海（陆地中间的海）。,一位 mediate（调解人）在 Mediterranean（地中海）的船上看关于 medieval（中世纪）历史的书。,medi- 中间，mediate 调解，medieval 中世纪，Mediterranean 地中海。,mediate a dispute 调解争端 | medieval castle 中世纪城堡 | Mediterranean Sea 地中海,"可记 medium, intermediate 中间",mediate: vi. 调解；斡旋；居中vt. 调停；传达adj. 间接的；居间的 | medieval: adj. 中世纪的；原始的；仿中世纪的；老式的 | mediterranean: n. 地中海adj. 地中海的
O1151,medical,2,"medical, medicine",0,,2,"medical, medicine",D1145,kept,medic- 治疗，-ine 名词,medical 医学的，medicine 医学或药，都是与医疗相关的基础词。,在 medical（医学的）学校，学生学习 medicine（医学知识）。,medical 是医学的，medicine 是医学或药品。,medical care 医疗保健 | take medicine 吃药,可记 medication 药物,medical: adj. 医学的；药的；内科的n. 医生；体格检查 | medicine: n. 药；医学；内科；巫术vt. 用药物治疗；给…用药
O1152,melody,1,melody,0,,1,melody,D1146,kept,,,,,,,melody: n. 旋律；歌曲；美妙的音乐n. (Melody)人名；(英)梅洛迪
O1153,melt,1,melt,0,,1,melt,D1147,kept,,,,,,,melt: vi. 熔化，溶解；渐混vt. 使融化；使熔化；使软化；使感动n. 熔化；熔化物
O1154,membership,1,membership,0,,1,membership,D1148,kept,,,,,,,membership: n. 资格；成员资格；会员身份
O1155,memorial,1,memorial,0,,1,memorial,D1149,kept,,,,,,,memorial: n. 纪念碑，纪念馆；纪念仪式；纪念物adj. 记忆的；纪念的，追悼的
O1156,menace,1,menace,0,,1,menace,D1150,kept,,,,,,,menace: n. 威胁；恐吓vi. 恐吓；进行威胁vt. 威胁；恐吓
O1157,mercury,1,mercury,0,,1,mercury,D1151,kept,,,,,,,mercury: n. [化]汞，水银[天]水星温度表精神，元气
O1158,mere,1,mere,0,,1,mere,D1152,kept,,,,,,,mere: adj. 仅仅的；只不过的n. 小湖；池塘n. (Mere)人名；(日)目连(姓)；(西)梅雷
O1159,merge,1,merge,0,,1,merge,D1153,kept,,,,,,,merge: vt. 合并；使合并；吞没vi. 合并；融合n. (Merge)人名；(意)梅尔杰
O1160,meridiem,1,meridiem,0,,1,meridiem,D1154,kept,,,,,,,meridiem: n. 正午
O1161,merit,1,merit,0,,1,merit,D1155,kept,,,,,,,merit: n. 优点，价值；功绩；功过vt. 值得vi. 应受报答
O1162,mission,3,"messenger, mission, missionary",0,,3,"messenger, mission, missionary",D1156,kept,词根 miss-/mit- 表示“送、派”,都源于“送出、派遣”，使命、传教士、送信人。,传教士作为信使，传递使命信息。,传教士送信为使命。,complete a mission - 完成任务 | missionary work - 传教工作 | dispatch a messenger - 派遣信使,"词根 miss-/mit- 相关词：dismiss, transmit, message",messenger: n. 报信者，送信者；先驱n. (Messenger)人名；(德)梅森格；(英)梅辛杰 | mission: n. 使命，任务；代表团；布道vt. 派遣；向……传教 | missionary: n. 传教士adj. 传教的；传教士的；传教士般的
O1163,metallic,1,metallic,0,,1,metallic,D1157,kept,,,,,,,metallic: adj. 金属的，含金属的
O1164,meter,3,"meter, metric, millimetre",0,,3,"meter, metric, millimetre",D1158,kept,词根 metr- 测量，meter 米，-ic 形容词，milli- 千分之一,都与公制长度单位“米”有关。,一米(meter)可以分成一千个毫米(millimetre)，这就是公制(metric)。,一米等于千毫米，公制测量要记牢。,one meter - 一米 | metric system - 公制 | square millimetre - 平方毫米,kilometre 千米，centimetre 厘米,meter: n. 米；仪表；[计量] 公尺；韵律vt. 用仪表测量vi. 用表计量n. (Meter)人名；(英)米特；(塞)梅特 | metric: adj. 公制的；米制的；公尺的n. 度量标准 | millimetre: n. 毫米；千分之一米
O1165,metropolitan,1,metropolitan,0,,1,metropolitan,D1159,kept,,,,,,,metropolitan: adj. 大都市的；大主教辖区的；宗主国的n. 大城市人；大主教；宗主国的公民
O1166,microscope,3,"microcomputer, microphone, microscope",0,,3,"microcomputer, microphone, microscope",D1160,kept,前缀 micro- 表示“微小的”,三个词都含有 micro- 前缀，表示微小的设备或工具。,想象一个实验室，微电脑处理数据，显微镜观察样本，麦克风放大微小声音。,微电脑、麦克风、显微镜，都是微观科技。,microcomputer system - 微机系统 | wireless microphone - 无线麦克风 | electron microscope - 电子显微镜,注意区分 micro- (小) 和 macro- (大),microcomputer: n. 微电脑；[计] 微型计算机 | microphone: n. 扩音器，麦克风 | microscope: n. 显微镜
O1167,midday,2,"midday, midst",0,,2,"midday, midst",D1161,kept,前缀 mid- 表示“中间”,midday 中午（一天中间），midst 中间。,在正午(midday)的烈日下，我们站在人群中间(midst)。,正午烈日当空照，身处人群中间。,at midday - 在中午 | in the midst of - 在...中间,amid 在...中间 | middle,midday: n. 中午；正午adj. 正午的 | midst: n. 当中，中间prep. 在…中间（等于amidst）
O1168,migrate,1,migrate,0,,1,migrate,D1162,kept,,,,,,,migrate: vi. 移动；随季节而移居；移往vt. 使移居；使移植
O1169,military,2,"militant, military",0,,2,"militant, military",D1163,kept,词根 milit- 表示“士兵、战斗”,military 指军事的/军队，militant 指好战的/激进分子。,军队中总有少数激进好战分子。,军事的军队里有好战分子。,military service - 兵役 | militant group - 激进组织,militia (民兵组织),militant: adj. 好战的n. 富有战斗性的人；好斗者；激进分子 | military: adj. 军事的；军人的；适于战争的n. 军队；军人
O1170,mill,1,mill,0,,1,mill,D1164,kept,,,,,,,"mill: n.压榨机,磨坊,磨粉机,工厂,制造厂vt.碾磨,磨细,搅拌,使乱转,打vi.乱转,被碾磨"
O1171,miner,1,miner,0,,1,miner,D1165,kept,,,,,,,miner: n. 矿工；开矿机n. (Miner)人名；(英)迈纳；(西)米内尔
O1172,mingle,1,mingle,0,,1,mingle,D1166,kept,,,,,,,mingle: vi. 混合；交往vt. 使混合；使相混n. (Mingle)人名；(加纳、英)明格尔
O1173,minor,5,"miniature, minimal, minimize, minor, minority",0,,5,"miniature, minimal, minimize, minor, minority",D1167,kept,词根 min- / mini- 表示“小”,这些词都源于“小”的含义：最小限度，使变小，较小的，少数，微型。,把一个东西缩到最小(minimize)，变成微缩模型(miniature)，它就处于次要(minor)地位。,从最小到微缩，少数派别小瞧。,minimal risk - 最小风险 | minimize cost - 最小化成本 | minor injury - 轻伤 | minority group - 少数群体 | miniature model - 微缩模型,注意 minor 的反义词 major | minimal 的反义词 maximal,miniature: adj. 微型的，小规模的n. 缩图；微型画；微型图画绘画术vt. 是…的缩影 | minimal: adj. 最低的；最小限度的 | minimize: vt. 使减到最少；小看，极度轻视vi. 最小化 | minor: adj. 未成年的；次要的；较小的；小调的；二流的n. 未成年人；小调；辅修科目vi. 辅修n. (Minor)人名；(英)迈纳；(德、法、波、俄)米诺尔 | minority: n. 少数民族；少数派；未成年
O1174,miracle,1,miracle,0,,1,miracle,D1168,kept,,,,,,,miracle: n. 奇迹，奇迹般的人或物；惊人的事例n. (Miracle)人名；(英)米勒克尔；(意、西)米拉克莱
O1175,misery,2,"miserable, misery",0,,2,"miserable, misery",D1169,kept,词根 miser- 表示“悲惨、可怜”,miserable 形容词，misery 名词，都表示痛苦悲惨的状态。,可怜的人在悲惨的生活中呻吟。,悲惨之人苦难言。,miserable life - 悲惨的生活 | live in misery - 生活在痛苦中,commiserate (同情),miserable: adj. 悲惨的；痛苦的；卑鄙的 | misery: n. 痛苦，悲惨；不幸；苦恼；穷困n. (Misery)人名；(法)米斯里
O1176,mislead,3,"misfortune, mislead, misunderstand",0,,3,"misfortune, mislead, misunderstand",D1170,kept,前缀 mis- 表示“错误、坏”,mis- 表示负面意义，这些词都表示错误或不幸。,由于误导(mislead)和误解(misunderstand)，导致不幸(misfortune)发生。,误导加误解，最终遭不幸。,financial misfortune - 财务灾难 | mislead the public - 误导公众 | misunderstand the meaning - 误解意思,"mis- 前缀其他词：mistake, misuse",misfortune: n. 不幸；灾祸，灾难 | mislead: vt. 误导；带错 | misunderstand: vt. 误解；误会
O1177,missing,1,missing,0,,1,missing,D1171,kept,,,,,,,missing: adj. 失踪的；缺少的v. 错过（miss的ing形式）；想念；漏掉n. (Missing)人名；(德)米辛
O1178,mister,2,"mister, mistress",0,,2,"mister, mistress",D1172,kept,mister 源自 master 的弱化，mistress 是其阴性对应,都是称谓：先生和女主人/情妇。注意拼写和发音不同。,先生(mister)与他的情妇/女主人(mistress)的隐秘关系。,先生与他的情妇，称谓要分清。,Dear mister - 亲爱的先生 | mistress of the house - 女主人,"注意 Mr., Mrs., Ms., Miss 的区别",mister: n. 先生（用于姓名或职称前，常缩写为Mr.） | mistress: n. 情妇；女主人；主妇；女教师；女能人
O1179,moan,1,moan,0,,1,moan,D1173,kept,,,,,,,moan: vi. 抱怨，悲叹；呻吟n. 呻吟声；悲叹vt. 抱怨；呻吟着说n. (Moan)人名；(法)莫昂
O1180,mobilize,1,mobilize,0,,1,mobilize,D1174,kept,,,,,,,mobilize: vt. 动员，调动；集合，组织；使…流通；使…松动vi. 组织；动员起来
O1181,mock,1,mock,0,,1,mock,D1175,kept,,,,,,,"mock: v.嘲笑,骗,挫败,嘲弄adj.假的n.嘲弄,模仿,仿制品"
O1182,mode,3,"mode, moderate, modify",0,,3,"mode, moderate, modify",D1176,kept,词根 mod- 表示“方式、尺度”,都与方式或调整相关：模式、适度的、修改。,以适度(moderate)的方式修改(modify)运行模式(mode)。,适度修改模式。,operating mode - 操作模式 | moderate speed - 适中的速度 | modify the design - 修改设计,modest (谦虚的，适度的) 也同词根,mode: n. 模式；方式；风格；时尚n. (Mode)人名；(德、英、法、乍、瑞典)莫德 | moderate: adj. 稳健的，温和的；适度的，中等的；有节制的vi. 变缓和，变弱vt. 节制；减轻 | modify: vt. 修改，修饰；更改vi. 修改
O1183,moist,2,"moist, moisture",0,,2,"moist, moisture",D1177,kept,moist 表示“潮湿”，-ure 名词后缀,moist 是形容词，moisture 是名词，同源词。,潮湿的(moist)空气中含有大量湿气(moisture)。,潮湿的空气水分足。,moist air - 潮湿的空气 | moisture content - 含水量,"注意 wet, damp 等同义辨析",moist: adj. 潮湿的；湿润的；多雨的；含泪的n. 潮湿 | moisture: n. 水分；湿度；潮湿；降雨量
O1184,molecule,1,molecule,0,,1,molecule,D1178,kept,,,,,,,molecule: n. [化学] 分子；微小颗粒，微粒
O1185,motion,5,"momentum, motion, motivate, motive, movement",0,,5,"momentum, motion, motivate, motive, movement",D1179,kept,词根 mot / mov = move 移动,共享词根 mot/mov，均与“运动、推动”相关，涵盖名词、动词和派生词，利于系统记忆。,想象一个有隐藏动机 (motive) 的人被激励 (motivate) 去健身运动 (motion/movement)，这股势头 (momentum) 让他停不下来。,动机推动运动，势头势不可挡。,gain momentum - 获得势头 | in motion - 在运动中 | social movement - 社会运动 | motivate sb to do - 激励某人做某事 | ulterior motive - 隐藏的动机,对比 emotion (情感)，e + mot = 涌动出的情感；motor (发动机),momentum: n. 势头；[物] 动量；动力；冲力 | motion: n. 动作；移动；手势；请求；意向；议案vi. 运动；打手势vt. 运动；向…打手势 | motivate: v. 刺激，使有动机，激发…的积极性；成为……的动机；给出理由；申请 | motive: n. 动机，目的；主题adj. 发动的；成为动机的vt. 使产生动机，激起 | movement: n. 运动；活动；运转；乐章
O1186,monopoly,1,monopoly,0,,1,monopoly,D1180,kept,,,,,,,monopoly: n. 垄断；垄断者；专卖权
O1187,monster,1,monster,0,,1,monster,D1181,kept,,,,,,,monster: n. 怪物；巨人，巨兽；残忍的人adj. 巨大的，庞大的
O1188,monthly,1,monthly,0,,1,monthly,D1182,kept,,,,,,,monthly: adj. 每月的，每月一次的；有效期为一个月的n. 月刊adv. 每月，每月一次
O1189,monument,1,monument,0,,1,monument,D1183,kept,,,,,,,monument: n. 纪念碑；历史遗迹；不朽的作品vt. 为…树碑
O1190,mood,1,mood,0,,1,mood,D1184,kept,,,,,,,mood: n. 情绪，语气；心境；气氛n. (Mood)人名；(英)穆德；(瑞典)莫德
O1191,morality,1,morality,0,,1,morality,D1185,kept,,,,,,,morality: n. 道德；品行，美德
O1192,moreover,1,moreover,0,,1,moreover,D1186,kept,,,,,,,moreover: adv. 而且；此外
O1193,mortal,1,mortal,0,,1,mortal,D1187,kept,,,,,,,mortal: adj. 凡人的；致死的；终有一死的；不共戴天的n. 人类，凡人n. (Mortal)人名；(法、葡)莫塔尔
O1194,mortgage,1,mortgage,0,,1,mortgage,D1188,kept,,,,,,,mortgage: n. 抵押；抵押贷款额v. 抵押；以某人的前途作代价
O1195,mosquito,1,mosquito,0,,1,mosquito,D1189,kept,,,,,,,mosquito: n. 蚊子
O1196,mostly,1,mostly,0,,1,mostly,D1190,kept,,,,,,,mostly: adv. 主要地；通常；多半地
O1197,motel,1,motel,0,,1,motel,D1191,kept,,,,,,,motel: n. 汽车旅馆n. (Motel)人名；(德)莫特尔
O1198,mould,1,mould,0,,1,mould,D1192,kept,,,,,,,"mould: n.[亦作mold] 肥土,壤土,[亦作mold] 霉,模具v.用土覆盖,发霉,铸造"
O1199,mount,1,mount,0,,1,mount,D1193,kept,,,,,,,"mount: n.乘用马,衬纸,山,装配vi.乘马,爬上,增长vt.爬上,使上马,装上,设置,安放,制作...的标本,上演"
O1200,mouthful,1,mouthful,0,,1,mouthful,D1194,kept,,,,,,,mouthful: n. 一口，满口
O1201,mug,1,mug,0,,1,mug,D1195,kept,,,,,,,mug: n. 杯子；脸；苦读者vi. 扮鬼脸，做怪相vt. 行凶抢劫
O1202,multiple,3,"multiple, multiply, multitude",0,,3,"multiple, multiply, multitude",D1196,kept,词根 multi- = many 多,均围绕“多”的概念：multiple 多样的/倍数，multiply 乘/增加，multitude 大量/群众。,将多个 (multiple) 数字相乘 (multiply)，得出一个巨大的数，仿佛大量群众 (multitude) 聚集。,多种多样乘出大量群众。,multiple choices - 多选题 | multiply by - 乘以 | a multitude of - 大量的,"补充 multimedia, multivitamin",multiple: adj. 多重的；多样的；许多的n. 倍数；[电] 并联 | multiply: vt. 乘；使增加；使繁殖；使相乘vi. 乘；繁殖；增加adv. 多样地；复合地adj. 多层的；多样的 | multitude: n. 大量，多数；群众，人群
O1203,municipal,1,municipal,0,,1,municipal,D1197,kept,,,,,,,municipal: adj. 市政的，市的；地方自治的
O1204,murderer,1,murderer,0,,1,murderer,D1198,kept,,,,,,,murderer: n. 凶手；谋杀犯
O1205,murmur,2,"murmur, mutter",0,,2,"murmur, mutter",D1199,kept,拟声词，模仿低声说话的声音,均表示低声细语，murmur 更连续低沉，mutter 多含抱怨，可对比记忆。,两人在背后嘀咕 (murmur/mutter)，像蚊子 (mosquito) 嗡嗡叫，联想 mu 音。,妈妈耳语，喃喃自语。,murmur a prayer - 低声祈祷 | mutter to oneself - 自言自语,"辨析 whisper (耳语), mumble (含糊地说话)",murmur: n. 低语；低语声；低声抱怨；潺潺声vi. 低声说；私下抱怨；发出轻柔持续的声音vt. 低声说 | mutter: vi. 咕哝；喃喃自语vt. 咕哝；抱怨地说；低声含糊地说n. 咕哝；喃喃低语n. （Mutter）（法）米泰；（德、匈、西）穆特；（英）马特（人名）
O1206,muscle,2,"muscle, muscular",0,,2,"muscle, muscular",D1200,kept,源自拉丁语 musculus (小老鼠)，因肌肉形状似小老鼠,muscle 为名词“肌肉”，muscular 为形容词“肌肉发达的”。,健身达人展示 muscle，非常 muscular。,小老鼠肌肉发达。,strain a muscle - 拉伤肌肉 | muscular strength - 肌力,"身体部位相关：biceps, triceps",muscle: n. 肌肉；力量vt. 加强；使劲搬动；使劲挤出vi. 使劲行进 | muscular: adj. 肌肉的；肌肉发达的；强健的
O1207,must,1,must,0,,1,must,D1201,kept,,,,,,,must: aux. 必须；一定；应该，得n. 绝对必要的事物；待发酵的葡萄汁；发霉，潮气n. (Must) （美）穆斯特（人名）
O1208,mute,1,mute,0,,1,mute,D1202,kept,,,,,,,mute: adj. 哑的；沉默的；无声的vt. 减弱……的声音；使……柔和n. 哑巴；弱音器；闭锁音n. (Mute)人名；(塞)穆特
O1209,mutton,1,mutton,0,,1,mutton,D1203,kept,,,,,,,mutton: n. 羊肉
O1210,mutual,1,mutual,0,,1,mutual,D1204,kept,,,,,,,mutual: adj. 共同的；相互的，彼此的
O1211,mystery,2,"mysterious, mystery",0,,2,"mysterious, mystery",D1205,kept,派生：名词 mystery + 后缀 -ous 构成形容词,名词与形容词同源，表示“神秘”，一起记忆更牢固。,一部推理小说充满 mystery，营造了 mysterious 氛围。,神秘事物充满神秘色彩。,solve a mystery - 解开谜团 | a mysterious stranger - 神秘陌生人,"同义词 strange, puzzling",mysterious: adj. 神秘的；不可思议的；难解的 | mystery: n. 秘密，谜；神秘，神秘的事物；推理小说，推理剧；常作 mysteries 秘技，秘诀
O1212,myth,1,myth,0,,1,myth,D1206,kept,,,,,,,myth: n. 神话；虚构的人，虚构的事
O1213,naive,1,naive,0,,1,naive,D1207,kept,,,,,,,"naive: adj. 天真的,幼稚的"
O1214,naked,1,naked,0,,1,naked,D1208,kept,,,,,,,naked: adj. 裸体的；无装饰的；无证据的；直率的
O1215,namely,1,namely,0,,1,namely,D1209,kept,,,,,,,namely: adv. 也就是；即是；换句话说
O1216,nap,1,nap,0,,1,nap,D1210,kept,,,,,,,nap: n. 小睡，打盹儿；细毛；孤注一掷vt. 使拉毛vi. 小睡；疏忽n. (Nap)人名；(朝、越)纳
O1217,narrative,1,narrative,0,,1,narrative,D1211,kept,,,,,,,narrative: n. 叙述；故事；讲述adj. 叙事的，叙述的；叙事体的
O1218,nasty,1,nasty,0,,1,nasty,D1212,kept,,,,,,,"nasty: adj.污秽的,肮脏的,令人厌恶的,淫秽的,下流的,凶相的,威胁的"
O1219,nationality,1,nationality,0,,1,nationality,D1213,kept,,,,,,,nationality: n. 国籍，国家；民族；部落
O1220,naturally,1,naturally,0,,1,naturally,D1214,kept,,,,,,,naturally: adv. 自然地自然而然地轻而易举天生地大方地
O1221,naughty,1,naughty,0,,1,naughty,D1215,kept,,,,,,,naughty: adj. 顽皮的，淘气的；不听话的；没规矩的；不适当的；下流的
O1222,naval,2,"naval, navigation",0,,2,"naval, navigation",D1216,kept,词根nav- (船)：naval(海军的，船的)，navigation(航行，航海),都来自拉丁navis船，naval是形容词，navigation是名词。,海军(naval)的舰船在海上航行(navigation)。,nav-是船，海军航行都靠它。,naval forces - 海军力量 | navigation system - 导航系统,navy n.海军 | navigate v.航行,naval: adj. 海军的；军舰的n. (Naval)人名；(西、德、印)纳瓦尔 | navigation: n. 航行；航海
O1223,necessary,3,"necessarily, necessary, necessity",0,,3,"necessarily, necessary, necessity",D1217,kept,词根necess- (必然)：necessary(必要的)，necessarily(必然地)，necessity(必然性/必需品),三个是同一词族的形容词、副词、名词派生形式。,必须(necessary)的东西，必然地(necessarily)成为一种必需品(necessity)。,necessary形，necessarily副，necessity名，必然一体。,if necessary - 如果必要的话 | not necessarily - 不一定 | by necessity - 必然地,反义词：unnecessary adj.不必要的,necessarily: adv. 必要地；必定地，必然地 | necessary: adj. 必要的；必需的；必然的n. 必需品n. (Necessary)（英）内塞瑟里（人名） | necessity: n. 需要；必然性；必需品
O1224,needless,1,needless,0,,1,needless,D1218,kept,,,,,,,needless: adj. 不必要的，不需要的
O1225,neglect,3,"negative, neglect, negligible",0,,3,"negative, neglect, negligible",D1219,kept,前缀neg- (不)：neglect (neg+lect选择→不选→忽视)，negligible (neg+lig选+ible→可忽视的)，negative (neg+ative→否定的),都含否定前缀neg-，表达“不、否定”的含义。neglect和negligible是忽视，negative是否定/消极。,如果你忽视(neglect)了微小的(negligible)问题，可能会得到一个消极的(negative)结果。,neg-前缀表否定，忽视微小就消极。,neglect one's duties - 玩忽职守 | a negligible amount - 微不足道的数量 | negative attitude - 消极态度,"注意neglect, ignore, overlook的区别 | 反义词：positive adj.积极的",negative: adj. [数] 负的；消极的；否定的；阴性的n. 否定；负数；[摄] 底片vt. 否定；拒绝 | neglect: v. 忽视，忽略；疏忽；漏做n. 忽略，忽视；未被重视 | negligible: adj. 微不足道的，可以忽略的
O1226,negotiate,1,negotiate,0,,1,negotiate,D1220,kept,,,,,,,negotiate: vt. 谈判，商议；转让；越过vi. 谈判，交涉
O1227,negro,1,negro,0,,1,negro,D1221,kept,,,,,,,negro: n. 冒犯旧黑人adj. 冒犯旧黑人的
O1228,neighbour,2,"neighbour, neighbourhood",0,,2,"neighbour, neighbourhood",D1222,kept,neighbour(邻居) + -hood(表示状态/区域) → neighbourhood(邻里),neighbourhood是neighbour派生名词，添加了后缀-hood。,想象你的邻居们(neighbours)组成了一片区域(neighbourhood)。,邻居加上-hood，就是邻里关系处。,neighbour with - 与...为邻 | in the neighbourhood - 在附近,注意-hood后缀：childhood童年，brotherhood兄弟情谊,neighbour: n. 邻居；同胞；仁慈的人vt. 邻接vi. 住在邻近；毗邻；友善，和睦adj. 邻居的；邻近的 | neighbourhood: n. 邻近；周围；邻居关系；附近一带
O1229,nerve,1,nerve,0,,1,nerve,D1223,kept,,,,,,,nerve: n. 神经；勇气；[植] 叶脉vt. 鼓起勇气
O1230,neutral,1,neutral,0,,1,neutral,D1224,kept,,,,,,,neutral: adj. 中立的，中性的；中立国的；非彩色的n. 中立国；中立者；非彩色；齿轮的空档
O1231,nevertheless,1,nevertheless,0,,1,nevertheless,D1225,kept,,,,,,,nevertheless: adv. 然而，不过；虽然如此
O1232,newly,1,newly,0,,1,newly,D1226,kept,,,,,,,newly: adv. 最近；重新；以新的方式
O1233,nickel,1,nickel,0,,1,nickel,D1227,kept,,,,,,,nickel: n. 镍；镍币；五分镍币vt. 镀镍于n. (Nickel)人名；(德、英)尼克尔
O1234,nightmare,1,nightmare,0,,1,nightmare,D1228,kept,,,,,,,nightmare: n. 恶梦，噩梦；梦魇般的经历adj. 可怕的；噩梦似的
O1235,nineteen,1,nineteen,0,,1,nineteen,D1229,kept,,,,,,,nineteen: num. 十九n. 十九个；十九岁；十九号
O1236,nitrogen,1,nitrogen,0,,1,nitrogen,D1230,kept,,,,,,,nitrogen: n. [化学] 氮
O1237,nominate,2,"nominal, nominate",0,,2,"nominal, nominate",D1231,kept,词根nomin- (名字)：nominate(提名)，nominal(名义上的),nominate是动词提名，nominal是形容词名义上的，都源于“名字”的概念。,他被提名(nominate)为主席，但只是名义上的(nominal)领导。,nomin-名字要关联，提名nominate名义nominal。,nominate sb. for - 提名某人... | nominal fee - 象征性收费,nominee n.被提名者 | denominate v.命名,nominal: adj. 名义上的；有名无实的；[会计] 票面上的n. [语] 名词性词 | nominate: vt. 推荐；提名；任命；指定
O1238,nonsense,1,nonsense,0,,1,nonsense,D1232,kept,,,,,,,nonsense: n. 胡说；废话adj. 荒谬的int. 胡说！
O1239,norm,2,"norm, normally",0,,2,"norm, normally",D1233,kept,词根norm- (标准，规范)：norm(标准)，normally(正常地),normally是norm的派生副词，表示按照常规、标准地。,按照社会规范(norm)，人们通常(normally)这样做。,norm标准加ally，副词normally常理。,social norms - 社会规范 | normally speaking - 通常说来,normal adj.正常的 | abnormal adj.不正常的,norm: n. 标准，规范 | normally: adv. 正常地；通常地，一般地
O1240,notable,5,"notable, noticeable, notify, notion, notorious",6,"notably, note, noticeably, notification, notoriously, notoriety",11,"notable, noticeable, notify, notion, notorious, notably, note, noticeably, notification, notoriously, notoriety",D1234,kept,词根not- (知道，标记)：notable(值得知道的→显著的)，noticeable(可注意到的)，notify(使知道→通知)，notion(知道的东西→概念)，notorious(大家都知道→臭名昭著的),都含有not-，表示“知道、注意”，构成一系列形容词、动词、名词。,一个众所周知的(notorious)名人(notable)，他有一个引人注意的(noticeable)怪癖，接到通知(notify)后，对那个概念(notion)产生了兴趣。,not-知道要牢记，显著通知加臭名。,notable achievement - 显著成就 | noticeable difference - 明显差异 | notify sb. of sth. - 通知某人某事 | have no notion of - 不知道 | notorious for - 因...而臭名昭著,note n.笔记 vt.注意 | notice n.注意 vt.注意到,notable: adj. 值得注意的，显著的；著名的n. 名人，显要人物 | noticeable: adj. 显而易见的，显著的；值得注意的 | notify: vt. 通告，通知；公布 | notion: n. 概念；见解；打算 | notorious: adj. 声名狼藉的，臭名昭著的
O1241,notwithstanding,1,notwithstanding,0,,1,notwithstanding,D1235,kept,,,,,,,notwithstanding: prep. 尽管，虽然adv. 尽管，仍然conj. 虽然，尽管
O1242,noun,1,noun,0,,1,noun,D1236,kept,,,,,,,noun: n. 名词n. (Noun)人名；(以)努恩
O1243,nourish,1,nourish,0,,1,nourish,D1237,kept,,,,,,,nourish: vt. 滋养；怀有；使健壮
O1244,novelty,1,novelty,0,,1,novelty,D1238,kept,,,,,,,novelty: n. 新奇；新奇的事物；新颖小巧而廉价的物品
O1245,nucleus,1,nucleus,0,,1,nucleus,D1239,kept,,,,,,,nucleus: n. 核，核心；原子核
O1246,nuisance,1,nuisance,0,,1,nuisance,D1240,kept,,,,,,,nuisance: n. 讨厌的人；损害；麻烦事；讨厌的东西
O1247,numerical,2,"numerical, numerous",0,,2,"numerical, numerous",D1241,kept,词根numer- (数字，数)：numerical(数字的，数值的)，numerous(许多的，众多的),都含有numer-，与数字相关。numerical是有关数字的，numerous是数量多的。,数值(numerical)分析显示，那里有大量的(numerous)星星。,numer-数字不要忘，数值众多都这样。,numerical data - 数值数据 | numerous reasons - 许多理由,numeral n.数字 adj.数字的 | number n.数字,numerical: adj. 数值的；数字的；用数字表示的（等于numeric） | numerous: adj. 许多的，很多的
O1248,oak,1,oak,0,,1,oak,D1242,kept,,,,,,,oak: n. 橡树；橡木色；橡木家具adj. 栎树的；栎木制的n. (Oak)人名；(英)奥克
O1249,oar,1,oar,0,,1,oar,D1243,kept,,,,,,,oar: n. 桨；橹；桨手vt. 划（船）vi. 划行
O1250,oath,1,oath,0,,1,oath,D1244,kept,,,,,,,oath: n. 誓言，誓约；诅咒，咒骂
O1251,obedient,1,obedient,0,,1,obedient,D1245,kept,,,,,,,obedient: adj. 顺从的，服从的；孝顺的
O1252,objective,2,"objection, objective",0,,2,"objection, objective",D1246,kept,ob- (against) + ject (throw) → 投掷,objection 反对 (投掷反对意见)；objective 客观的/目标 (放在眼前的东西)。同词根。,当你提出 objective (目标) 时，有人提出 objection (反对)。,目标遭反对。,objective - 客观的/目标 | objection - 反对,object (n. 物体 v. 反对) | subjective (主观的),objection: n. 异议，反对；缺陷，缺点；妨碍；拒绝的理由 | objective: n. 目的；目标；（军事行动的）攻击目标；物镜；宾格adj. 客观的；客观存在的；（疾病症状）客观的，他觉的；目标的；宾格的
O1253,oblige,2,"obligation, oblige",0,,2,"obligation, oblige",D1247,kept,ob- (to) + ligare (bind) → 束缚,oblige 动词迫使或施恩惠，obligation 名词义务、债务。,你有 obligation 要做，这 oblige 你必须完成。,义务迫使束缚。,oblige - 迫使/施恩 | obligation - 义务,obligatory (adj. 必须的) | obliged (adj. 感激的),obligation: n. 义务；职责；债务 | oblige: vt. 迫使；强制；赐，施恩惠；责成；义务vi. 帮忙；施恩惠
O1254,obscene,1,obscene,0,,1,obscene,D1248,kept,,,,,,,obscene: adj. 淫秽的；猥亵的；可憎的
O1255,obscure,1,obscure,0,,1,obscure,D1249,kept,,,,,,,obscure: adj. 昏暗的，朦胧的；晦涩的，不清楚的；隐蔽的；不著名的，无名的vt. 使…模糊不清，掩盖；隐藏；使难理解n. 某种模糊的或不清楚的东西
O1256,observation,2,"observation, observer",0,,2,"observation, observer",D1250,kept,"词根 -serv- (watch, serve) + ob- (over)",observer 由 observe 派生，observation 是名词，观察行为。三者围绕‘观察’意义紧密联系。,一个观察者 (observer) 正在记录他的观察结果 (observation)。,观察者做观察记录。,observation - 观察 | observer - 观察者,observe (v. 观察) | observable (adj. 可观察的),observation: n. 观察；监视；观察报告 | observer: n. 观察者；[天] 观测者；遵守者
O1257,obstacle,1,obstacle,0,,1,obstacle,D1251,kept,,,,,,,obstacle: n. 障碍，干扰，妨碍；障碍物
O1258,obviously,1,obviously,0,,1,obviously,D1252,kept,,,,,,,obviously: adv. 明显地显然地
O1259,occasion,3,"occasion, occasional, occasionally",0,,3,"occasion, occasional, occasionally",D1253,kept,oc- (to) + cas (fall) → 偶然发生,occasion 是时机场合，occasional 偶然的，副词 occasionally。同源派生。,在特殊场合 (occasion)，偶尔 (occasionally) 会有一些偶然事件 (occasional)。,场合偶然发生。,occasion - 场合 | occasional - 偶然的 | occasionally - 偶尔,occasionalism (偶然论) | on occasion (有时),occasion: n. 时机，机会；场合；理由vt. 引起，惹起 | occasional: adj. 偶然的，临时的；（家具）特定场合才使用的；（文章等）特殊场合所作的；不定期雇用的 | occasionally: adv. 偶尔；间或
O1260,occupy,2,"occupation, occupy",0,,2,"occupation, occupy",D1254,kept,oc- (to) + cup (seize) → 占据,occupy 动词占据；occupation 名词，指占有状态或职业（占据时间的事）。,你的职业 (occupation) 占用了你每天大部分时间。,职业占据时间。,occupy - 占据 | occupation - 职业/占有,occupant (n. 占有者) | occupational (adj. 职业的),occupation: n. 职业；占有；消遣；占有期 | occupy: vt. 占据，占领；居住；使忙碌
O1261,occurrence,1,occurrence,0,,1,occurrence,D1255,kept,,,,,,,occurrence: n. 发生；出现；事件；发现
O1262,oceania,1,oceania,0,,1,oceania,D1256,kept,,,,,,,oceania: n. 大洋洲
O1263,odd,1,odd,0,,1,odd,D1257,kept,,,,,,,odd: adj. 奇数的；古怪的；剩余的；临时的；零散的n. 奇数；怪人；奇特的事物n. (Odd)人名；(英、西、挪、瑞典)奥德
O1264,odour,2,"odor, odour",0,,2,"odor, odour",D1258,kept,拉丁 odor (气味),英式拼写 odour，美式 odor，意思完全相同。,花的 odour/odor 让人愉快。,气味拼写略有不同。,odour/odor - 气味,aroma (香气) | smell (气味),odor: n. 气味；名声n. (Odor)人名；(匈)欧多尔 | odour: n. 气味；声誉
O1265,offence,3,"offence, offend, offensive",0,,3,"offence, offend, offensive",D1259,kept,of- (against) + fend (strike) → 攻击，冒犯,动词 offend，名词 offence，形容词 offensive。都表示攻击或冒犯。,他的 offensive 言语造成了 offence，offend 了大家。,冒犯攻击性言语。,offence - 冒犯/犯罪 | offend - 冒犯 | offensive - 攻击性的,defend (防御) | defensive (防御的),offence: n. 犯罪；违反；过错；攻击 | offend: vt. 冒犯；使…不愉快vi. 违反；进攻；引起不舒服 | offensive: adj. 攻击的；冒犯的；无礼的；讨厌的n. 攻势；攻击
O1266,official,1,official,0,,1,official,D1260,kept,,,,,,,official: adj. 官方的；正式的；公务的n. 官员；公务员；高级职员
O1267,offset,1,offset,0,,1,offset,D1261,kept,,,,,,,"offset: n.偏移量,抵销,弥补,分支,平版印刷,胶印vt.弥补,抵销,用平版印刷vi.偏移,形成分支"
O1268,offspring,1,offspring,0,,1,offspring,D1262,kept,,,,,,,offspring: n. 后代，子孙；产物
O1269,okay,1,okay,0,,1,okay,D1263,kept,,,,,,,okay: int. 好，行adj. 可以；对；不错的；安全的adv. 可以；对；很好地n. 同意，批准v. 同意，批准
O1270,omit,1,omit,0,,1,omit,D1264,kept,,,,,,,omit: vt. 省略；遗漏；删除；疏忽
O1271,opaque,1,opaque,0,,1,opaque,D1265,kept,,,,,,,opaque: adj. 不透明的；不传热的；迟钝的n. 不透明物vt. 使不透明；使不反光
O1272,operation,2,"operation, operational",0,,2,"operation, operational",D1266,kept,oper (work) + -ation/-al,operation 名词操作，手术；operational 形容词操作的，运作的。,机器在 operation 中且是 operational 的。,运行操作正常。,operation - 操作/手术 | operational - 运作的,operate (v. 操作) | operator (n. 操作者),operation: n. 操作；经营；[外科] 手术；[数][计] 运算 | operational: adj. 操作的；运作的
O1273,opponent,2,"opponent, oppress",0,,2,"opponent, oppress",D1267,kept,op- (against) + ponere (放置) vs. premere (压),对手 opponent (站对面的人) 和压迫 oppress (压下去) 都有对抗含义，op- 前缀表示反对。,你的 opponent 试图 oppress 你。,对手压迫你。,opponent - 对手 | oppress - 压迫,oppose (反对) | repress (压制),opponent: n. 对手；反对者；敌手adj. 对立的；敌对的 | oppress: vt. 压迫，压抑；使……烦恼；使……感到沉重
O1274,opportunity,1,opportunity,0,,1,opportunity,D1268,kept,,,,,,,opportunity: n. 时机，机会
O1275,optical,1,optical,0,,1,optical,D1269,kept,,,,,,,optical: adj. 光学的；眼睛的，视觉的
O1276,option,4,"optimism, optimistic, optimum, option",0,,4,"optimism, optimistic, optimum, option",D1270,kept,opti 形近联想（非同源），option (选择) 与 optimum (最优) 词首相似,拼写形近，可联想记忆：在众多选择(option)中找出最优(optimum)解。,做选择题时，要从四个选项中选出最优答案。,选择最优。,multiple options 多种选择 | optimum condition 最佳条件,optional 可选的 | optimistic 乐观的,optimism: n. 乐观；乐观主义 | optimistic: adj. 乐观的；乐观主义的 | optimum: adj. 最适宜的n. 最佳效果；最适宜条件 | option: n. [计] 选项；选择权；买卖的特权
O1277,orchestra,1,orchestra,0,,1,orchestra,D1271,kept,,,,,,,orchestra: n. 管弦乐队；乐队演奏处
O1278,ordinary,2,"orderly, ordinary",0,,2,"orderly, ordinary",D1272,kept,词根 ord/ordin (秩序，顺序)；-erly (形)，-ary (形),orderly 有秩序的；ordinary 普通的（本义按顺序的）。同源词根，体现秩序与平凡的联系。,有秩序的(orderly)生活是普通的(ordinary)幸福。,有秩序即平凡。,in orderly fashion 有条不紊地 | ordinary people 普通人,order 命令，秩序 | extraordinary 非凡的,orderly: adj. 有秩序的；整齐的；值班的n. 勤务兵；传令兵；护理员adv. 有秩序地 | ordinary: adj. 普通的；平凡的；平常的n. 普通；平常的人（或事）
O1279,ore,1,ore,0,,1,ore,D1273,kept,,,,,,,ore: n. 矿；矿石n. (Ore)人名；(意、瑞典)奥雷；(英)奥尔
O1280,organize,4,"organic, organism, organization, organize",0,,4,"organic, organism, organization, organize",D1274,kept,"词根 organ（器官，工具，组织）；-ic (形), -ism (体), -ize (动), -ation (名)",均源自organ，围绕“组织、器官”概念形成词族。,一个有机体(organism)的器官(organic)被组织(organize)起来形成组织(organization)。,有机体器官组织成了组织。,organic food 有机食品 | a complex organism 复杂生物 | non-profit organization 非营利组织 | organize an event 组织活动,organ 器官；风琴,organic: adj. [有化] 有机的；组织的；器官的；根本的 | organism: n. 有机体；生物体；微生物 | organization: n. 组织；机构；体制；团体 | organize: vt. 组织；使有系统化；给予生机；组织成立工会等vi. 组织起来；成立组织
O1281,orient,3,"orient, oriental, orientation",0,,3,"orient, oriental, orientation",D1275,kept,词根 ori (升起，东方)；-ental (与…有关)，-ation (名),以“东方、方向”为核心：orient 东方/使适应方向；oriental 东方的；orientation 方向/定位。,指南针指向东方(orient)，确定方位(orientation)，看到东方人(oriental)。,东方人的方向定位。,the Orient 东方 | oriental culture 东方文化 | orientation course 迎新情况介绍,origin 起源（ori 开始）,"orient: n.东方,东方诸国(指地中海以东各国)adj.东方的,上升的,灿烂的vi.适应形势,向东vt.使朝东,使适应,确定方向 | oriental: adj. 东方的；东方人的n. 东方人 | orientation: n. 方向；定向；适应；情况介绍"
O1282,original,2,"original, originate",0,,2,"original, originate",D1276,kept,词根 origin (起源)；-al (形/名)，-ate (动),original 最初的/原创的；originate 发源/引起。两者与“起源”紧密相关。,一部原创(original)小说从作者的灵感起源(originate)。,原创源自起源。,original idea 原创想法 | original version 原版 | originate from 源于,origin 起源 | aboriginal 土著的,"original: adj.最初的,原始的,独创的,新颖的n.原物,原作 | originate: vt. 引起；创作vi. 发源；发生；起航"
O1283,ornament,1,ornament,0,,1,ornament,D1277,kept,,,,,,,ornament: n. 装饰；[建][服装] 装饰物；教堂用品vt. 装饰，修饰
O1284,orphan,1,orphan,0,,1,orphan,D1278,kept,,,,,,,orphan: n. 孤儿；孤行v. 使成为孤儿adj. 孤儿的；无双亲的
O1285,orthodox,1,orthodox,0,,1,orthodox,D1279,kept,,,,,,,orthodox: adj. 东正教派的；正教的n. 东正教徒；正教徒adj. (orthodax) 正统的；传统的；惯常的；普通的n. (orthodax) 正统的人；正统的事物
O1286,otherwise,1,otherwise,0,,1,otherwise,D1280,kept,,,,,,,otherwise: adv. 否则；另外；在其他方面adj. 另外的；其他方面的；原本，本来conj. 其他；如果不；然后
O1287,ounce,1,ounce,0,,1,ounce,D1281,kept,,,,,,,ounce: n. 盎司；少量；雪豹
O1288,outdoor,6,"outdoor, outlet, outlook, outset, outskirt, outwards",0,,6,"outdoor, outlet, outlook, outset, outskirt, outwards",D1282,kept,前缀 out- 表示“外，出”,都由 out- + 名词/动词构成，表示“在外面、向外、出口”等意。,在户外(outdoor)找到插座(outlet)，眺望(outlook)远方，从一开始(outset)向外走(outwards)到郊区(outskirt)。,户外插座眺望，开始向外去郊区。,outdoor activities 户外活动 | power outlet 电源插座 | positive outlook 积极的态度 | at the outset 从一开始 | on the outskirts 在郊区 | move outwards 向外移动,output 输出 | outcome 结果,outdoor: adj. 户外的；露天的；野外的（等于out-of-door） | outlet: n. 出口，排放孔；[电] 电源插座；销路；发泄的方法；批发商店 | outlook: n. 展望；态度，观点；景色vt. 比……好看；用目光压倒vi. 朝外看 | outset: n. 开始；开端 | outskirt: n. 郊区，市郊 | outwards: adv. 向外地
O1289,oven,1,oven,0,,1,oven,D1283,kept,,,,,,,oven: n. 炉，灶；烤炉，烤箱n. (Oven)人名；(荷)奥芬
O1290,over-excess/whole,3,"overall, overtime, overwhelm",0,,3,"overall, overtime, overwhelm",D1284,split_large_group,over- = excess or whole,整体、超时、压倒，核心都是'超过平常范围'。,全面(overall)故事：穿大衣(overcoat)站在头顶(overhead)水溢出(overflow)并重叠(overlap)，偷听(overhear)到有人忽略(overlook)了连夜(overnight)海外(overseas)超车(overtake)推翻(overthrow)加班(overtime)，被压垮(overwhelm)。,全面大衣头顶水溢重叠，偷听忽略连夜海外超车推翻加班压垮。,overall situation 全局 | wool overcoat 羊毛大衣 | river overflow 河水泛滥 | overhead light 头顶灯 | overhear a conversation 偶然听到谈话 | overlap each other 相互重叠 | overlook the fact 忽略事实 | stay overnight 过夜 | overseas market 海外市场 | overtake a car 超车 | overthrow a regime 推翻政权 | work overtime 加班 | be overwhelmed with grief 悲痛欲绝,overhead projector 高射投影仪 | overpass 天桥,overall: adj. 全部的；全体的；一切在内的adv. 全部地；总的说来n. 工装裤；罩衫 | overtime: n. [劳经] 加班时间；延长时间；加时赛adj. 超时的；加班的vt. 使超过时间adv. 加班地 | overwhelm: vt. 淹没；压倒；受打击；覆盖；压垮
O1291,over-position,4,"overcoat, overhead, overnight, overseas",0,,4,"overcoat, overhead, overnight, overseas",D1284,split_large_group,"over- = above, across, through time",都能用'越过/在上方/过一夜'的空间时间画面记。,全面(overall)故事：穿大衣(overcoat)站在头顶(overhead)水溢出(overflow)并重叠(overlap)，偷听(overhear)到有人忽略(overlook)了连夜(overnight)海外(overseas)超车(overtake)推翻(overthrow)加班(overtime)，被压垮(overwhelm)。,全面大衣头顶水溢重叠，偷听忽略连夜海外超车推翻加班压垮。,overall situation 全局 | wool overcoat 羊毛大衣 | river overflow 河水泛滥 | overhead light 头顶灯 | overhear a conversation 偶然听到谈话 | overlap each other 相互重叠 | overlook the fact 忽略事实 | stay overnight 过夜 | overseas market 海外市场 | overtake a car 超车 | overthrow a regime 推翻政权 | work overtime 加班 | be overwhelmed with grief 悲痛欲绝,overhead projector 高射投影仪 | overpass 天桥,"overcoat: n. 大衣，外套 | overhead: adj.在头上的,高架的n.企业一般管理费用,天花板adv.在头顶上,在空中,在高处 | overnight: adv. 在夜间；突然；一夜之间adj. 晚上的，只供一夜的；突然的v. 过夜；连夜快递（某物）n. 一夜的逗留 | overseas: adv. 在海外，向国外adj. 海外的，国外的"
O1292,over-crossing,4,"overflow, overlap, overtake, overthrow",0,,4,"overflow, overlap, overtake, overthrow",D1284,split_large_group,over- = across or beyond limit,都带'越过界线'或'翻过去'的动态。,全面(overall)故事：穿大衣(overcoat)站在头顶(overhead)水溢出(overflow)并重叠(overlap)，偷听(overhear)到有人忽略(overlook)了连夜(overnight)海外(overseas)超车(overtake)推翻(overthrow)加班(overtime)，被压垮(overwhelm)。,全面大衣头顶水溢重叠，偷听忽略连夜海外超车推翻加班压垮。,overall situation 全局 | wool overcoat 羊毛大衣 | river overflow 河水泛滥 | overhead light 头顶灯 | overhear a conversation 偶然听到谈话 | overlap each other 相互重叠 | overlook the fact 忽略事实 | stay overnight 过夜 | overseas market 海外市场 | overtake a car 超车 | overthrow a regime 推翻政权 | work overtime 加班 | be overwhelmed with grief 悲痛欲绝,overhead projector 高射投影仪 | overpass 天桥,overflow: v. （尤指液体）溢出；（容器）满得溢出；挤满人了；淹没（某一表面或地区）；过度延伸n. 泛滥；挤不下或多余的人（或物）；溢流管；数据过载 | overlap: v.(与...)交迭 | overtake: vt. 赶上；压倒；突然来袭vi. 超车 | overthrow: v. 推翻，倾覆；瓦解；投（球）过远；背弃n. 推翻，打倒，倾覆；投球过猛；（拱门、门廊上方的）铁艺装饰板
O1293,over-perception,2,"overhear, overlook",0,,2,"overhear, overlook",D1284,split_large_group,over- in perception,一个是不小心听到，一个是看漏/俯视，都是感知角度。,全面(overall)故事：穿大衣(overcoat)站在头顶(overhead)水溢出(overflow)并重叠(overlap)，偷听(overhear)到有人忽略(overlook)了连夜(overnight)海外(overseas)超车(overtake)推翻(overthrow)加班(overtime)，被压垮(overwhelm)。,全面大衣头顶水溢重叠，偷听忽略连夜海外超车推翻加班压垮。,overall situation 全局 | wool overcoat 羊毛大衣 | river overflow 河水泛滥 | overhead light 头顶灯 | overhear a conversation 偶然听到谈话 | overlap each other 相互重叠 | overlook the fact 忽略事实 | stay overnight 过夜 | overseas market 海外市场 | overtake a car 超车 | overthrow a regime 推翻政权 | work overtime 加班 | be overwhelmed with grief 悲痛欲绝,overhead projector 高射投影仪 | overpass 天桥,overhear: vt. 无意中听到；偷听vi. 无意中听到；偷听到 | overlook: vt. 忽略；俯瞰；远眺；不计较，宽恕；施魔法于；监督；检查n. 忽视；眺望；从高处能看到的景色
O1294,owl,1,owl,0,,1,owl,D1285,kept,,,,,,,owl: n. 猫头鹰；枭；惯于晚上活动的人
O1295,oxide,1,oxide,0,,1,oxide,D1286,kept,,,,,,,oxide: n. [化学] 氧化物
O1296,pamphlet,1,pamphlet,0,,1,pamphlet,D1287,kept,,,,,,,pamphlet: n. 小册子
O1297,paradise,1,paradise,0,,1,paradise,D1288,kept,,,,,,,paradise: n. 天堂至福境地
O1298,parameter,3,"paradox, paralyze, parameter",0,,3,"paradox, paralyze, parameter",D1289,kept,前缀 para- 表示“旁边，相反，超过” (paradox 相反观点；paralyze 旁边松弛；parameter 旁边测量),都含 para- 前缀，可形近成组记忆，辅助理解前缀多义。,一个悖论(paradox)：参数(parameter)混乱导致系统瘫痪(paralyze)。,悖论参数瘫痪了系统。,a paradox between A and B | paralyze the industry 使行业瘫痪 | set parameters 设定参数,paradise 天堂 | parachute 降落伞,paradox: n. 悖论，反论；似是而非的论点；自相矛盾的人或事n. （Paradox）《杀破狼：贪狼》（一部剧情动作电影） | paralyze: vt. 使麻痹；使瘫痪 | parameter: n. 参数；系数；参量
O1299,participant,2,"participant, partition",0,,2,"participant, partition",D1290,kept,词根 part (部分)；participant = part + cip (拿)；partition = part + ition,participant 参与者（分担一部分的人）；partition 分割（分成部分）。共享“部分”概念。,参与者(participant)把蛋糕分割(partition)成几块。,参与者分割蛋糕。,participant in a contest 比赛参与者 | partition wall 隔墙,participate 参与 | partial 部分的,participant: n. 参与者，参加者adj. 参与的 | partition: n. 划分，分开；[数] 分割；隔墙；隔离物vt. [数] 分割；分隔；区分
O1300,pastime,1,pastime,0,,1,pastime,D1291,kept,,,,,,,pastime: n. 娱乐，消遣
O1301,pasture,1,pasture,0,,1,pasture,D1292,kept,,,,,,,pasture: n. 草地；牧场；牧草vt. 放牧；吃草n. (Pasture)人名；(英)帕斯彻；(法)帕斯蒂尔
O1302,pathetic,1,pathetic,0,,1,pathetic,D1293,kept,,,,,,,pathetic: adj. 可怜的，悲哀的；感伤的；乏味的
O1303,patriotic,1,patriotic,0,,1,patriotic,D1294,kept,,,,,,,patriotic: adj. 爱国的
O1304,patrol,1,patrol,0,,1,patrol,D1295,kept,,,,,,,patrol: n. 巡逻；巡逻队；侦察队vt. 巡逻；巡查vi. 巡逻；巡查
O1305,pave,1,pave,0,,1,pave,D1296,kept,,,,,,,pave: v. （用石板或砖）铺（路），铺砌，铺设；为某事物铺平道路，创造条件n. (Pave) （法、塞尔维亚、克罗地亚）帕韦（人名）
O1306,pearl,1,pearl,0,,1,pearl,D1297,kept,,,,,,,pearl: n. 珍珠；珍珠色；杰出者；珍品adj. 镶珍珠的；珍珠状的vi. 采珍珠；成珍珠状vt. 使成珠状；用珍珠装饰；使呈珍珠色
O1307,pedal,2,"pedal, pedestrian",0,,2,"pedal, pedestrian",D1298,kept,词根 ped- = 脚。pedal 踏板（用脚操作的），pedestrian 行人（用脚走路的）,两个词共享词根 ped，都跟‘脚’有关，可以结合记忆。,想象一个行人(pedestrian)在骑自行车，脚踩在踏板(pedal)上。,行人（pedestrian）脚踩踏板（pedal），一路向前。,bicycle pedal - 自行车脚踏板 | pedestrian crossing - 人行横道,注意 pedestrian 也可作形容词 ‘徒步的；平淡无奇的’，如 pedestrian street 步行街,pedal: n. （车辆，乐器的）踏板v. 骑（自行车）；踩踏板adj. 脚的；脚踏的 | pedestrian: adj. 徒步的；缺乏想像力的n. 行人；步行者
O1308,peel,1,peel,0,,1,peel,D1299,kept,,,,,,,peel: v. 剥，剥落；削；（槌球中）击（他人的球）穿过铁环门n. 皮n. (Peel)人名；(英)皮尔
O1309,peer,1,peer,0,,1,peer,D1300,kept,,,,,,,peer: n. 同等地位的人，同龄人；贵族v. 凝视，盯着看；隐现；看见；匹配n. (Peer) （美、爱、英）皮尔（人名）
O1310,penalty,1,penalty,0,,1,penalty,D1301,kept,,,,,,,penalty: n. 罚款，罚金；处罚
O1311,pension,1,pension,0,,1,pension,D1302,kept,,,,,,,pension: n. 退休金，抚恤金；津贴；膳宿费vt. 发给养老金或抚恤金
O1312,perception,1,perception,0,,1,perception,D1303,kept,,,,,,,perception: n. 认识能力；知觉，感觉；洞察力；看法；获取
O1313,perfection,1,perfection,0,,1,perfection,D1304,kept,,,,,,,perfection: n. 完善；完美
O1314,periodic,2,"periodic, periodical",0,,2,"periodic, periodical",D1305,kept,period(n. 周期，时期) + -ic 形容词后缀 → periodic; period + -ical 变成形容词或名词期刊。periodical 作名词特指定期出版的杂志。,同源词，一个形容词，一个名词/形容词，都跟周期有关。,大学教授周期性(periodic) 审阅学术期刊(periodical)。,周期性的(periodic)翻阅期刊(periodical)。,periodic table - 周期表（化学） | scientific periodical - 科学期刊,区分 periodic (周期性发生) vs. regular (规律的),periodic: adj. 周期的；定期的 | periodical: adj. [数] 周期的；定期的n. 期刊；杂志
O1315,perish,1,perish,0,,1,perish,D1306,kept,,,,,,,perish: vt. 使麻木；毁坏vi. 死亡；毁灭；腐烂；枯萎
O1316,perpetual,1,perpetual,0,,1,perpetual,D1307,kept,,,,,,,perpetual: adj. 永久的；不断的；四季开花的；无期限的
O1317,perplex,1,perplex,0,,1,perplex,D1308,kept,,,,,,,perplex: vt. 使困惑，使为难；使复杂化
O1318,petition,1,petition,0,,1,petition,D1309,kept,,,,,,,petition: n. 请愿；请愿书；祈求；[法] 诉状vi. 请愿；请求vt. 请愿；请求；恳求
O1319,petty,1,petty,0,,1,petty,D1310,kept,,,,,,,petty: adj. 琐碎的；小气的；小规模的n. (Petty)人名；(英、法)佩蒂
O1320,phase,1,phase,0,,1,phase,D1311,kept,,,,,,,phase: n. 月相；时期，阶段vt. 分阶段进行；使定相
O1321,phenomenon,1,phenomenon,0,,1,phenomenon,D1312,kept,,,,,,,phenomenon: n. 现象；奇迹；杰出的人才
O1322,philosophy,2,"philosopher, philosophy",0,,2,"philosopher, philosophy",D1313,kept,philo- 爱 + soph 智慧 → philosophy 哲学（爱智慧）；-er 表人 → philosopher 哲学家（爱智慧的人）,同源派生，哲学和哲学家。,一个哲人(philosopher)在树下沉思哲学(philosophy)问题。,哲学家(philosopher)研究哲学(philosophy)，追求智慧。,doctor of philosophy - 博士学位 | Chinese philosophy - 中国哲学,不要和 physician (医生) 混淆,philosopher: n. 哲学家；哲人 | philosophy: n. 哲学；哲理；人生观
O1323,photographic,1,photographic,0,,1,photographic,D1314,kept,,,,,,,photographic: adj. 摄影的；逼真的；（尤指记忆）详细准确的
O1324,physics,3,"physical, physicist, physics",0,,3,"physical, physicist, physics",D1315,kept,词根 phys- 自然，物理。physics 物理学；physical 物理的，身体的；physicist 物理学家。,物理学相关词汇，形近意联。,物理学家(physicist)在实验室做物理(physics)实验，研究物质的物理(physical)性质。,物理(physics)学家(physicist)研究身体(physical)运动。,physical education - 体育 | Nobel Prize in physics - 诺贝尔物理学奖 | theoretical physicist - 理论物理学家,注意 physical 也指‘身体的’，如 physical examination 体检,physical: adj. 物理的；身体的；物质的；根据自然规律的，符合自然法则的n. 体格检查 | physicist: n. 物理学家；唯物论者 | physics: n. 物理学；物理现象
O1325,pierce,1,pierce,0,,1,pierce,D1316,kept,,,,,,,pierce: v. （锋利尖锐物体）刺穿；穿孔于（耳朵、鼻子）；（光、声）穿透，刺破；突破n. 穿孔
O1326,pigeon,1,pigeon,0,,1,pigeon,D1317,kept,,,,,,,pigeon: n. 鸽子n. (Pigeon)人名；(法)皮容；(英)皮金
O1327,pillar,1,pillar,0,,1,pillar,D1318,kept,,,,,,,pillar: n. 柱子，柱形物；栋梁；墩vt. 用柱支持n. (Pillar)人名；(英)皮勒
O1328,pinch,1,pinch,0,,1,pinch,D1319,kept,,,,,,,"pinch: n.捏,撮,收缩,紧急关头,匮乏,压力vt.掐,夹痛,修剪,勒索,使感缺乏,使萎缩,偷vi.收缩,节省"
O1329,pink,1,pink,0,,1,pink,D1320,kept,,,,,,,"pink: n.粉红色,石竹花,化身,极致,精华adj.粉红的vt.刺,扎,刺痛,使变粉红色vi.变粉红色"
O1330,pipeline,1,pipeline,0,,1,pipeline,D1321,kept,,,,,,,pipeline: n. 管道；输油管；传递途径
O1331,pistol,1,pistol,0,,1,pistol,D1322,kept,,,,,,,pistol: n. 手枪；信号枪vt. 用手枪射击n. (Pistol)人名；(罗)皮斯托尔
O1332,pit,1,pit,0,,1,pit,D1323,kept,,,,,,,"pit: n.深坑,深渊,陷阱,(物体或人体表面上的)凹陷,(英国剧场的)正厅后排、正厅后排的观众vt.窖藏,使凹下,去...之核,使留疤痕,使竞争vi.起凹点,凹陷"
O1333,pitch,1,pitch,0,,1,pitch,D1324,kept,,,,,,,"pitch: n.程度,斜度,树脂,投掷,定调,(船只)前后颠簸,倾斜,沥青vt.投,掷,向前倾跌,定位于,用沥青涂,扎营vi.搭帐篷,投掷,坠落,倾斜"
O1334,plague,1,plague,0,,1,plague,D1325,kept,,,,,,,plague: n. 瘟疫，鼠疫；灾祸，天灾；麻烦事，讨厌的人；愿上天降灾难于……（用于诅咒）v. 使折磨，使苦恼；纠缠，缠扰；使得灾祸
O1335,plantation,1,plantation,0,,1,plantation,D1326,kept,,,,,,,plantation: n. 栽植；殖民；大农场adj. 适用于种植园或热带、亚热带国家的
O1336,plastic,2,"plaster, plastic",0,,2,"plaster, plastic",D1327,kept,词根 plast 塑造（希腊语 plastos）,塑料和石膏都是可塑材料,工匠用塑料(plastic)和石膏(plaster)制作模型,塑料石膏都可塑,plastic bag - 塑料袋 | plaster cast - 石膏模型,elastic | flexible,plaster: n. 石膏；灰泥；膏药vt. 减轻；粘贴；涂以灰泥；敷以膏药；使平服n. (Plaster)人名；(英、德)普拉斯特 | plastic: n. 塑料；塑料学；非正式信用卡adj. 塑料制的；人造的，不自然的；（物质、材料）可塑的；产生立体感的；塑性的；有创造力的；适应环境变化的
O1337,plateau,1,plateau,0,,1,plateau,D1328,kept,,,,,,,plateau: n. 高原；稳定水平；托盘；平顶女帽vi. 达到平衡；达到稳定时期
O1338,playground,1,playground,0,,1,playground,D1329,kept,,,,,,,playground: n. 运动场，操场；游乐场
O1339,plea,3,"plea, plead, pledge",0,,3,"plea, plead, pledge",D1330,kept,plea/plead 请求；pledge 发音近似，可联记,plea（恳求）→ plead（辩护恳求）→ pledge（誓言保证），语义递进,法庭上被告恳求（plea）宽恕，律师辩护（plead），最终被告宣誓（pledge）改过,恳求(plea)辩护(plead)后许诺言(pledge),plea for help - 恳求帮助 | plead guilty - 认罪辩护 | pledge loyalty - 誓言忠诚,beg | appeal,plea: n. 恳求，请求；辩解，辩护；借口，托辞 | plead: vt. 借口；为...辩护；托称vi. 恳求；辩护 | pledge: n. 保证，誓言；抵押；抵押品，典当物vt. 保证，许诺；用……抵押；举杯祝……健康n. (Pledge)人名；(英)普莱奇
O1340,plentiful,1,plentiful,0,,1,plentiful,D1331,kept,,,,,,,plentiful: adj. 丰富的；许多的；丰饶的；众多的
O1341,plough,1,plough,0,,1,plough,D1332,kept,,,,,,,plough: vt. 犁；耕vi. 用犁耕田；开路n. 犁；耕地（等于plow）n. (Plough)人名；(英)普劳
O1342,pluck,1,pluck,0,,1,pluck,D1333,kept,,,,,,,"pluck: n.勇气v.拔去(鸡、鸭等)毛,采集"
O1343,plunge,1,plunge,0,,1,plunge,D1334,kept,,,,,,,plunge: v. 使突然地下落；猛插；骤降；陡峭地向下倾斜；颠簸；跳进；（使）陷入；栽种n. 突然跌落；（价格、数量等）骤降；投入；跳进；跳水，快速游泳
O1344,plural,1,plural,0,,1,plural,D1335,kept,,,,,,,plural: adj. （语法）复数（形式）的；多样的n. （语法）复数（形式）；（讽）黑人
O1345,poetry,1,poetry,0,,1,poetry,D1336,kept,,,,,,,poetry: n. 诗；诗意，诗情；诗歌艺术
O1346,poisonous,1,poisonous,0,,1,poisonous,D1337,kept,,,,,,,poisonous: adj. 有毒的；恶毒的；讨厌的
O1347,poke,1,poke,0,,1,poke,D1338,kept,,,,,,,poke: vi. 刺，捅；戳；伸出；刺探；闲荡vt. 刺，捅；戳；拨开n. 戳；刺；袋子；懒汉
O1348,polar,1,polar,0,,1,polar,D1339,kept,,,,,,,polar: adj. 极地的；两极的；正好相反的n. 极面；极线n. (Polar)人名；(德、西)波拉尔
O1349,policeman,1,policeman,0,,1,policeman,D1340,kept,,,,,,,policeman: n. 警察，警员；[分化] 淀帚（橡皮头玻璃搅棒）
O1350,political,4,"political, politician, politics, poll",0,,4,"political, politician, politics, poll",D1341,kept,词根 polit- 城市、国家（希腊语 polis）,政治核心词：政治的、政客、政治学、民意调查（poll）,政客(politician)搞政治(politics)必看民调(poll)以保政治(political)正确,政客玩政治看民调，求政治正确,political party - 政党 | politician speech - 政客演讲 | politics major - 政治学专业 | opinion poll - 民意调查,democracy | vote,"political: adj. 政治的；党派的 | politician: n. 政治家，政客 | politics: n. 政治，政治学；政治活动；政纲 | poll: n.选举之投票,民意测验v.投票,获得选票,选举中获得"
O1351,pollute,2,"pollute, pollution",0,,2,"pollute, pollution",D1342,kept,动词 -pollute + 名词后缀 -ion,动词与名词派生词，同为“污染”,工厂排污(pollute)造成环境污染(pollution),排污(pollute)造成污染(pollution),pollute the environment - 污染环境 | air pollution - 空气污染,contaminate | toxic,pollute: vt. 污染；玷污；败坏 | pollution: n. 污染；污染物
O1352,ponder,1,ponder,0,,1,ponder,D1343,kept,,,,,,,ponder: vt. 仔细考虑；衡量vi. 考虑；沉思n. (Ponder)人名；(英)庞德
O1353,pope,1,pope,0,,1,pope,D1344,kept,,,,,,,pope: n. 蒲伯（英国诗人）；罗马教皇
O1354,population,1,population,0,,1,population,D1345,kept,,,,,,,population: n. 人口；[生物] 种群，[生物] 群体；全体居民；[统计学] 总体
O1355,porch,1,porch,0,,1,porch,D1346,kept,,,,,,,porch: n. 门廊；走廊
O1356,pore,1,pore,0,,1,pore,D1347,kept,,,,,,,pore: n. （皮肤上的）毛孔；（植物的）气孔，孔隙v. 仔细打量，审视；凝视；认真研读，审阅；深思熟虑n. (Pore) （美、印）波雷（人名）
O1357,porridge,1,porridge,0,,1,porridge,D1348,kept,,,,,,,porridge: n. 粥，糊；麦片粥vt. 服刑
O1358,portion,1,portion,0,,1,portion,D1349,kept,,,,,,,portion: n. 部分；一份；命运vt. 分配；给…嫁妆
O1359,portrait,2,"portrait, portray",0,,2,"portrait, portray",D1350,kept,por-（向前）+ trait/portray（拉、描绘）,动词 portray（描绘）产出名词 portrait（肖像）,画家描绘(portray)人物，完成肖像(portrait)作品,描绘(portray)成肖像(portrait),family portrait - 全家福 | portray a character - 描绘角色,depict | sketch,portrait: n. 肖像；描写；半身雕塑像n. (Portrait)人名；(法)波特雷 | portray: vt. 描绘；扮演
O1360,Portugal,2,"portugal, portuguese",0,,2,"portugal, portuguese",D1351,kept,国名 + -ese 表语言/人,国家与对应语言/人,去葡萄牙(Portugal)自然说葡萄牙语(Portuguese),葡萄牙人讲葡萄牙语,visit Portugal - 游览葡萄牙 | Portuguese cuisine - 葡萄牙美食,Spain | Spanish,portugal: n. 葡萄牙（欧洲西南部国家） | portuguese: adj. 葡萄牙的；葡萄牙人的；葡萄牙语的；葡萄牙文化的n. 葡萄牙语；葡萄牙人
O1361,pose,4,"pose, position, positive, postpone",0,,4,"pose, position, positive, postpone",D1352,kept,词根 pos/posit 放置；post- 后 + pone 放置,pose（放置姿态）→ position（位置）→ positive（立场稳固的）→ postpone（往后放，延迟）,模特摆姿势(pose)找位置(position)，保持积极(positive)，拍摄却推迟(postpone),放好姿势找位置，积极原本不延迟,strike a pose - 摆姿势 | high position - 高位 | positive attitude - 积极态度 | postpone the meeting - 推迟会议,compose | deposit,pose: vt. 造成，形成；摆姿势；装模作样；提出…讨论vi. 摆姿势；佯装；矫揉造作n. 姿势，姿态；装模作样 | position: n. 位置；姿态；处境，地位；观点；职位，工作；站位v. 安置；把……放在适当位置 | positive: adj. 积极的；[数] 正的，[医][化学] 阳性的；确定的，肯定的；实际的，真实的；绝对的n. 正数；[摄] 正片 | postpone: vt. 使……延期；把……放在次要地位；把……放在后面vi. 延缓，延迟；延缓发作
O1362,possession,1,possession,0,,1,possession,D1353,kept,,,,,,,possession: n. 拥有；财产；领地；自制；着迷
O1363,possible,2,"possibility, possibly",0,,2,"possibility, possibly",D1354,kept,由 possible 派生，-bility 名词后缀，-bly 副词后缀,possibility 可能性，possibly 可能地，核心词 possible 不在本表但需一起记。,任何可能(possible)的事都有发生的可能性(possibility)，你可能会(possibly)成功。,可能的事，有可能，或许发生。,a strong possibility - 很大的可能性 | could possibly - 可能能够,probable (很可能的) 近义词辨析,possibility: n. 可能性；可能发生的事物 | possibly: adv. 可能地；也许；大概
O1364,post,2,"postage, postman",0,,2,"postage, postman",D1355,kept,post- 与邮政相关,postage 邮资，postman 邮递员，都来自 post (邮政)。,邮递员(postman)送信需要支付邮资(postage)。,邮递员和邮资，都与邮局有关。,pay the postage - 付邮费 | a friendly postman - 友好的邮递员,"post office 邮局, postcode 邮编",postage: n. 邮资，邮费 | postman: n. 邮递员；邮差
O1365,postulate,1,postulate,0,,1,postulate,D1356,kept,,,,,,,postulate: vt. 假定；要求；视…为理所当然n. 基本条件；假定
O1366,potential,1,potential,0,,1,potential,D1357,kept,,,,,,,potential: adj. 潜在的，可能的；势的n. 潜能，可能性；电势
O1367,poverty,1,poverty,0,,1,poverty,D1358,kept,,,,,,,poverty: n. 贫困；困难；缺少；低劣
O1368,practise,4,"practicable, practical, practically, practise",0,,4,"practicable, practical, practically, practise",D1359,kept,词根 pract (做，实践) + 各种后缀,practise 练习/实践，practical 实际有用的，practically 几乎/实际上，practicable 可行的。,你通过实践(practise)发现，只需要几乎(practically)不费力的实际(practical)方法，就是可行的(practicable)。,练习实践，实际可行。,practise medicine - 行医 | practical experience - 实际经验 | practically impossible - 几乎不可能 | a practicable plan - 可行的计划,practitioner (从业者) 同词根,practicable: adj. 可用的；行得通的；可实行的 | practical: adj. 实际的；实用性的 | practically: adv. 实际地；几乎；事实上 | practise: v. 练习，实践；经常做；从事；实施，实行；信奉；阴谋策划
O1369,preach,1,preach,0,,1,preach,D1360,kept,,,,,,,preach: vt. 说教；讲道；鼓吹；传道；反复灌输vi. 说教；讲道；鼓吹；宣扬n. 说教
O1370,precaution,1,precaution,0,,1,precaution,D1361,kept,,,,,,,precaution: n. 预防，警惕；预防措施vt. 警惕；预先警告
O1371,precede,3,"precede, preceding, predecessor",0,,3,"precede, preceding, predecessor",D1362,kept,pre- (前) + ced/ceed/cess (走) → 走在前面的,三个词都与'走在前面'有关：precede 动词领先，preceding 形容词在前的，predecessor 名词前任。,赛跑中，领跑者(predecessor)在其他人前面(precede)，他的排名是前一位的(preceding)。,前任在前面领先，就是 precede 这组词。,precede with - 以...开始/领先 | the preceding year - 前一年 | predecessor in office - 前任官员,succeed 继任，反义但不同词根,precede: vt. 领先，在…之前；优于，高于vi. 领先，在前面 | preceding: adj. 在前的；前述的v. 在...之前（precede的ing形式） | predecessor: n. 前任，前辈
O1372,precious,1,precious,0,,1,precious,D1363,kept,,,,,,,precious: adj. 宝贵的；珍贵的；矫揉造作的n. (Precious)人名；(英)普雷舍斯，普雷舍丝(女名)
O1373,precipitate,1,precipitate,0,,1,precipitate,D1364,kept,,,,,,,"precipitate: n.沉淀物vt.猛抛,使陷入,促成,使沉淀vi.猛地落下adj.突如其来的,陡然下降(或下落)的,贸然轻率的"
O1374,precise,2,"precise, precision",0,,2,"precise, precision",D1365,kept,pre- (前) + cise (切) → 预先切除多余部分 → 精确,precise 形容词精确的，precision 名词精度。,做手术时，医生需要精确(precise)下刀，这需要很高的精度(precision)。,事先切好，保证精确。,precise measurements - 精确测量 | with precision - 精准地,concise (简洁的) 也有词根 cise,precise: adj. 精确的；明确的；严格的 | precision: n. 精度，[数] 精密度；精确adj. 精密的，精确的
O1375,preclude,1,preclude,0,,1,preclude,D1366,kept,,,,,,,preclude: vt. 排除；妨碍；阻止
O1376,predominant,1,predominant,0,,1,predominant,D1367,kept,,,,,,,predominant: adj. 主要的；卓越的；支配的；有力的；有影响的
O1377,preface,1,preface,0,,1,preface,D1368,kept,,,,,,,preface: n. 前言；引语vt. 为…加序言；以…开始vi. 作序
O1378,prefer,2,"preferable, preference",0,,2,"preferable, preference",D1369,kept,pre- (前) + fer (携带) → 优先带出的 → 偏好,preferable 更可取的，preference 偏爱，核心词 prefer 不在本表但必须一起记。,购物时你更偏爱(prefer)某商品，就会说它更可取(preferable)，这就是你的偏好(preference)。,先带出的，就是更喜欢的。,preferable to - 比...更好 | have a preference for - 偏爱,"refer (参考), transfer (转移) 也有 fer",preferable: adj. 更好的，更可取的；更合意的 | preference: n. 偏爱，倾向；优先权
O1379,preliminary,1,preliminary,0,,1,preliminary,D1370,kept,,,,,,,preliminary: adj. 初步的；开始的；预备的n. 初步行动；准备工作；预赛，预试
O1380,premature,1,premature,0,,1,premature,D1371,kept,,,,,,,premature: adj. 早产的；不成熟的；比预期早的n. 早产儿；过早发生的事物
O1381,premise,1,premise,0,,1,premise,D1372,kept,,,,,,,premise: n. 前提，假定；（常复数）商店、餐馆、公司等使用的房屋及土地；（常复数）上诉各项v. 以……为前提；引出，预先提出；说明
O1382,premium,1,premium,0,,1,premium,D1373,kept,,,,,,,premium: n. 额外费用；奖金；保险费；溢价adj. 高价的；优质的
O1383,preparation,1,preparation,0,,1,preparation,D1374,kept,,,,,,,preparation: n. 预备；准备
O1384,preposition,1,preposition,0,,1,preposition,D1375,kept,,,,,,,preposition: n. 介词；前置词
O1385,prescribe,2,"prescribe, prescription",0,,2,"prescribe, prescription",D1376,kept,pre- (前) + scribe (写) → 事先写好的 → 开处方；规定,prescribe 动词开处方/规定，prescription 名词药方/指示。,医生在开处方(prescribe)时，给你一张处方单(prescription)。,提前写好，就是开处方。,prescribe a medicine - 开药 | follow the prescription - 遵医嘱,describe (描述) 也有 scribe,prescribe: vi. 规定；开药方vt. 规定；开处方 | prescription: n. 药方；指示；惯例adj. 凭处方方可购买的
O1386,present,3,"presence, presentation, presently",0,,3,"presence, presentation, presently",D1377,kept,pre- (前) + sent (存在) → 在前面存在 → 出席；展示,presence 出席/存在，presentation 展示/介绍，presently 目前，都与'在场'有关，核心词 present 不在本表。,在会议上，你的在场(presence)让你可以做一个展示(presentation)，目前(presently)你正在讲。,现在(present)在场展示，就是这组词。,in the presence of - 在...面前 | give a presentation - 做展示 | presently available - 目前可用的,represent (代表) 也有 sent,presence: n. 存在；出席；参加；风度；仪态 | presentation: n. 展示；描述，陈述；介绍；赠送 | presently: adv. （美）目前；不久
O1387,preside,1,preside,0,,1,preside,D1378,kept,,,,,,,preside: vi. 主持，担任会议主席vt. 管理
O1388,prestige,1,prestige,0,,1,prestige,D1379,kept,,,,,,,prestige: n. 威望，声望；声誉adj. 令人敬仰的；受尊重的；贵重的n. （Prestige）（英）普雷斯蒂奇（人名）
O1389,presume,2,"presumably, presume",0,,2,"presumably, presume",D1380,kept,pre- (前) + sume (拿取) → 预先拿取想法 → 假定,presume 动词假定/推测，presumably 副词大概。,在没有证据时，你预先拿一个结论，就是 presume，这个结论可能是 presumably 对的。,提前拿主意，就是假定。,presume ... to be ... - 假定...是... | presumably true - 大概是真的,assume (假定) 也有 sume,presumably: adv. 大概；推测起来；可假定 | presume: vt. 假定；推测；擅自；意味着vi. 相信；擅自行为
O1390,pretext,1,pretext,0,,1,pretext,D1381,kept,,,,,,,pretext: n. 借口；托辞vt. 以…为借口
O1391,prevail,2,"prevail, prevalent",0,,2,"prevail, prevalent",D1382,kept,pre- (前) + val (强，价值) → 提前强大 → 盛行，流行,prevail 是动词，表示盛行、战胜；prevalent 是形容词，表示流行的。同源词一起记。,某种观念提前强大，所以广为盛行——社交媒体上某观点 prevail，成为 prevalent 现象。,提前强大，所以盛行,prevail over 战胜 | prevalent disease 流行病,prevailing wind 盛行风,prevail: vi. 盛行，流行；战胜，获胜 | prevalent: adj. 流行的；普遍的，广传的
O1392,previous,2,"previous, previously",0,,2,"previous, previously",D1383,kept,pre- (前) + vi (路) + ous (形容词) → 前面的路 → 以前的；加 -ly 变副词。,形容词与副词对应，一个是‘以前的’，一个是‘以前、预先’。,时间线向前看，previous 事件发生在先，previously 用来修饰过去发生的动作。,之前修饰，之后记忆,previous experience 先前经验 | as previously mentioned 如前所述,prior 先前的（更正式）,previous: adj. 以前的；早先的；过早的adv. 在先；在…以前 | previously: adv. 以前；预先；仓促地
O1393,prey,1,prey,0,,1,prey,D1384,kept,,,,,,,prey: n. 猎物；受害者，牺牲品；（情绪易受伤的）脆弱的人；掠夺品v. 捕食；伤害；折磨，困扰n. (Prey) （美、德、爱）普赖（人名）
O1394,priest,1,priest,0,,1,priest,D1385,kept,,,,,,,priest: n. 牧师；神父；教士vt. 使成为神职人员；任命…为祭司n. (Priest)人名；(英、德)普里斯特
O1395,prime,3,"primarily, prime, primitive",0,,3,"primarily, prime, primitive",D1386,kept,prim- (第一，最初) → prime 第一的、全盛期；primarily 首要地；primitive 原始的最初状态。,三者同根，从‘第一’延伸出主要、首要、原始等义。,追根溯源，一切始于‘第一’：prime 精华，primarily 首当其冲，primitive 原始第一。,第一是主要，原始也是第一,prime minister 首相 | primarily responsible 主要负责 | primitive society 原始社会,primary 最初的、首要的,primarily: adv. 首先；主要地，根本上 | prime: adj. 主要的；最好的；基本的adv. 极好地n. 初期；青年；精华；全盛时期vt. 使准备好；填装vi. 作准备n. (Prime)人名；(英)普赖姆；(德)普里梅 | primitive: adj. 原始的，远古的；简单的，粗糙的n. 原始人
O1396,prince,2,"prince, princess",0,,2,"prince, princess",D1387,kept,拉丁语 princeps (首领) → prince 王子；加 -ess 表女性 → princess 公主。,性别对应的派生词，后缀变化规律明显。,童话里的王子是 prince，公主是 princess，多一个‘s’就像公主的裙摆。,prince王子加ess变公主,Prince Charming 白马王子 | princess gown 公主裙,principality 公国,prince: n. 王子，国君；亲王；贵族n. (Prince)人名；(英、葡)普林斯；(法)普兰斯； | princess: n. 公主；王妃；女巨头n. (Princess)人名；(英)普琳西丝；
O1397,principal,1,principal,0,,1,principal,D1388,kept,,,,,,,principal: adj. 主要的；资本的n. 首长；校长；资本；当事人
O1398,prior,2,"prior, priority",0,,2,"prior, priority",D1389,kept,prior (更前的) + -ity (名词后缀) → 优先的事情。,形容词 prior 在先的，名词 priority 优先权，两者直接从属。,事情有 prior 顺序，就决定了处理它的 priority。,前头有prior，优先priority,prior notice 预先通知 | top priority 首要任务,previous 先前的 | superior 上级,"prior: adj.优先的,在前的n.预先adv.在 | priority: n. 优先；优先权；[数] 优先次序；优先考虑的事"
O1399,privacy,1,privacy,0,,1,privacy,D1390,kept,,,,,,,privacy: n. 隐私；秘密；隐居；隐居处
O1400,probability,1,probability,0,,1,probability,D1391,kept,,,,,,,probability: n. 可能性；机率；[数] 或然率
O1401,probe,1,probe,0,,1,probe,D1392,kept,,,,,,,probe: n. 探针；调查vi. 调查；探测vt. 探查；用探针探测n. (Probe)人名；(法)普罗布
O1402,proceed,4,"proceed, proceeding, process, procession",0,,4,"proceed, proceeding, process, procession",D1393,kept,pro- (向前) + ceed/ceed/cess (走) → 前进系列：proceed 行进，proceeding 程序，process 过程，procession 队列。,核心含义均为‘向前走’，派生动/名词，涵盖行进、程序、队列等具体意象。,人们向前走（proceed），组成队伍（procession），这整个流程（process）包含各种程序（proceeding）。,向前走，成行列，过程程序都在这,proceed with 继续 | legal proceeding 法律程序 | manufacturing process 制造过程 | funeral procession 送葬队伍,procedure 步骤 | progress 进步,"proceed: vi. 开始；继续进行；发生；行进n. 收入，获利 | proceeding: n. 进行；程序；诉讼；事项v. 开始；继续做；行进（proceed的ing形式） | process: n.过程,作用,方法,程序,步骤,进行,推移vt.加工,处理 | procession: n. 队伍，行列；一列，一排；列队行进vi. 列队行进vt. 沿著……行进"
O1403,proclaim,1,proclaim,0,,1,proclaim,D1394,kept,,,,,,,proclaim: vt. 宣告，公布；声明；表明；赞扬
O1404,production,3,"production, productive, productivity",4,"produce, producer, productively, product",7,"production, productive, productivity, produce, producer, productively, product",D1395,kept,pro- (向前) + duct (引导) → 生产；-ion 名词，-ive 形容词，-ity 抽象名词。,围绕‘生产’形成的名词、形容词、生产率名词，层层递进。,工厂扩大 production（生产），工人变得 productive（多产），整体 productivity（生产率）提升。,生产出品，多产高效，生产力高,mass production 大规模生产 | productive meeting 富有成效的会议 | increase productivity 提高生产率,produce v. 生产 n. 农产品 | product 产品,production: n. 成果；产品；生产；作品 | productive: adj. 能生产的；生产的，生产性的；多产的；富有成效的 | productivity: n. 生产力；生产率；生产能力
O1405,profession,2,"profession, professional",0,,2,"profession, professional",D1396,kept,pro- (公开) + fess (说) + ion → 公开宣称（信仰/技能）→ 职业；-al 形容词/表人。,由‘公开宣称’引申为需要专业声明的职业，professional 指职业人员或专业的。,某人公开宣称（profess）自己的技能，这就是他的 profession，他便成为 professional。,公开宣称是职业，专业人士是后缀,teaching profession 教职 | professional advice 专业建议,professor 教授（同源）,profession: n. 职业，专业；声明，宣布，表白 | professional: adj. 专业的；职业的；职业性的n. 专业人员；职业运动员
O1406,proficiency,1,proficiency,0,,1,proficiency,D1397,kept,,,,,,,proficiency: n. 精通，熟练
O1407,profile,1,profile,0,,1,profile,D1398,kept,,,,,,,profile: n. 侧面；轮廓；外形；剖面；简况vt. 描…的轮廓；扼要描述vi. 给出轮廓
O1408,profitable,1,profitable,0,,1,profitable,D1399,kept,,,,,,,profitable: adj. 有利可图的；赚钱的；有益的
O1409,profound,1,profound,0,,1,profound,D1400,kept,,,,,,,profound: adj. 深厚的；意义深远的；渊博的
O1410,program,1,program,0,,1,program,D1401,kept,,,,,,,program: n. 程序；计划；大纲vt. 用程序指令；为…制订计划；为…安排节目vi. 编程序；安排节目；设计电脑程式
O1411,progressive,1,progressive,0,,1,progressive,D1402,kept,,,,,,,progressive: adj. 进步的；先进的n. 改革论者；进步分子
O1412,prohibit,1,prohibit,0,,1,prohibit,D1403,kept,,,,,,,prohibit: vt. 阻止，禁止
O1413,prolong,1,prolong,0,,1,prolong,D1404,kept,,,,,,,prolong: vt. 延长；拖延
O1414,prominent,1,prominent,0,,1,prominent,D1405,kept,,,,,,,prominent: adj. 突出的，显著的；杰出的；卓越的
O1415,promising,1,promising,0,,1,promising,D1406,kept,,,,,,,promising: adj. 有希望的，有前途的v. 许诺，答应（promise的现在分词形式）
O1416,prompt,1,prompt,0,,1,prompt,D1407,kept,,,,,,,"prompt: n.提示,付款期限vt.提示,鼓动,促使,(给演员)提白adj.敏捷的,迅速的,即时的adv.准时地"
O1417,prone,1,prone,0,,1,prone,D1408,kept,,,,,,,prone: adj. 俯卧的；有…倾向的，易于…的n. (Prone)人名；(意、法)普罗内
O1418,pronounce,3,"pronoun, pronounce, pronunciation",0,,3,"pronoun, pronounce, pronunciation",D1409,kept,pro-（向前）+ nounce（说）→ 发音；宣告,pronounce 是动词发音或宣判，pronunciation 是名词发音，两者意义直接关联。,法官向前宣读判决：pronounce，人们对他的发音 pronunciation 很挑剔。,法官宣读判决 pronounce，发音 pronunciation 要准确。,pronounce a sentence - 宣判 | correct pronunciation - 正确发音,注意重音变化：pronounce 第二音节重读，pronunciation 第二音节弱化,pronoun: n. 代词 | pronounce: vt. 发音；宣判；断言vi. 发音；作出判断 | pronunciation: n. 发音；读法
O1419,proof,1,proof,0,,1,proof,D1410,kept,,,,,,,proof: n. 证明；证据；校样；考验；验证；试验adj. 防…的；不能透入的；证明用的；耐…的vt. 试验；校对；使不被穿透
O1420,propagate,2,"propaganda, propagate",0,,2,"propaganda, propagate",D1411,kept,propag-（繁殖，传播）,propagate 传播、繁殖；propaganda 宣传（传播思想）。,政府 propagate 政策，利用 propaganda 工具。,传播 propagate，宣传 propaganda，思想广流传。,propagate ideas - 传播思想 | political propaganda - 政治宣传,propaganda 常含贬义，指带有目的性的宣传,propaganda: n. 宣传；传道总会 | propagate: vt. 传播；传送；繁殖；宣传vi. 繁殖；增殖
O1421,propel,1,propel,0,,1,propel,D1412,kept,,,,,,,propel: vt. 推进；驱使；激励；驱策
O1422,property,1,property,0,,1,property,D1413,kept,,,,,,,property: n. 性质，性能；财产；所有权
O1423,prophet,1,prophet,0,,1,prophet,D1414,kept,,,,,,,prophet: n. 先知；预言者；提倡者
O1424,proportion,2,"proportion, proportional",0,,2,"proportion, proportional",D1415,kept,pro-（按照）+ port（部分）+ ion → 按照部分 → 比例,proportion 名词比例、均衡；proportional 形容词成比例的。,厨师按 proportion 配料，确保味道 proportional。,比例 proportion 得当，味道 proportional 均衡。,in proportion to - 与...成比例 | directly proportional - 成正比的,反义：disproportionate 不成比例的,proportion: n. 比例，占比；部分；面积；均衡vt. 使成比例；使均衡；分摊 | proportional: adj. 比例的，成比例的；相称的，均衡的n. [数] 比例项
O1425,propose,3,"proposal, propose, proposition",0,,3,"proposal, propose, proposition",D1416,kept,pro-（向前）+ pos（放置）→ 向前放置 → 提议,propose 动词提议、求婚；proposal 名词提议、求婚；proposition 名词提议、命题、较正式的求欢。,在浪漫餐厅，他 propose（求婚），拿出 proposal（求婚建议书），她反提出一个 proposition（条件）。,求婚 propose 递 proposal，对方提出 proposition。,propose a toast - 干杯 | a business proposal - 商业提案 | attractive proposition - 诱人的提议,注意 proposition 有命题、求欢等特殊含义，比 proposal 更正式或抽象,proposal: n. 提议，建议；求婚 | propose: vt. 建议；打算，计划；求婚vi. 建议；求婚；打算 | proposition: n. 命题；提议；主题；议题vt. 向……提议；向……求欢
O1426,prose,1,prose,0,,1,prose,D1417,kept,,,,,,,prose: n. 散文；单调adj. 散文的；平凡的；乏味的vi. 写散文；乏味地讲话vt. 把…写成散文
O1427,prospect,2,"prospect, prospective",0,,2,"prospect, prospective",D1418,kept,pro-（向前）+ spect（看）→ 向前看 → 前景；预期的,prospect 名词前景、预期、景色；prospective 形容词未来的、预期的。,登山者看到山顶 prospect，prospective 的成功让他兴奋。,前方景色 prospect 美，prospective 前景好。,career prospect - 职业前景 | prospective buyer - 潜在买家,同根词：inspect（检查）、respect（尊重）,prospect: n. 前途；预期；景色vi. 勘探，找矿vt. 勘探，勘察 | prospective: adj. 未来的；预期的
O1428,prosper,2,"prosperity, prosperous",0,,2,"prosperity, prosperous",D1419,kept,pro-（向前）+ sper（希望）→ 有希望 → 繁荣,prosperity 名词繁荣、成功；prosperous 形容词繁荣的。,国家进入 prosperity，到处是一片 prosperous 景象。,经济繁荣 prosperity，市民 prosperous 幸福。,economic prosperity - 经济繁荣 | prosperous business - 兴旺的生意,同根词：desperate（失去希望的）,prosperity: n. 繁荣，成功 | prosperous: adj. 繁荣的；兴旺的
O1429,protect,2,"protection, protective",0,,2,"protection, protective",D1420,kept,pro-（在前面）+ tect（盖）→ 在前面盖住 → 保护,动词 protect 保护，protection 名词保护，protective 形容词保护的。,母鸡用翅膀提供 protection，对小鸡非常 protective。,保护 protect 提供 protection，表现出 protective 关爱。,environmental protection - 环境保护 | protective clothing - 防护服,同根词：detect（去除掩盖→发现）,protection: n. 保护；防卫；护照 | protective: adj. 防护的；关切保护的；保护贸易的
O1430,protein,1,protein,0,,1,protein,D1421,kept,,,,,,,protein: n. 蛋白质；朊adj. 蛋白质的
O1431,protest,1,protest,0,,1,protest,D1422,kept,,,,,,,protest: n. 抗议，反对；（多来自公证人）拒付证书v. 抗议，反对；坚决表示，断言；拒付
O1432,prototype,1,prototype,0,,1,prototype,D1423,kept,,,,,,,prototype: n. 原型；样本；标准，模范；全真模型；[电]原型滤波网络vt. 制作原型
O1433,provide,2,"provided, provision",0,,2,"provided, provision",D1424,kept,pro-（向前）+ vide（看）→ 提前看到并准备 → 提供,provide 提供；provided 连词假如，源于“如果被提供…”；provision 名词供应、条款（提前准备好的规定）。,家长 provide 食物，provision 充足，provided 孩子不挑食。,提供 provide，条件 provided，供应 provision。,provided that - 假如 | make provision for - 为...做好准备,provided 作为连词用法等同于 if，较正式,provided: conj. 假如，倘若v. 提供，给予（provide 的过去式和过去分词） | provision: n. 规定；条款；准备；[经] 供应品vt. 供给…食物及必需品
O1434,provoke,2,"provocative, provoke",0,,2,"provocative, provoke",D1425,kept,pro-（向前）+ voke（叫喊）→ 向前叫喊 → 挑衅,provoke 动词激怒、煽动；provocative 形容词挑衅的、刺激的。,他的 provocative 言论 provoke 了观众。,挑衅 provocative 行为，极易 provoke 对方。,provoke a reaction - 激起反应 | provocative remarks - 挑衅言论,同根词：revoke（撤回）、invoke（调用）,provocative: adj. 刺激的，挑拨的；气人的n. 刺激物，挑拨物；兴奋剂 | provoke: vt. 驱使；激怒；煽动；惹起
O1435,proximity,1,proximity,0,,1,proximity,D1426,kept,,,,,,,proximity: n. 接近，[数]邻近；接近；接近度，距离；亲近
O1436,psychological,1,psychological,0,,1,psychological,D1427,kept,,,,,,,psychological: adj. 心理的；心理学的；精神上的
O1437,publish,2,"publication, publicity",0,,2,"publication, publicity",D1428,kept,public-（公众）→ 与公众有关,publish 出版、发表；publication 出版物、发表；publicity 宣传、公开。,出版社 publish 新书，通过 publication 和 publicity 推广。,出版 publish 发行 publication，宣传 publicity 少不了。,academic publication - 学术出版物 | media publicity - 媒体宣传,注意 publicity 不是 publish 的名词，publication 才是；publicity 多指宣传和关注度,publication: n. 出版；出版物；发表 | publicity: n. 宣传，宣扬；公开；广告；注意
O1438,pudding,1,pudding,0,,1,pudding,D1429,kept,,,,,,,pudding: n. 布丁
O1439,puff,1,puff,0,,1,puff,D1430,kept,,,,,,,"puff: n.一阵喷烟,肿块,蓬松,吹嘘,宣传广告v.喷出,张开,夸张,(使)膨胀,(使)骄傲,喘息,鼓吹,吹捧"
O1440,punch,1,punch,0,,1,punch,D1431,kept,,,,,,,punch: n. 冲压机；打洞器；钻孔机vt. 开洞；以拳重击vi. 用拳猛击n. (Punch)人名；(马来)蓬芝；(英)庞奇
O1441,punctual,1,punctual,0,,1,punctual,D1432,kept,,,,,,,punctual: adj. 准时的，守时的；精确的
O1442,punishment,1,punishment,0,,1,punishment,D1433,kept,,,,,,,punishment: n. 惩罚；严厉对待，虐待
O1443,puppet,1,puppet,0,,1,puppet,D1434,kept,,,,,,,puppet: n. 木偶；傀儡；受他人操纵的人
O1444,pure,3,"purely, purify, purity",0,,3,"purely, purify, purity",D1435,kept,pur-（纯）→ 与纯有关,pure 形容词纯的，purely 副词纯粹地，purify 动词净化，purity 名词纯洁。,为了追求 purity，他们 purify 水源，purely 为了健康。,纯净 pure 是根本，净化 purify 求 purity。,pure water - 纯净水 | purify the air - 净化空气 | high purity - 高纯度,,purely: adv. 纯粹地；仅仅，只不过；完全地；贞淑地；清洁地 | purify: vt. 净化；使纯净vi. 净化；变纯净 | purity: n. [化学] 纯度；纯洁；纯净；纯粹n. (Purity)人名；(肯)普丽蒂
O1445,pursue,2,"pursue, pursuit",0,,2,"pursue, pursuit",D1436,kept,pur-（向前）+ sue（跟随）→ 向前跟随 → 追求,pursue 动词追赶、从事；pursuit 名词追求、职业。,他 pursue 幸福，在 pursuit of happiness 中快乐。,pursue 梦想，在 pursuit 中不停。,pursue a career - 从事职业 | in pursuit of - 追求...,,pursue: vt. 继续；从事；追赶；纠缠vi. 追赶；继续进行 | pursuit: n. 追赶，追求；职业，工作
O1446,qualify,3,"qualification, qualify, qualitative",0,,3,"qualification, qualify, qualitative",D1437,kept,词根 qual- 表示“性质、类别”,qualification 赋予资格（标明类别），qualify 使具有资格或限定，qualitative 性质的、定性的。三者均源自拉丁语 qualis（什么样的）。,资格考试中，考生持 qualification 证书，证明被 qualify，而试卷涉及 qualitative 分析。,qual- 性质，资格与定性连一起。,qualification - 资格证明 | qualify - 使合格；限定 | qualitative - 定性分析,与 quantitative 对比：定性 vs 定量。,qualification: n. 资格；条件；限制；赋予资格 | qualify: vt. 限定，修饰；使具有资格；证明…合格vi. 取得资格，有资格 | qualitative: adj. 定性的；质的，性质上的
O1447,quantity,3,"quantify, quantitative, quantity",0,,3,"quantify, quantitative, quantity",D1438,kept,词根 quant- 表示“数量、多少”,quantity 数量，quantify 量化，quantitative 定量的，均与数量相关。,实验室里，科学家 quantify 样本，记录 quantity，进行 quantitative 分析。,quant- 数量，量化定量数量全。,quantity - 大量；数量 | quantify - 量化数据 | quantitative - 定量分析,与 qualitative 对比：定量 vs 定性。,quantify: vt. 量化；为…定量；确定数量vi. 量化；定量 | quantitative: adj. 定量的；量的，数量的 | quantity: n. 量，数量；大量；总量
O1448,quarrel,1,quarrel,0,,1,quarrel,D1439,kept,,,,,,,quarrel: n. 吵架，口角；反目，失和；争吵（或抱怨）的原因；方头凿，方头投掷物；方镞箭v. 吵架，争论；反对；挑剔；抱怨
O1449,quart,2,"quart, quarterly",0,,2,"quart, quarterly",D1440,kept,词根 quart- 表示“四分之一”,quart 夸脱（四分之一加仑），quarterly 季度的（四分之一年），都基于 quart- 四分之一。,一杯 quart 牛奶，花 quarterly 一季度喝完。,quart 四分之一，夸脱与季刊同源。,quart - 一夸脱容器 | quarterly - 按季度；季刊,quarter 四分之一，headquarters 总部。,quart: n. 夸脱（容量单位）；一夸脱的容器 | quarterly: adj. 季度的，按季度的；一年四次的adv. 按季度，[农] 一季一次地；纵横四分地n. 季刊n. (Quarterly)人名；(英)夸特利
O1450,quartz,1,quartz,0,,1,quartz,D1441,kept,,,,,,,quartz: n. 石英
O1451,queer,1,queer,0,,1,queer,D1442,kept,,,,,,,"queer: n.同性恋者adj.奇怪的,可疑的,不舒服的vt.搞糟n.同性恋者"
O1452,quench,1,quench,0,,1,quench,D1443,kept,,,,,,,quench: vt. 熄灭，[机] 淬火；解渴；结束；冷浸vi. 熄灭；平息
O1453,question,3,"quest, question, questionnaire",0,,3,"quest, question, questionnaire",D1444,kept,词根 quest/quire 表示“询问、寻求”,quest 探索寻求，question 问题，questionnaire 问卷（一系列问题）。,探险家出发 quest，途中不断 question 方向，最后填写 questionnaire 记录见闻。,quest 寻求问问题，问卷问题都问起。,quest - 追求（in quest of） | question - 提问；怀疑 | questionnaire - 填写问卷,request 请求，require 要求，同词根。,quest: n. 追求；寻找；任务（游戏术语）vi. 追求；寻找vt. 探索n. (Quest)人名；(德)奎斯特 | question: n. 问题，疑问；询问；疑问句vt. 询问；怀疑；审问vi. 询问；怀疑；审问 | questionnaire: n. 问卷；调查表
O1454,quick,2,"quicken, quickly",0,,2,"quicken, quickly",D1445,kept,quick 原意“活的、快速的”，派生副词和动词,quickly 迅速地，quicken 加快，与速度紧密相关。,跑车 quickly 驶过，心跳 quicken 加速。,quick 快，quickly 副词，quicken 动词加快。,quicken - 加快步伐 | quickly - 迅速完成,"同义词 rapidly, swiftly。",quicken: vi. 加快；变活跃；进入胎动期vt. 加快；鼓舞；使复活 | quickly: adv. 迅速地；很快地
O1455,quiver,1,quiver,0,,1,quiver,D1446,kept,,,,,,,quiver: n. 颤抖；箭袋；震动vi. 颤抖；振动vt. 使…颤动；抖动
O1456,quote,2,"quotation, quote",0,,2,"quotation, quote",D1447,kept,词根 quot- 表示“引用、数目”,quote 引用或报价，quotation 引语或报价单，直接派生关系。,写作时 quote 名言，并注明 quotation 出处。,quote 引用加报价，quotation 名词化。,quotation - 引文；报价单 | quote - 引用；报（价）,quotation mark 引号。,"quotation: n. [贸易] 报价单；引用语；引证 | quote: vt.引用,引证,提供,提出,报(价)"
O1457,rack,1,rack,0,,1,rack,D1448,kept,,,,,,,rack: n. [机] 齿条；架子；拷问台vi. 变形；随风飘；小步跑vt. 折磨；榨取n. (Rack)人名；(法、德、意、匈)拉克
O1458,racket,1,racket,0,,1,racket,D1449,kept,,,,,,,racket: n. 球拍；吵闹，喧闹vt. 过着花天酒地的生活vi. 过着花天酒地的生活
O1459,radar,1,radar,0,,1,radar,D1450,kept,,,,,,,radar: n. [雷达] 雷达，无线电探测器n. (Radar)人名；(塞)拉达尔
O1460,radiate light,3,"radiant, radiate, radiation",2,"radiantly, radiative",5,"radiant, radiate, radiation, radiantly, radiative",D1451,split_large_group,radi- = ray,光芒向外射出：形容词、动词、名词。,镭 (radium) 发出 radiant 光，radiate 放射线，产生 radiation，它是 radioactive 物质，具有 radioactivity，而光线延伸就像圆的 radius。,radi 射线，从 radiant 到 radius 放射记一串。,radiant - 容光焕发；辐射的 | radiate - 散发（光/热） | radiation - 辐射 | radioactive - 放射性物质 | radioactivity - 放射性强度 | radium - 镭元素 | radius - 半径范围,辨析：radical 根本的（词源为根），与辐射组形近但意远。,radiant: adj. 辐射的；容光焕发的；光芒四射的n. 光点；发光的物体 | radiate: vt. 辐射；传播；流露；发射；广播vi. 辐射；流露；发光；从中心向各方伸展adj. 辐射状的，有射线的 | radiation: n. 辐射；放射物
O1461,radical,1,radical,0,,1,radical,D1452,kept,,,,,,,radical: adj. 激进的；根本的；彻底的n. 基础；激进分子；[物化] 原子团；[数] 根数
O1462,radioactive family,3,"radioactive, radioactivity, radium",1,radioactively,4,"radioactive, radioactivity, radium, radioactively",D1451,split_large_group,radio-/radium = radioactive ray,放射性元素和性质放在一页。,镭 (radium) 发出 radiant 光，radiate 放射线，产生 radiation，它是 radioactive 物质，具有 radioactivity，而光线延伸就像圆的 radius。,radi 射线，从 radiant 到 radius 放射记一串。,radiant - 容光焕发；辐射的 | radiate - 散发（光/热） | radiation - 辐射 | radioactive - 放射性物质 | radioactivity - 放射性强度 | radium - 镭元素 | radius - 半径范围,辨析：radical 根本的（词源为根），与辐射组形近但意远。,radioactive: adj. [核] 放射性的；有辐射的 | radioactivity: n. 放射性；[核] 放射能力；[核] 放射现象 | radium: n. [化学] 镭（88号元素符号Ra）
O1463,radish,1,radish,0,,1,radish,D1453,kept,,,,,,,radish: n. 萝卜，小萝卜n. (Radish)人名；(俄)拉季什；(塞)拉迪什
O1464,radius,1,radius,1,radial,2,"radius, radial",D1451,split_large_group,radius = ray-like line from center,radius 是从中心射出的半径，和辐射词族有关但画面可单独处理。,镭 (radium) 发出 radiant 光，radiate 放射线，产生 radiation，它是 radioactive 物质，具有 radioactivity，而光线延伸就像圆的 radius。,radi 射线，从 radiant 到 radius 放射记一串。,radiant - 容光焕发；辐射的 | radiate - 散发（光/热） | radiation - 辐射 | radioactive - 放射性物质 | radioactivity - 放射性强度 | radium - 镭元素 | radius - 半径范围,辨析：radical 根本的（词源为根），与辐射组形近但意远。,radius: n. 半径，半径范围；[解剖] 桡骨；辐射光线；有效航程n. (Radius)人名；(意、印尼)拉迪乌斯；(英)雷迪厄斯；(法)拉迪于斯
O1465,rage,1,rage,0,,1,rage,D1454,kept,,,,,,,rage: n. 愤怒；狂暴，肆虐；情绪激动vi. 大怒，发怒；流行，风行n. (Rage)人名；(丹)拉厄
O1466,raid,1,raid,0,,1,raid,D1455,kept,,,,,,,raid: n. 袭击；突袭；搜捕；抢劫vi. 突袭vt. 袭击，突袭n. （Raid）（阿拉伯）拉伊德（人名）abbr. （Raid）独立硬盘冗余阵列（Redundant Array of Inexpensive Disks）
O1467,railroad,1,railroad,0,,1,railroad,D1456,kept,,,,,,,railroad: n. 铁路；铁路公司v. 迫使……仓促行事； 强使……草率通过； 轻率判处； 在铁路工作；乘火车旅行
O1468,rake,1,rake,0,,1,rake,D1457,kept,,,,,,,"rake: n.耙子,斜度,向船尾的倾斜,放荡者v.搜索,掠过,用耙子耙,(使)倾斜"
O1469,rally,1,rally,0,,1,rally,D1458,kept,,,,,,,"rally: v.重整旗鼓,给予新力量,(使)恢复健康,力量,决心,集结n.集会"
O1470,rapidly,1,rapidly,0,,1,rapidly,D1459,kept,,,,,,,rapidly: adv. 迅速地；很快地；立即
O1471,rarely,1,rarely,0,,1,rarely,D1460,kept,,,,,,,rarely: adv. 很少地；难得；罕有地
O1472,rational,3,"rating, ratio, rational",0,,3,"rating, ratio, rational",D1461,kept,词根 rat- 表示“计算、理性”,rating 等级评定（计算评估），ratio 比率（计算关系），rational 理性的（基于计算思考）。,用 rational 思维计算 ratio，得出 rating 评价。,rat- 计算，评级比率理性连。,rating - 信用评级 | ratio - 比率 | rational - 合理分析,reason 理由，同源。,rating: n. 等级；等级评定；额定功率v. 对…评价（rate的ing形式）n. (Rating)人名；(德)拉廷 | ratio: n. 比率，比例 | rational: adj. 合理的；理性的n. 有理数
O1473,reaction,1,reaction,0,,1,reaction,D1462,kept,,,,,,,reaction: n. 反应，感应；反动，复古；反作用
O1474,reader,1,reader,0,,1,reader,D1463,kept,,,,,,,reader: n. 读者；阅读器；读物n. (Reader)人名；(英)里德
O1475,readily,1,readily,0,,1,readily,D1464,kept,,,,,,,readily: adv. 容易地；乐意地；无困难地
O1476,real,2,"realistic, really",0,,2,"realistic, really",D1465,kept,词根 real- 表示“真实、实际”,realistic 现实的，really 真正地，强调真实性。,realistic 目标，真的 really 能实现。,real 真实，副词 really，形容词 realistic。,realistic - 现实主义的 | really - 真正地,reality 现实，realize 实现。,realistic: adj. 现实的；现实主义的；逼真的；实在论的 | really: adv. 实际上，事实上；真正地，真实地；真的吗？（表语气）
O1477,reign/region family,4,"realm, regime, region, reign",1,regional,5,"realm, regime, region, reign, regional",D1466,split_large_group,"reg-/reign = rule, ruled area",统治者、政权、疆域、统治动作适合画成王国。,想象一位统治者（reign）在他的地区（region）建立了政权（regime），并制定规则（regulation）来调节（regulate）社会，使一切井然有序、有规律（regular/regularly）。,统治者(reign)在地区(region)建立政权(regime)，用规则(regulation)来调节(regulate)，保持规律(regular)。,regular exercise - 定期锻炼 | regulate traffic - 调节交通 | break regulation - 违反规定 | Nazi regime - 纳粹政权 | remote region - 偏远地区 | the reign of Queen Victoria - 维多利亚女王统治时期,辨析：reign vs. rein（缰绳，控制），读音相同但词源不同，rein引申为控制手段。,realm: n. 领域，范围；王国 | regime: n. 政权，政体；社会制度；管理体制 | region: n. 地区；范围；部位 | reign: n. 君主统治时期；任期；（运动员）持荣誉头衔时期；主宰期v. 统治；成为最佳；盛行，支配
O1478,reap,1,reap,0,,1,reap,D1467,kept,,,,,,,reap: vt. 收获，获得；收割vi. 收割，收获n. (Reap)人名；(英)里普
O1479,rear,1,rear,0,,1,rear,D1468,kept,,,,,,,rear: n. 后面；后方部队；屁股adj. 后方的，后面的；背面的v. 抚养；培养；喂养，饲养；栽种，培植；（马等动物）用后腿直立；竖起adv. 向后；在后面
O1480,rebel,2,"rebel, rebellion",0,,2,"rebel, rebellion",D1469,kept,re- (against) + bellum (war); -lion 名词后缀,动词/名词和名词，都表示反叛、叛乱,叛逆者发动武装叛乱,反叛（rebel）导致叛乱（rebellion）,rebel forces | suppress a rebellion,派生词rebellious（反叛的）,"rebel: n.造反者,叛逆者,反抗者,叛乱者adj.造反的,叛逆的,反抗的v.造反,反叛,反抗,叛乱 | rebellion: n. 叛乱；反抗；谋反；不服从"
O1481,recall,2,"recall, recollect",0,,2,"recall, recollect",D1470,kept,re- (back) + call；re- + collect,同义词，均表示“回想”,努力在脑海中唤回并收集散落的记忆片段,回忆（recall）就是重新收集（recollect）往事,recall events | recollect the past,remember，remind辨析,recall: vt. 召回；回想起，记起；取消n. 召回；回忆；撤消 | recollect: v. 回忆，想起
O1482,recently,1,recently,0,,1,recently,D1471,kept,,,,,,,recently: adv. 最近；新近
O1483,reception,3,"reception, recipient, reciprocal",0,,3,"reception, recipient, reciprocal",D1472,kept,"拉丁recipere (to receive); -ion 名词, -ent 人, -al 形容词",reception接收（场合），recipient接收者，reciprocal相互的（有来有往）,招待会上，获奖者们互赠礼物，体现互惠关系,招待会（reception）上接收者（recipient）互惠（reciprocal）往来,warm reception | recipient of award | reciprocal agreement,receive动词，注意receptionist（接待员）,reception: n. 接待；接收；招待会；感受；反应 | recipient: n. 容器，接受者；容纳者adj. 容易接受的；容纳的 | reciprocal: adj. 互惠的；相互的；倒数的，彼此相反的n. [数] 倒数；互相起作用的事物
O1484,recession,1,recession,0,,1,recession,D1473,kept,,,,,,,recession: n. 衰退；不景气；后退；凹处
O1485,recite,1,recite,0,,1,recite,D1474,kept,,,,,,,recite: vt. 背诵；叙述；列举vi. 背诵；叙述
O1486,reckless,1,reckless,0,,1,reckless,D1475,kept,,,,,,,reckless: adj. 鲁莽的，不顾后果的；粗心大意的n. (Reckless)人名；(英)雷克利斯
O1487,reckon,1,reckon,0,,1,reckon,D1476,kept,,,,,,,reckon: vt. 测算，估计；认为；计算vi. 估计；计算；猜想，料想
O1488,reclaim,2,"reclaim, recycle",0,,2,"reclaim, recycle",D1477,kept,re- (again) + claim (叫) → 要回；re- + cycle (圈),均表示回收或重新利用资源,环保工厂回收废料并循环利用,回收（reclaim）物资，循环（recycle）使用,reclaim land | recycle bin,recover恢复；reuse重复使用,reclaim: vt. 开拓；回收再利用；改造某人，使某人悔改vi. 抗议，喊叫n. 改造，感化；再生胶 | recycle: v. 回收利用；使再循环；重新使用n. 回收利用，循环使用
O1489,recognize,2,"recognition, recognize",0,,2,"recognition, recognize",D1478,kept,re- (again) + cognoscere (to know); -tion 名词后缀,动词和名词形式，表示“认出”和“承认”,一个人认出老朋友，获得公众认可和赞誉,再次知道（recognize）带来认可（recognition）,recognize a face | win recognition,与identify辨析：recognize强调认出曾经知道的人或物,recognition: n. 识别；承认，认出；重视；赞誉；公认 | recognize: vt. 认出，识别；承认；接受，认可；赞赏vi. 确认，承认；具结
O1490,recommendation,1,recommendation,0,,1,recommendation,D1479,kept,,,,,,,recommendation: n. 推荐；建议；推荐信
O1491,reconcile,1,reconcile,0,,1,reconcile,D1480,kept,,,,,,,reconcile: vt. 使一致；使和解；调停，调解；使顺从
O1492,recovery,3,"recovery, recreation, refreshment",0,,3,"recovery, recreation, refreshment",D1481,kept,re- (again) + cover; recre- (create); refresh- (fresh); 均含“恢复”,recovery恢复健康/经济，recreation恢复精神的娱乐，refreshment提神恢复精力,病人通过娱乐活动和茶点补充体力，最终康复,康复（recovery）靠娱乐（recreation）和茶点（refreshment）,speedy recovery | recreation center | light refreshments,"recover, recreate, refresh动词形式",recovery: n. 恢复，复原；痊愈；重获 | recreation: n. 娱乐；消遣；休养 | refreshment: n. 点心；起提神作用的东西；精力恢复
O1493,recruit,1,recruit,0,,1,recruit,D1482,kept,,,,,,,recruit: v. 征募；聘用；通过招募组建；补充；（非正式）说服；（使）恢复健康n. 招聘；新兵；新成员
O1494,rectangular,2,"rectangular, rectify",0,,2,"rectangular, rectify",D1483,kept,rect- (直) + angular (角)；-fy (使),rectangle矩形有直角，rectify纠正（使变直）,用直角尺纠正偏差,矩形（rectangular）工具纠正（rectify）错误,rectangular shape | rectify an error,rectangle（矩形），correct（纠正）同词根,rectangular: adj. 矩形的；成直角的 | rectify: vt. 改正；精馏；整流
O1495,recur,1,recur,0,,1,recur,D1484,kept,,,,,,,recur: vi. 复发；重现；采用；再来；循环；递归
O1496,reduction,2,"reduction, redundant",0,,2,"reduction, redundant",D1485,kept,reduction: re- + duct- (引导) → 引回；redundant: red- + undare (溢) → 多余,减少常针对多余的部分,公司削减开支，辞退冗员,减少（reduction）多余（redundant）开支,cost reduction | redundant workers,reduce动词；redundancy名词,reduction: n. 减少；下降；缩小；还原反应 | redundant: adj. 多余的，过剩的；被解雇的，失业的；冗长的，累赘的
O1497,reed,1,reed,0,,1,reed,D1486,kept,,,,,,,reed: n. [作物] 芦苇；簧片；牧笛；不可依靠的人vt. 用芦苇盖；用芦苇装饰n. (Reed)人名；(西、意、瑞典)雷德；(英)里德
O1498,reel,1,reel,0,,1,reel,D1487,kept,,,,,,,"reel: n.(棉纱,电线等的)卷轴,(磁带等的)一盘,旋转,蹒跚vt.卷...于轴上,使旋转vi.蹒跚地走,旋转,眩晕,骚乱,退缩,摇晃"
O1499,reference,1,reference,0,,1,reference,D1488,kept,,,,,,,reference: n. 参考，参照；涉及，提及；参考书目；介绍信；证明书vi. 引用vt. 引用
O1500,refine,1,refine,0,,1,refine,D1489,kept,,,,,,,refine: vt. 精炼，提纯；改善；使…文雅
O1501,reflection,2,"reflection, reflexion",0,,2,"reflection, reflexion",D1490,kept,re- (back) + flectere (to bend); -ion 名词后缀,同义词，不同拼写，均指“反射”或“沉思”,水中倒影既是光的反射，也引发人之沉思,反射（reflection/reflexion）光影，沉思人生,on reflection | see one's reflection,动词reflect（反映，思考）,reflection: n. 反射；沉思；映象 | reflexion: n. 反射；沉思；映象
O1502,refrain,1,refrain,0,,1,refrain,D1491,kept,,,,,,,refrain: vi. 节制，克制；避免；制止n. 叠句，副歌；重复
O1503,refrigerator,1,refrigerator,0,,1,refrigerator,D1492,kept,,,,,,,refrigerator: n. 冰箱，冷藏库
O1504,refuge,2,"refuge, refugee",0,,2,"refuge, refugee",D1493,kept,re- + fugere（逃跑）→ refuge 避难；-ee 表示人→ refugee 难民。,refuge 避难所/庇护，refugee 难民。都源于“逃跑”的概念。,战乱时期，难民（refugee）寻求避难所（refuge）以逃离战火。,难民(refugee)躲进避难所(refuge)。,take refuge - 避难 | political refugee - 政治难民,注意发音和拼写：refuge 读 /ˈrefjuːdʒ/，refugee 重音在后 /ˌrefjuˈdʒiː/。,refuge: n. 避难；避难所；庇护vt. 给予…庇护；接纳…避难vi. 避难；逃避 | refugee: n. 难民，避难者；流亡者，逃亡者
O1505,refute,1,refute,0,,1,refute,D1494,kept,,,,,,,refute: vt. 反驳，驳斥；驳倒
O1506,regarding,1,regarding,0,,1,regarding,D1495,kept,,,,,,,regarding: prep. 关于，至于；就……而论v. 看待；（以特定方式）注视；注意；听从；涉及（regard 的现在分词）
O1507,rule family,4,"regular, regularly, regulate, regulation",3,"regularity, regulator, regulatory",7,"regular, regularly, regulate, regulation, regularity, regulator, regulatory",D1466,split_large_group,"reg- = rule, make straight",规则、规律、调节、规章是一条线。,想象一位统治者（reign）在他的地区（region）建立了政权（regime），并制定规则（regulation）来调节（regulate）社会，使一切井然有序、有规律（regular/regularly）。,统治者(reign)在地区(region)建立政权(regime)，用规则(regulation)来调节(regulate)，保持规律(regular)。,regular exercise - 定期锻炼 | regulate traffic - 调节交通 | break regulation - 违反规定 | Nazi regime - 纳粹政权 | remote region - 偏远地区 | the reign of Queen Victoria - 维多利亚女王统治时期,辨析：reign vs. rein（缰绳，控制），读音相同但词源不同，rein引申为控制手段。,regular: adj. 经常的；定期的；有规律的；合格的；整齐的；普通的n. 常客；正式队员；中坚分子n. （Regular）（以）雷古拉尔（人名） | regularly: adv. 定期地；有规律地；整齐地；匀称地 | regulate: vt. 调节；规定；控制；校准；有系统地管理 | regulation: n. 管理；规则；校准adj. 规定的；平常的
O1508,rehearsal,1,rehearsal,0,,1,rehearsal,D1496,kept,,,,,,,rehearsal: n. 排演；预演；练习；训练；叙述
O1509,rein,1,rein,0,,1,rein,D1497,kept,,,,,,,rein: n. 缰绳；驾驭；统治；支配vt. 控制；驾驭；勒住vi. 勒住马n. (Rein)人名；(西、阿拉伯)雷因；(法)兰；(英、荷、捷、德、芬、瑞典)赖因；(爱沙)雷恩
O1510,reinforce,1,reinforce,0,,1,reinforce,D1498,kept,,,,,,,reinforce: vt. 加强，加固；强化；补充vi. 求援；得到增援；给予更多的支持n. 加强；加固物；加固材料
O1511,rejoice,1,rejoice,0,,1,rejoice,D1499,kept,,,,,,,rejoice: vi. 高兴；庆祝vt. 使高兴
O1512,relative,4,"relation, relative, relatively, relativity",0,,4,"relation, relative, relatively, relativity",D1500,kept,来自 relate（关联），-ive 形容词后缀，-ly 副词后缀，-ity 名词后缀。,relation 关系，relative 亲属/相对的，relatively 相对地，relativity 相对性/相对论。它们都围绕“相关、相对”的概念。,爱因斯坦的相对论（relativity）解释了宇宙中的相对性；在日常生活中，我们用相对（relative）的角度看待关系（relation），比如亲属关系。,有关系(relation)就有相对(relative)性，相对论(relativity)说事物都是相对地(relatively)存在。,close relation - 近亲 | relative clause - 关系从句 | relatively speaking - 相对而言 | theory of relativity - 相对论,辨析：relation 和 relationship 都指关系，但 relation 更正式。,relation: n. 关系；叙述；故事；亲属关系 | relative: adj. 相对的；有关系的；成比例的n. 亲戚；相关物；[语] 关系词；亲缘植物 | relatively: adv. 相当地；相对地，比较地 | relativity: n. 相对论；相关性；相对性
O1513,release,1,release,0,,1,release,D1501,kept,,,,,,,"release: n.释放,让渡,豁免,发行的书,释放证书vt.释放,解放,放弃,让与,免除,发表n.版本,发布"
O1514,reliance,2,"reliability, reliance",0,,2,"reliability, reliance",D1502,kept,来自 rely（依赖，信赖），-ability 名词表能力，-ance 名词表状态。,reliability 可靠性，指可依赖的性质；reliance 信赖，指依赖的行为。,对于一款产品，我们评估它的可靠性（reliability），从而决定是否信赖（reliance）它。,有可靠性(reliability)才值得信赖(reliance)。,high reliability - 高可靠性 | self-reliance - 自力更生,补充记忆：rely on = depend on 依赖。,reliability: n. 可靠性 | reliance: n. 信赖；信心；受信赖的人或物
O1515,relieve,1,relieve,0,,1,relieve,D1503,kept,,,,,,,relieve: vt. 解除，减轻；使不单调乏味；换……的班；解围；使放心
O1516,religious,1,religious,0,,1,religious,D1504,kept,,,,,,,religious: adj. 宗教的；虔诚的；严谨的；修道的n. 修道士；尼姑
O1517,reluctant,1,reluctant,0,,1,reluctant,D1505,kept,,,,,,,reluctant: adj. 不情愿的；勉强的；顽抗的
O1518,remainder,2,"remainder, remains",0,,2,"remainder, remains",D1506,kept,来自 remain（剩余），-der 名词后缀，-s 复数/名词。,remainder 余数/剩余物，remains 残余/遗骸/遗迹。两者都指剩余的部分。,数学中的余数（remainder）和古迹（remains）都是某种东西剩下的部分。,做完除法得余数(remainder)，考古发现古遗迹(remains)。,remainder of the cake - 剩余的蛋糕 | historic remains - 历史遗迹,辨析：remnant 剩余/残余（常指布头或少量残余），同组也可加，但这里分开。,remainder: n. [数] 余数，残余；剩余物；其余的人adj. 剩余的；吃剩的vt. 廉价出售；削价出售vi. 廉价出售；削价出售 | remains: n. 残余物，剩饭菜；古迹，遗迹；遗骸v. 保持（remain 的第三人称单数）
O1519,remarkable,1,remarkable,0,,1,remarkable,D1507,kept,,,,,,,remarkable: adj. 卓越的；非凡的；值得注意的
O1520,remedy,1,remedy,0,,1,remedy,D1508,kept,,,,,,,remedy: n. 补救；疗法；解决办法；（硬币的）公差v. 补救，纠正，改进；治疗
O1521,remnant,1,remnant,0,,1,remnant,D1509,kept,,,,,,,remnant: n. 剩余adj. 剩余的n. (Remnant)人名；(英)雷姆南特
O1522,removal,1,removal,0,,1,removal,D1510,kept,,,,,,,removal: n. 免职；移动；排除；搬迁
O1523,renaissance,1,renaissance,0,,1,renaissance,D1511,kept,,,,,,,renaissance: n. （艺术等的）新生，复活n. (Renaissance) 文艺复兴，文艺复兴风格
O1524,render,1,render,0,,1,render,D1512,kept,,,,,,,"render: vt.呈递,归还,着色,汇报,致使,放弃,表演,实施vi.给予补偿n.交纳,粉刷,打底"
O1525,renew,1,renew,0,,1,renew,D1513,kept,,,,,,,renew: vt. 使更新；续借；续费；复兴；重申vi. 更新；重新开始
O1526,repay,1,repay,0,,1,repay,D1514,kept,,,,,,,repay: vi. 偿还；报答；报复vt. 回报；报复；付还
O1527,repetition,2,"repeatedly, repetition",0,,2,"repeatedly, repetition",D1515,kept,来自 repeat（重复），-tion 名词后缀；repeatedly 为副词。,repetition 重复（行为或事物），repeatedly 反复地（副词）。,练习时，需要重复（repetition）多次，即不断地（repeatedly）做。,重复(repetition)多次就是反复地(repeatedly)做。,endless repetition - 无休止的重复 | repeatedly ask - 反复询问,补充：repeat v. 重复；repetitive adj. 重复的。,repeatedly: adv. 反复地；再三地；屡次地 | repetition: n. 重复；背诵；副本
O1528,repel,1,repel,0,,1,repel,D1516,kept,,,,,,,repel: vt. 击退；抵制；使厌恶；使不愉快
O1529,repent,1,repent,0,,1,repent,D1517,kept,,,,,,,repent: vi. 后悔；忏悔vt. 后悔；对…感到后悔adj. [植] 匍匐生根的；[动] 爬行的
O1530,repertoire,1,repertoire,0,,1,repertoire,D1518,kept,,,,,,,repertoire: n. 全部节目；计算机指令系统；（美）某人或机器的全部技能
O1531,replacement,1,replacement,0,,1,replacement,D1519,kept,,,,,,,replacement: n. 更换；复位；代替者；补充兵员
O1532,representative,2,"representation, representative",0,,2,"representation, representative",D1520,kept,词根 -sent- 存在；re- 向前，present 出现→代表,均来自 represent，派生为名词和形容词。,一位典型代表(representative)正在做陈述(representation)，展示团体形象。,代表(re)在众人面前(pre)存在(sent) → 代表,fair representation 公正代表 | representative sample 代表性样本,present (呈现) | absent (缺席),representation: n. 代表；表现；表示法；陈述 | representative: adj. 典型的，有代表性的；代议制的；表现的，体现的；与表象有关的n. 代表；典型；众议员；销售代表
O1533,reproach,1,reproach,0,,1,reproach,D1521,kept,,,,,,,reproach: n. 责备；耻辱vt. 责备；申斥
O1534,reproduce,1,reproduce,0,,1,reproduce,D1522,kept,,,,,,,reproduce: vt. 复制；再生；生殖；使…在脑海中重现vi. 复制；繁殖
O1535,republican,1,republican,0,,1,republican,D1523,kept,,,,,,,republican: adj. 共和国的；共和政体的；共和主义的；拥护共和政体的n. 共和主义者
O1536,reputation,1,reputation,0,,1,reputation,D1524,kept,,,,,,,reputation: n. 名声，名誉；声望
O1537,requirement,1,requirement,0,,1,requirement,D1525,kept,,,,,,,requirement: n. 要求；必要条件；必需品
O1538,researcher,1,researcher,0,,1,researcher,D1526,kept,,,,,,,researcher: n. 研究员
O1539,resemblance,1,resemblance,0,,1,resemblance,D1527,kept,,,,,,,resemblance: n. 相似；相似之处；相似物；肖像
O1540,resent,1,resent,0,,1,resent,D1528,kept,,,,,,,resent: vt. 怨恨；愤恨；厌恶
O1541,reservation,1,reservation,0,,1,reservation,D1529,kept,,,,,,,reservation: n. 预约，预订；保留
O1542,reside,4,"reside, residence, resident, residential",0,,4,"reside, residence, resident, residential",D1530,kept,词根 -sid- 坐；re- 向后，安定下来→居住,同词根派生，均与“居住”相关。,想象一个人向后坐下安定(re+side)，这就是他的住处(residence)，他是居住者(resident)，该区域是住宅区(residential)。,re(后) + sid(坐) → 坐下来安定居住,reside in 居住在 | take up residence 定居 | local resident 当地居民 | residential area 住宅区,preside (主持；pre-前+坐→坐在前面),"reside: vi. 住，居住；属于 | residence: n. 住宅，住处；居住 | resident: n.居民adj.居住的,常驻的 | residential: adj. 住宅的；与居住有关的"
O1543,resignation,1,resignation,0,,1,resignation,D1531,kept,,,,,,,resignation: n. 辞职；放弃；辞职书；顺从
O1544,resist,2,"resistance, resistant",0,,2,"resistance, resistant",D1532,kept,词根 -sist- 站立；re- 向后，坚持立场→抵抗,来自 resist，形容词和名词。,面对压力他坚持站立(re+sist)，体现出抵抗力(resistance)，他是抵抗的(resistant)。,re(反) + sist(站) → 站在对立面抵抗,drug resistance 抗药性 | water-resistant 防水的,assist (帮助；as-近+站),resistance: n. 阻力；电阻；抵抗；反抗；抵抗力 | resistant: adj. 抵抗的，反抗的；顽固的n. 抵抗者
O1545,resolve,2,"resolution, resolve",0,,2,"resolution, resolve",D1533,kept,词根 -solv- 解开；re- 再次，解开难题→解决,动词与名词，表示解决或决心。,再次(re)解开(solve)心结，下定决心(resolution)解决问题。,重新(re)解开(solve) → 解决；决心,resolve a dispute 解决争端 | New Year's resolution 新年决心,dissolve (溶解) | solve (解决),resolution: n. [物] 分辨率；决议；解决；决心 | resolve: vt. 决定；溶解；使……分解；决心要做……；[主化]解析vi. 解决；决心；分解n. 坚决；决定要做的事
O1546,resonance,1,resonance,0,,1,resonance,D1534,kept,,,,,,,resonance: n. [力] 共振；共鸣；反响
O1547,resort,1,resort,0,,1,resort,D1535,kept,,,,,,,resort: n. 凭借，手段；度假胜地；常去之地vi. 求助，诉诸；常去；采取某手段或方法
O1548,resource,1,resource,0,,1,resource,D1536,kept,,,,,,,resource: n. 资源，财力；办法；智谋vi. 向...提供资金
O1549,respective,3,"respectful, respective, respectively",0,,3,"respectful, respective, respectively",D1537,kept,来自 respect，-ful 充满…的，-ive 有…性质的，-ively 副词,拼写相近但意义不同，需辨析：respectful 恭敬的，respective 各自的。,有礼貌的人(respectful)对待各自的(respective)物品。他们分别地(respectively)入座。,respectful充满尊重，respective各归各,respectful behavior 恭敬行为 | respective roles 各自角色 | listed respectively 分别列出,respectable (可敬的) | respect (尊重),respectful: adj. 恭敬的；有礼貌的 | respective: adj. 分别的，各自的 | respectively: adv. 分别地；各自地，独自地
O1550,response,3,"response, responsibility, responsible",0,,3,"response, responsibility, responsible",D1538,kept,词根 -spons- 承诺，回应；re- 回,同源词：response 回答，responsible 需负责回答的，引申为负责的。,对于紧急响应(response)，负责人(responsible)承担起责任(responsibility)。,回应(response)与责任(responsibility)同源，能够回应即能负责,quick response 快速响应 | responsible for 对…负责 | take responsibility 承担责任,correspond (通信；cor-相互+回应) | sponsor (赞助),response: n. 响应；反应；回答 | responsibility: n. 责任，职责；义务 | responsible: adj. 负责的，可靠的；有责任的
O1551,restless,1,restless,0,,1,restless,D1539,kept,,,,,,,restless: adj. 焦躁不安的；不安宁的；得不到满足的
O1552,restore,1,restore,0,,1,restore,D1540,kept,,,,,,,restore: vt. 恢复；修复；归还vi. 恢复；还原
O1553,restrain,3,"restrain, restraint, restriction",0,,3,"restrain, restraint, restriction",D1541,kept,词根 -strict- / -strain- 拉紧；re- 向后，拉紧→约束，限制,同源词，均表约束限制：restrain 动词，restraint 克制，restriction 限制。,向后拉紧绳子，约束(restrain)行为，自我克制(restraint)，并遵守限制(restriction)。,re(回)+strain(拉) → 拉回约束,restrain oneself 抑制自己 | show restraint 表现出克制 | import restrictions 进口限制,constrain (强迫；con-一起+拉紧),restrain: vt. 抑制，控制；约束；制止 | restraint: n. 抑制，克制；约束 | restriction: n. 限制；约束；束缚
O1554,resultant,1,resultant,0,,1,resultant,D1542,kept,,,,,,,resultant: adj. 由此导致的，因而发生的n. 合力，合成速率；结果
O1555,resume,1,resume,0,,1,resume,D1543,kept,,,,,,,"resume: n.摘要,概略,美 履历vt.再继续,重新开始,重新占用,再用,恢复"
O1556,retail,1,retail,0,,1,retail,D1544,kept,,,,,,,retail: n. 零售v. 零售，（以某价格）零售；详述；散播（私密消息）adv. 以零售方式adj. 零售的n. (Retail) （印）勒塔伊（人名）
O1557,retain,2,"retain, retention",0,,2,"retain, retention",D1545,kept,词根 -tain- 持有；re- 再次，一直持有→保留,动词与名词，表示保留、保持。,再次(re)握住(tain)不放，保留(retain)珍贵记忆，注重知识的保持(retention)。,re(再)+tain(拿) → 再次拿住保留,retain independence 保持独立 | retention period 保留期,contain (包含) | maintain (维持),retain: vt. 保持；雇；记住 | retention: n. 保留；扣留，滞留；记忆力；闭尿
O1558,retell,1,retell,0,,1,retell,D1546,kept,,,,,,,retell: vt. 复述；再讲；重述
O1559,retort,1,retort,0,,1,retort,D1547,kept,,,,,,,retort: v. 反驳，回嘴；蒸馏；在曲颈瓶里加热；（对侮辱或伤害）进行报复n. 反驳，顶嘴；曲颈瓶，蒸馏瓶；蒸馏，干馏
O1560,retreat,1,retreat,0,,1,retreat,D1548,kept,,,,,,,retreat: n. 撤退；休息寓所vi. 撤退；退避；向后倾vt. 退（棋）；使后退
O1561,retrieve,1,retrieve,0,,1,retrieve,D1549,kept,,,,,,,retrieve: vt. [计] 检索；恢复；重新得到vi. 找回猎物n. [计] 检索；恢复，取回
O1562,retrospect,1,retrospect,0,,1,retrospect,D1550,kept,,,,,,,retrospect: n. 回顾，追溯vi. 回顾，追溯；回想vt. 回顾；追忆
O1563,reveal,2,"reveal, revelation",0,,2,"reveal, revelation",D1551,kept,re- (反方向) + veil (面纱) → 揭开面纱；revelation 为名词形式,revelation 是 reveal 的直接名词派生词，表示被揭露的真相或启示。,想象一层薄纱被揭开，显露隐藏的事物，那瞬间的震惊就是 revelation。,揭纱见真，启示来临。,reveal a secret - 泄露秘密 | a startling revelation - 惊人的揭露,注意与 disclosure 辨析，revelation 更强调惊人、意想不到的揭秘。,reveal: vt. 显示；透露；揭露；泄露n. 揭露；暴露；门侧，窗侧 | revelation: n. 启示；揭露；出乎意料的事；被揭露的真相
O1564,revenge,1,revenge,0,,1,revenge,D1552,kept,,,,,,,revenge: n. 报复；复仇vt. 报复；替…报仇；洗雪vi. 报仇；雪耻
O1565,reverse,1,reverse,0,,1,reverse,D1553,kept,,,,,,,"reverse: n.相反,背面,反面,倒退adj.相反的,倒转的,颠倒的vt.颠倒,倒转"
O1566,revise,1,revise,0,,1,revise,D1554,kept,,,,,,,revise: vt. 修正；复习；校订vi. 修订；校订；复习功课n. 修订；校订n. (Revise)人名；(法)勒维斯
O1567,revive,1,revive,0,,1,revive,D1555,kept,,,,,,,revive: vi. 复兴；复活；苏醒；恢复精神vt. 使复兴；使苏醒；回想起；重演，重播
O1568,revolve,4,"revolt, revolution, revolutionary, revolve",0,,4,"revolt, revolution, revolutionary, revolve",D1556,kept,"词根 volv/volut = to roll, turn around (滚，转)。re- (回，再次)",revolve 旋转；revolt 转过来反抗→起义；revolution 翻天覆地的变化→革命，也指旋转一周；revolutionary 革命的。,想象一个陀螺不停地旋转(revolve)，突然它撞向底座并反弹，引起了一场反抗(revolt)，最终爆发了彻底翻转的革命(revolution)，出现了革命者(revolutionary)。,转(revolve)到极致，反(revolt)出革命(revolution)。,revolve around - 围绕…旋转 | revolt against - 反抗… | industrial revolution - 工业革命 | revolutionary ideas - 革命思想,辨析：revolt 强调反抗不公，revolution 强调根本性变革，evolution 强调渐进演变。,revolt: n. 违抗，反抗；起义，叛乱v. 反抗，反叛；叛逆，违抗；（使）厌恶，反感 | revolution: n. 革命；旋转；运行；循环 | revolutionary: adj. 革命的；旋转的；大变革的n. 革命者 | revolve: vi. 旋转；循环出现；反复考虑vt. 使…旋转；使…循环；反复考虑n. 旋转；循环；旋转舞台
O1569,rhythm,1,rhythm,0,,1,rhythm,D1557,kept,,,,,,,rhythm: n. 节奏；韵律
O1570,rib,1,rib,0,,1,rib,D1558,kept,,,,,,,rib: n. 肋骨；排骨；肋状物vt. 戏弄；装肋于
O1571,ribbon,1,ribbon,0,,1,ribbon,D1559,kept,,,,,,,ribbon: n. 带；缎带；（勋章等的）绶带；带状物；勋表vi. 形成带状vt. 把…撕成条带；用缎带装饰
O1572,rider,1,rider,0,,1,rider,D1560,kept,,,,,,,rider: n. 骑手；附文；扶手n. (Rider)人名；(英)赖德；(西)里德尔
O1573,ridge,1,ridge,0,,1,ridge,D1561,kept,,,,,,,ridge: n. 山脊；山脉；屋脊vt. 使成脊状；作垄vi. 成脊状n. (Ridge)人名；(英)里奇
O1574,ridiculous,1,ridiculous,0,,1,ridiculous,D1562,kept,,,,,,,ridiculous: adj. 可笑的；荒谬的
O1575,rifle,1,rifle,0,,1,rifle,D1563,kept,,,,,,,rifle: n. 步枪；来复枪vt. 用步枪射击；抢夺；偷走
O1576,rig,1,rig,0,,1,rig,D1564,kept,,,,,,,rig: v. 操纵；装配；装扮；装上索具；为……提供服装n. 装备；钻探设备；服装； 帆装；重型铰接式开车
O1577,rigorous,1,rigorous,0,,1,rigorous,D1565,kept,,,,,,,rigorous: adj. 严格的，严厉的；严密的；严酷的
O1578,rim,1,rim,0,,1,rim,D1566,kept,,,,,,,rim: n. 边，边缘；轮辋；圆圈vi. 作…的边，装边于vt. 作…的边，装边于n. (Rim)人名；(俄)里姆
O1579,riot,1,riot,0,,1,riot,D1567,kept,,,,,,,riot: n. 暴乱；放纵；蔓延vi. 骚乱；放荡vt. 浪费，挥霍n. (Riot)人名；(法)里奥；(西)里奥特
O1580,rip,1,rip,0,,1,rip,D1568,kept,,,,,,,rip: vt. 撕；锯vi. 裂开，被撕裂n. 裂口，裂缝n. (Rip)人名；(塞)里普
O1581,ripen,1,ripen,0,,1,ripen,D1569,kept,,,,,,,ripen: vt. 使成熟vi. 成熟
O1582,ripple,1,ripple,0,,1,ripple,D1570,kept,,,,,,,ripple: n. 波纹；涟漪；[物] 涟波vi. 起潺潺声vt. 在…上形成波痕n. (Ripple)人名；(英)里普尔
O1583,ritual,1,ritual,0,,1,ritual,D1571,kept,,,,,,,ritual: n. 仪式；惯例；礼制adj. 仪式的；例行的；礼节性的
O1584,rival,1,rival,0,,1,rival,D1572,kept,,,,,,,rival: n. 竞争对手；可与……匹敌的人；同行者v. 与…竞争；比得上某人；赶上（某人）；竞争adj. 竞争的n. (Rival) （俄）里瓦尔（人名）
O1585,roar,1,roar,0,,1,roar,D1573,kept,,,,,,,roar: n. 咆哮；吼；轰鸣vi. 咆哮；吼叫；喧闹vt. 咆哮；呼喊；使……轰鸣n. (Roar)人名；(挪)罗阿尔
O1586,robber,2,"robber, robbery",0,,2,"robber, robbery",D1574,kept,rob (抢劫) + -er (人) 和 -ery (行为)。,robber 抢劫者，robbery 抢劫行为。,戴面罩的强盗(robber)正在实施银行抢劫(robbery)。,robber 抢劫人，robbery 抢劫事。,armed robber - 持械劫匪 | bank robbery - 银行抢劫,辨析：robber 指抢劫犯，thief 指小偷，burglar 指入室窃贼。,robber: n. 强盗；盗贼 | robbery: n. 抢劫，盗窃；抢掠
O1587,robe,1,robe,0,,1,robe,D1575,kept,,,,,,,robe: n. 长袍，礼服；制服vi. 穿长袍vt. 使穿长袍n. （Robe）（德、罗、塞）罗贝；（英、法）罗布（人名）
O1588,robust,1,robust,0,,1,robust,D1576,kept,,,,,,,robust: adj. 强健的；健康的；粗野的；粗鲁的
O1589,rocket,1,rocket,0,,1,rocket,D1577,kept,,,,,,,rocket: n. 火箭；火箭武器；烟花；芝麻菜；（非正式）严厉斥责v. 迅速增加；飞速移动；迅速成功；用火箭武器攻击；用火箭运载
O1590,rod,1,rod,0,,1,rod,D1578,kept,,,,,,,rod: n. 棒；惩罚；枝条；权力n. (Rod)人名；(英、法、德、捷、希)罗德；(阿拉伯)鲁德；(老)罗
O1591,roman,3,"roman, romance, romantic",0,,3,"roman, romance, romantic",D1579,kept,roman 源自 Roma (罗马)，romance 原指罗马人的故事，romantic 由 romance 衍生。,roman (罗马人) 衍生出 romance (传奇/浪漫史)，进而产生 romantic (浪漫的)。,古罗马的骑士传奇(romance)充满了浪漫冒险，所以后人将这类故事称为浪漫的(romantic)。,罗马人(roman)讲故事(romance)太浪漫(romantic)。,Roman Empire - 罗马帝国 | a romance novel - 言情小说 | romantic dinner - 浪漫晚餐,注意 romance 小写表示浪漫爱情故事，大写 Romance 指罗曼语族。,roman: n. 罗马人；古罗马语adj. 罗马的；罗马人的 | romance: n. 传奇；浪漫史；风流韵事；冒险故事vi. 虚构；渲染；写传奇n. (Romance)人名；(西)罗曼塞 | romantic: adj. 浪漫的；多情的；空想的n. 浪漫的人vt. 使…浪漫化
O1592,rotate,3,"rotary, rotate, rotation",0,,3,"rotary, rotate, rotation",D1580,kept,词根 rot = wheel (轮子)。-ate 动词，-ary 形容词，-ion 名词。,rotate 旋转，rotary 旋转的，rotation 旋转，轮流。,一个转动的车轮(rotary wheel)在匀速旋转(rotate)，完成一次次循环(rotation)。,轮子转(rot)啊转，rotate 是动词，rotary 是形容词，rotation 是名词。,rotate crops - 轮作庄稼 | rotary engine - 转缸式发动机 | in rotation - 轮流,对比 revolve：rotate 通常指绕轴自转，revolve 指绕中心公转。例如地球自转用 rotate，公转用 revolve。,rotary: adj. 旋转的，转动的；轮流的n. 旋转式机器；[动力] 转缸式发动机 | rotate: vi. 旋转；循环vt. 使旋转；使转动；使轮流adj. [植] 辐状的 | rotation: n. 旋转；循环，轮流
O1593,rotten,1,rotten,0,,1,rotten,D1581,kept,,,,,,,rotten: adj. 腐烂的；堕落的；恶臭的；虚弱的；极坏的adv. 非常n. (Rotten)人名；(法、德)罗滕
O1594,roughly,1,roughly,0,,1,roughly,D1582,kept,,,,,,,roughly: adv. 粗糙地；概略地
O1595,rouse,1,rouse,0,,1,rouse,D1583,kept,,,,,,,rouse: vt. 唤醒；激起，使振奋；惊起vi. 醒来；奋起n. 觉醒；奋起n. (Rouse)人名；(英)劳斯
O1596,route,1,route,0,,1,route,D1584,kept,,,,,,,"route: n.路线,路程,通道v.发送"
O1597,royalty,1,royalty,0,,1,royalty,D1585,kept,,,,,,,royalty: n. 皇室；版税；王权；专利税
O1598,rub,1,rub,0,,1,rub,D1586,kept,,,,,,,rub: vt. 擦；摩擦；惹怒vi. 擦；摩擦；擦破n. 摩擦；障碍；磨损处n. (Rub)人名；(捷)鲁布
O1599,rug,1,rug,0,,1,rug,D1587,kept,,,,,,,rug: n. 小地毯；毛皮地毯；男子假发n. (Rug)人名；(塞)鲁格
O1600,rumour,1,rumour,0,,1,rumour,D1588,kept,,,,,,,rumour: n. 谣言vt. 传闻
O1601,rupture,1,rupture,0,,1,rupture,D1589,kept,,,,,,,rupture: n. 破裂；决裂；疝气vi. 破裂；发疝气vt. 使破裂；断绝；发生疝
O1602,rural,1,rural,0,,1,rural,D1590,kept,,,,,,,rural: adj. 农村的，乡下的；田园的，有乡村风味的
O1603,rust,2,"rust, rusty",0,,2,"rust, rusty",D1591,kept,rust 锈；rusty = rust + y 形容词后缀,rusty是rust的派生形容词，一起记容易掌握词性和语义变化。,想象一块金属表面布满锈迹，越锈越迟钝。,铁rust生锈，变得rusty斑斑,rust - rust prevention 防锈 | rusty - rusty nail 生锈的钉子,辨析: rust vs corrosion(腐蚀),rust: n. 锈；生锈；[植保] 锈病vt. 使生锈；腐蚀vi. 生锈；成铁锈色；变迟钝n. (Rust)人名；(英)拉斯特；(德、捷、瑞典)鲁斯特；(法)吕斯特 | rusty: adj. 生锈的，腐蚀的；铁锈色的，锈色的；迟钝的
O1604,sack,1,sack,0,,1,sack,D1592,kept,,,,,,,sack: n. 麻布袋；洗劫vt. 解雇；把……装入袋；劫掠n. (Sack)人名；(英、法、葡、瑞典)萨克；(德)扎克
O1605,saddle,1,saddle,0,,1,saddle,D1593,kept,,,,,,,saddle: n. 鞍，鞍状物；车座；拖具vt. 承受；使负担；装以马鞍vi. 跨上马鞍
O1606,sadly,1,sadly,0,,1,sadly,D1594,kept,,,,,,,sadly: adv. 悲哀地；悲痛地
O1607,safeguard,2,"safeguard, safely",0,,2,"safeguard, safely",D1595,kept,safe 安全的；safely 安全地；safeguard = safe + guard 保护,两者都含有safe，safely是副词，safeguard可由‘安全保卫’记忆，共同凸显安全概念。,佩戴好safeguard装置，才能safely抵达终点。,要safely出行，safeguard来守护,safely - drive safely 安全驾驶 | safeguard - safeguard measures 保护措施,"相关: guard, defend, shield等守护词汇",safeguard: n. 保护；保卫；保护措施；预防措施v. 保护；护卫 | safely: adv. 安全地稳定地
O1608,saint,2,"saint, sanction",0,,2,"saint, sanction",D1596,kept,词根 sanct = holy 神圣，saint 圣徒，sanction 原指神圣法令，后引申为批准、制裁,同源词，都来自‘神圣’的概念，圣徒(saint)与批准(sanction)看似无关，但源于教会的神圣批准权，可联想记忆。,圣徒(saint)手持神圣权杖，对世间行为进行批准(sanction)或制裁。,saint圣人说句话，sanction批准就下达,saint - patron saint 守护神 | sanction - economic sanctions 经济制裁,辨析: sanction既有制裁又有批准之意，注意语境,saint: n. 圣人；圣徒；道德崇高的人adj. 神圣的vt. 成为圣徒 | sanction: n. 制裁，处罚；认可；支持vt. 制裁，处罚；批准；鼓励
O1609,sake,1,sake,0,,1,sake,D1597,kept,,,,,,,sake: n. 目的；利益；理由；日本米酒n. (Sake)人名；(罗)萨克；(日)酒(姓)
O1610,sample,1,sample,0,,1,sample,D1598,kept,,,,,,,"sample: n.标本,样品,例子vt.取样,采样,抽取...的样品,试验的一部分,尝试"
O1611,sandy,1,sandy,0,,1,sandy,D1599,kept,,,,,,,sandy: adj. 沙地的；多沙的；含沙的n. (Sandy)人名；(法、喀、罗、西、英)桑迪(教名Alasdair、Alastair、Alexander、Alister、Elshender的昵称)
O1612,satisfaction,2,"satisfaction, satisfactory",0,,2,"satisfaction, satisfactory",D1600,kept,satisfy 使满意；satisfaction 名词；satisfactory 形容词，-ory 表示‘产生……的’,两者都源于satisfy，表示‘满意’的不同形式，satisfactory并非satisfaction的形容词，而是‘令人满意的’形容词。,成果达到要求，内心充满satisfaction，这样的结果就是satisfactory。,满意的satisfaction，结果是satisfactory,satisfaction - job satisfaction 工作满意度 | satisfactory - satisfactory result 令人满意的结果,比较: satisfying(令人满意)与satisfactory(足够好)的细微差别,satisfaction: n. 满意，满足；赔偿；乐事；赎罪 | satisfactory: adj. 满意的；符合要求的；赎罪的
O1613,saturate,1,saturate,0,,1,saturate,D1601,kept,,,,,,,saturate: vt. 浸透，使湿透；使饱和，使充满adj. 浸透的，饱和的；深颜色的
O1614,saucer,1,saucer,0,,1,saucer,D1602,kept,,,,,,,saucer: n. 茶托，浅碟；浅碟形物；微波或射频辐射用抛物面反射器构成的定向天线；投掷比赛用的圆盘
O1615,saving,1,saving,0,,1,saving,D1603,kept,,,,,,,saving: n. 节约；挽救；存款adj. 节约的；挽救的；补偿的；保留的prep. 考虑到；除...之外n. (Saving)人名；(瑞典)萨温
O1616,saw,1,saw,0,,1,saw,D1604,kept,,,,,,,saw: n. 锯；格言v. 锯；锯成；用锯；乱剪；拉锯似的来回移动v. 看见；明白，了解（see 的过去式）
O1617,scale,1,scale,0,,1,scale,D1605,kept,,,,,,,"scale: n.刻度,衡量,比例,数值范围,比例尺,天平,等级vt.依比例决定,攀登,测量vi.剥落,生水垢,重,攀登,衡量"
O1618,scandal,1,scandal,0,,1,scandal,D1606,kept,,,,,,,scandal: n. 丑闻；流言蜚语；诽谤；公愤
O1619,scarce,2,"scarce, scarcely",0,,2,"scarce, scarcely",D1607,kept,scarce 缺乏的；scarcely = scarce + ly 副词,scarcely是scarce的副词形式，但语义逐渐演变为‘几乎不’，需注意程度变化。,物资scarce时，我们scarcely能维持基本生活。,scarce资源稀，scarcely几乎难以为继,scarce - scarce resources 稀缺资源 | scarcely - scarcely any 几乎没有,"辨析：hardly, barely, scarcely 均表“几乎不”",scarce: adj. 缺乏的，不足的；稀有的adv. 仅仅；几乎不；几乎没有 | scarcely: adv. 几乎不，简直不；几乎没有；决不； 刚……就……；仅仅，刚刚；勉强，刚；根本不可能；不可能，不会
O1620,scared,1,scared,0,,1,scared,D1608,kept,,,,,,,scared: adj. 害怕的v. 使害怕（scare的过去分词）
O1621,scatter,1,scatter,0,,1,scatter,D1609,kept,,,,,,,scatter: v. 撒播；散开；散布；驱散；散布于……上；散射（电磁辐射或粒子）；（棒球）有效投（球）n. 零星散布的东西；离差；散射
O1622,scent,1,scent,0,,1,scent,D1610,kept,,,,,,,scent: n. 气味；嗅觉；痕迹；察觉能力vt. 闻到；发觉；使充满…的气味；循着遗臭追踪vi. 发出…的气味；有…的迹象；嗅着气味追赶n. (Scent)人名；(英)森特
O1623,sceptical,1,sceptical,0,,1,sceptical,D1611,kept,,,,,,,sceptical: adj. 怀疑的；怀疑论的；习惯怀疑的
O1624,scheme,1,scheme,0,,1,scheme,D1612,kept,,,,,,,scheme: n. 计划；组合；体制；诡计vi. 搞阴谋；拟订计划vt. 计划；策划n. (Scheme)人名；(瑞典)谢默
O1625,science,3,"science, scientific, scientist",0,,3,"science, scientific, scientist",D1613,kept,词根 sci = know 知道；-ence 名词；-ific 形容词；-ist 人,三个词围绕‘科学’，science名词，scientific形容词，scientist科学家，同族派生一目了然。,一位scientist在实验室用scientific方法研究science。,science科学要学习，scientific形容词记，scientist搞研究,science - science and technology 科技 | scientific - scientific research 科学研究 | scientist - research scientist 研究科学家,"延伸: technology, technical, technician",science: n. 科学；技术；学科；理科n. (Science)人名；(英)赛恩斯 | scientific: adj. 科学的，系统的 | scientist: n. 科学家
O1626,scissors,1,scissors,0,,1,scissors,D1614,kept,,,,,,,scissors: n. 剪刀；剪式跳法v. 剪开；删除（scissor的第三人称单数）
O1627,scold,1,scold,0,,1,scold,D1615,kept,,,,,,,scold: vi. 责骂；叱责vt. 骂；责骂n. 责骂；爱责骂的人
O1628,scope,1,scope,0,,1,scope,D1616,kept,,,,,,,scope: n. 范围；余地；视野；眼界；导弹射程vt. 审视
O1629,scorn,1,scorn,0,,1,scorn,D1617,kept,,,,,,,scorn: n. 轻蔑；嘲笑；藐视的对象v. 轻蔑；藐视；不屑做
O1630,scout,1,scout,0,,1,scout,D1618,kept,,,,,,,scout: n. 搜索，侦察；侦察员；侦察机vt. 侦察；跟踪，监视；发现vi. 侦察；巡视；嘲笑
O1631,scrape,2,"scrap, scrape",0,,2,"scrap, scrape",D1619,kept,同源词，scrape 为动作，scrap 为结果,scrape 表示刮擦，scrap 表示刮下的碎片或废弃，动作与产物关联。,用铲子刮(scrape)墙，刮下来一堆碎片(scrap)。,刮刮刮，刮出碎片就扔掉。,scrape off 刮掉 | scrap metal 废金属 | scrape through 勉强通过,辨析：scrap 还可作动词‘废弃’；scrape 也作名词‘刮擦声’‘困境’。,"scrap: n. 碎片；残余物；打架；少量vt. 废弃；使解体；拆毁adj. 废弃的；零碎的vi. 吵架 | scrape: n.刮,擦,擦痕,刮擦声,困境vi.刮掉,擦掉,刮出刺耳声vt.刮,擦,擦伤,挖成"
O1632,screw,1,screw,0,,1,screw,D1620,kept,,,,,,,screw: vt. 旋，拧；压榨；强迫n. 螺旋；螺丝钉；吝啬鬼vi. 转动，拧
O1633,script,1,script,0,,1,script,D1621,kept,,,,,,,script: n. 脚本；手迹；书写用的字母vt. 把…改编为剧本vi. 写电影脚本
O1634,scrutiny,1,scrutiny,0,,1,scrutiny,D1622,kept,,,,,,,scrutiny: n. 详细审查；监视；细看；选票复查
O1635,seam,1,seam,0,,1,seam,D1623,kept,,,,,,,seam: n. 缝；接缝vt. 缝合；接合；使留下伤痕vi. 裂开；产生裂缝
O1636,seaman,2,"seaman, seaport",0,,2,"seaman, seaport",D1624,kept,复合词：sea + man / sea + port,都与海相关，seaman 指人(海员)，seaport 指地(海港)。,海员(seaman)乘船抵达海港(seaport)。,大海的孩子：海员和海港。,merchant seaman 商船船员 | major seaport 主要海港,联想 sailor 水手，harbor 港湾。,seaman: n. 海员，水手；水兵n. (Seaman)人名；(英)西曼；(意、瑞典)塞亚曼 | seaport: n. 海港；港口都市
O1637,secondary,2,"secondary, secondly",0,,2,"secondary, secondly",D1625,kept,second + 后缀 -ary / -ly,都源自 second，secondary 为形容词‘次要的’，secondly 为副词‘其次’。,首先( firstly )处理主要任务，其次( secondly )考虑次要( secondary )问题。,第二重要是次要，其次用法是副词。,"secondary school 中学 | secondly, we must... 其次，我们必须……","联想 primary, tertiary 构成的序列。",secondary: adj. 第二的；中等的；次要的；中级的n. 副手；代理人 | secondly: adv. 其次；第二
O1638,secretary,1,secretary,0,,1,secretary,D1626,kept,,,,,,,secretary: n. 秘书；书记；部长；大臣
O1639,sector,1,sector,0,,1,sector,D1627,kept,,,,,,,sector: n. 部门；扇形，扇区；象限仪；函数尺vt. 把…分成扇形
O1640,security,1,security,0,,1,security,D1628,kept,,,,,,,security: n. 安全，安全性；保证；证券；抵押品adj. 安全的；保安的；保密的
O1641,seemingly,1,seemingly,0,,1,seemingly,D1629,kept,,,,,,,seemingly: adv. 看来似乎；表面上看来
O1642,segment,1,segment,0,,1,segment,D1630,kept,,,,,,,segment: n. 段，部分；（水果或花的）瓣，（动物的）节；弓形；音段；（广播或节目的）时间段v. 分割；（细胞）分裂
O1643,separate,3,"segregate, separate, separation",0,,3,"segregate, separate, separation",D1631,kept,前缀 se- (分开) + par (准备) / greg (群),均含前缀 se-，表示分离、隔离，词义紧密相关。,把混在一起的物品分开(separate)，导致了分离(separation)，然后按类别隔离(segregate)。,se- 开头的分离三兄弟：分开、分离、隔离。,separate rooms 独立房间 | separation anxiety 分离焦虑 | segregate waste 垃圾分类,注意 separate 动词读作 /ˈsepəreɪt/，形容词读作 /ˈsepərət/。,"segregate: vt. 使隔离；使分离；在…实行种族隔离 | separate: adj.分开的,分离的,个别的,单独的v.分开,隔离,分散,分别 | separation: n. 分离，分开；间隔，距离；[法] 分居；缺口"
O1644,selection,1,selection,0,,1,selection,D1632,kept,,,,,,,selection: n. 选择，挑选；选集；精选品
O1645,seller,1,seller,0,,1,seller,D1633,kept,,,,,,,seller: n. 卖方，售货员n. (Seller)人名；(匈)谢勒；(西)塞列尔
O1646,semester,2,"semester, semiconductor",0,,2,"semester, semiconductor",D1634,kept,前缀 semi- (半),semester 为半年(学制)，semiconductor 为半导体，都包含‘半’的概念。,一个学期(semester)学了一半的半导体(semiconductor)物理。,半学期学半导体。,fall semester 秋季学期 | semiconductor industry 半导体产业,注意 semester 拼写并非 sem-ester，但可借助 semi- 记忆。,semester: n. 学期；半年 | semiconductor: n. [电子][物] 半导体
O1647,seminar,1,seminar,0,,1,seminar,D1635,kept,,,,,,,seminar: n. 讨论会，研讨班
O1648,senate,2,"senate, senator",0,,2,"senate, senator",D1636,kept,词根 sen (拉丁语 senex '老') + -ate (机构) / -or (人),senate 为参议院(古罗马元老院)，senator 为参议员，均与尊贵长者治理相关。,在古罗马，元老们(senators)组成元老院(senate)议事。,老人院里有参议员。,Senate committee 参议院委员会 | state senator 州参议员,"联想 congress, parliament 等立法机构。",senate: n. 参议院，上院；（古罗马的）元老院 | senator: n. 参议员；（古罗马的）元老院议员；评议员，理事n. (Senator)人名；(瑞典、斯威)塞纳托尔
O1649,sensation,5,"sensation, sensible, sensitive, sentence, sentiment",0,,5,"sensation, sensible, sensitive, sentence, sentiment",D1637,kept,词根 sens/sent (拉丁语 sentire '感觉'),这些词同源，核心含义与感觉、情感、观点相关，构成词义关联网络。,一个敏感(sensitive)的人有着明智的(sensible)判断，对情感(sentiment)很敏锐，能引起轰动(sensation)，说话像判决(sentence)。,感觉(sens/sent)家族：敏感人明智表达情感，引起轰动并做出判决。,sensitive skin 敏感皮肤 | sensible decision 明智的决定 | public sentiment 公众情绪 | create a sensation 引起轰动 | life sentence 无期徒刑,辨析 sensible vs sensitive; 联想 sensation 的'感觉'和'轰动'两层含义。,sensation: n. 感觉；轰动；感动 | sensible: adj. 明智的；通情达理的；合乎情理的；意识到的，能感觉到的n. 可感觉到的东西 | sensitive: adj. 敏感的；感觉的；[仪] 灵敏的；感光的；易受伤害的；易受影响的n. 敏感的人；有灵异能力的人 | sentence: n. [语][计] 句子，命题；宣判，判决vt. 判决，宣判 | sentiment: n. 感情，情绪；情操；观点；多愁善感
O1650,sequence,2,"sequence, series",0,,2,"sequence, series",D1638,kept,sequ (跟随) / 无明确词根,均表示一系列有序的事物，sequence 强调顺序，series 强调系列。,按顺序(sequence)排列的一系列(series)图书。,顺序和系列，都是连续。,in sequence 按顺序 | a series of 一系列 | TV series 电视连续剧,辨析：sequence 用于抽象的顺序，series 用于具体的系列事物。,sequence: n. [数][计] 序列；顺序；续发事件vt. 按顺序排好 | series: n. 系列，连续；[电] 串联；级数；丛书
O1651,seriously,1,seriously,0,,1,seriously,D1639,kept,,,,,,,seriously: adv. 认真地；严重地，严肃地
O1652,setting,2,"setting, settlement",0,,2,"setting, settlement",D1640,kept,set + -ing / settle + -ment,setting 来自 set (放置) + ing，指环境、设置；settlement 来自 settle (安顿、解决) + ment，指定居、解决。,在完美的环境(setting)中，他们解决了争端并达成了协议(settlement)。,安顿(set)出环境(setting)，解决(settle)成定居(settlement)。,setting sun 落日 | settlement agreement 和解协议 | urban settlement 城市定居点,辨析：setting 侧重‘背景、环境’，settlement 侧重‘解决、定居点’。,setting: n. 环境；安装；布置；[天] 沉落v. 放置；沉没；使…处于某位置（set的ing形式） | settlement: n. 解决，处理；[会计] 结算；沉降；殖民
O1653,severely,1,severely,0,,1,severely,D1641,kept,,,,,,,severely: adv. 严重地；严格地，严厉地；纯朴地
O1654,sexual,1,sexual,0,,1,sexual,D1642,kept,,,,,,,sexual: adj. 性的；性别的；有性的
O1655,shabby,1,shabby,0,,1,shabby,D1643,kept,,,,,,,shabby: adj. 破旧的；卑鄙的；吝啬的；低劣的
O1656,shady,1,shady,0,,1,shady,D1644,kept,,,,,,,shady: adj. 成荫的；阴暗的；名声不好的n. (Shady)人名；(阿拉伯)沙迪
O1657,shaft,1,shaft,0,,1,shaft,D1645,kept,,,,,,,shaft: n. 竖井；通风井；（电梯的）升降机井；杆，柄vt. 欺骗；苛待
O1658,shampoo,1,shampoo,0,,1,shampoo,D1646,kept,,,,,,,shampoo: n. 洗发；洗发精vt. 洗发
O1659,sharpen,2,"sharpen, sharply",0,,2,"sharpen, sharply",D1647,kept,sharp (尖的) + -en (使动) + -ly (副词),同词根派生，表示与“尖锐”相关的动作和状态。,想象用磨刀石把刀磨锋利(sharpen)，刀锋锐利地(sharply)切开物体。,磨快sharpen工具，动作sharply精准。,sharpen the knife - 磨刀 | rise sharply - 急剧上升,"同义词：keen, acute",sharpen: vt. 削尖；磨快；使敏捷；加重vi. 尖锐；变锋利 | sharply: adv. 急剧地；锐利地
O1660,shatter,1,shatter,0,,1,shatter,D1648,kept,,,,,,,shatter: vt. 粉碎；打碎；破坏；破掉；使散开vi. 粉碎；损坏；落叶n. 碎片；乱七八糟的状态
O1661,shear,1,shear,0,,1,shear,D1649,kept,,,,,,,shear: v. 剪（羊或其他动物的）毛；剪（头发）；（受剪切力作用而）断裂n. 切变n. (Shear) （美）希尔（人名）
O1662,shed,1,shed,0,,1,shed,D1650,kept,,,,,,,shed: vt. 摆脱；使落下vi. 流出；脱落；散布n. 小屋，棚；分水岭
O1663,sheer,1,sheer,0,,1,sheer,D1651,kept,,,,,,,sheer: adj. 绝对的；透明的；峻峭的；纯粹的adv. 完全；陡峭地vi. 偏航vt. 使偏航；使急转向n. 偏航；透明薄织物
O1664,shell,1,shell,0,,1,shell,D1652,kept,,,,,,,shell: n. 壳，贝壳；炮弹；外形vi. 剥落；设定命令行解释器的位置vt. 剥皮；炮轰
O1665,shepherd,1,shepherd,0,,1,shepherd,D1653,kept,,,,,,,shepherd: n. 牧羊人；牧师；指导者v. 牧羊；带领，护送；指导；看管n. (Shepherd) （英、美、菲）谢泼德（人名）
O1666,shield,1,shield,0,,1,shield,D1654,kept,,,,,,,shield: n. 盾；防护物；保护者vt. 遮蔽；包庇；避开；保卫vi. 防御；起保护作用n. （Shield）（英）希尔德（人名）
O1667,shift,1,shift,0,,1,shift,D1655,kept,,,,,,,"shift: n.移动,轮班,移位,变化,办法,手段vt.替换,转移,改变,移转,推卸,变速vi.转换,移动,转变,推托,变速"
O1668,shilling,1,shilling,0,,1,shilling,D1656,kept,,,,,,,shilling: n. 先令n. (Shilling)人名；(英)希林
O1669,shipment,1,shipment,0,,1,shipment,D1657,kept,,,,,,,shipment: n. 装货n. 装载的货物n. 出货量
O1670,shiver,1,shiver,0,,1,shiver,D1658,kept,,,,,,,shiver: v. 颤抖，哆嗦；打碎n. 颤抖，哆嗦；（因恐惧产生的）寒颤；碎片n. (Shiver) （美、斯）希弗（人名）
O1671,shopkeeper,1,shopkeeper,0,,1,shopkeeper,D1659,kept,,,,,,,shopkeeper: n. 店主，老板
O1672,shortage,2,"shortage, shortcoming",0,,2,"shortage, shortcoming",D1660,kept,short (短的) + -age (名词) / coming (来，名词化),由short构成的复合名词，都带有“不足”的负面含义。,商店缺货(shortage)是因为经理的疏忽(shortcoming)，短处导致了短缺。,shortage资源短缺，shortcoming人的缺点。,water shortage - 水资源短缺 | despite his shortcomings - 尽管他有缺点,"反义词：surplus, merit",shortage: n. 缺乏，缺少；不足 | shortcoming: n. 缺点；短处
O1673,shrewd,1,shrewd,0,,1,shrewd,D1661,kept,,,,,,,shrewd: adj. 精明的；狡猾的；机灵的n. 精明（的人）；机灵（的人）
O1674,shriek,1,shriek,0,,1,shriek,D1662,kept,,,,,,,shriek: v. 尖叫；尖声说；促人注意；（无生命的东西）发出尖锐刺耳声；明显地不协调n. 尖声；尖锐的响声；感叹号（非正式）
O1675,shrug,1,shrug,0,,1,shrug,D1663,kept,,,,,,,shrug: vt. 耸肩，耸肩表示n. 耸肩vi. 耸肩
O1676,shutter,1,shutter,0,,1,shutter,D1664,kept,,,,,,,shutter: n. 快门；百叶窗；关闭物；遮板vt. 为…装百叶窗；以百叶窗遮闭
O1677,shy,1,shy,0,,1,shy,D1665,kept,,,,,,,shy: adj. 害羞的；畏缩的，胆怯的vi. 投；畏缩；惊退；厌恶vt. 投；乱掷n. 投掷；惊跳n. (Shy)人名；(英)夏伊
O1678,sideways,1,sideways,0,,1,sideways,D1666,kept,,,,,,,sideways: adv. 向侧面地，向一旁地；平级变动地；间接地adj. 向侧面的，向一旁的；平级变动的；间接的；非正统的
O1679,sightseeing,1,sightseeing,0,,1,sightseeing,D1667,kept,,,,,,,sightseeing: n. 观光；游览adj. 观光的；游览的v. 观光（sightsee的ing形式）；游览
O1680,significance,3,"significance, significant, signify",0,,3,"significance, significant, signify",D1668,kept,sign (标记) + ify (使) / fic (做) + -ant (形容词) / -ance (名词),同词根，都与“标记、重要性”相关。,一个红色的感叹号标记(sign)在文档上，表示此事极为重要(significance)，值得注意(significant)，暗示范重大意义(signify)。,sign标记重要事，significance重要性，significant重大的，signify意味着。,of great significance - 意义重大 | significant difference - 显著差异 | signify consent - 表示同意,"同义词：important, meaningful",significance: n. 意义；重要性；意思 | significant: adj. 重大的；有效的；有意义的；值得注意的；意味深长的n. 象征；有意义的事物 | signify: vt. 表示；意味；预示vi. 有重要性；要紧；冒充内行
O1681,silence,2,"silence, silent",0,,2,"silence, silent",D1669,kept,sil- (安静) + -ence (名词) / -ent (形容词),同词根，表示安静的状态和性质。,图书馆里人们保持安静(silence)，所有人都沉默(silent)不语。,silence是寂静，silent是沉默的。,keep silence - 保持沉默 | silent night - 寂静的夜,"反义词：noise, noisy",silence: n. 沉默；寂静；缄默；不谈；无声状态vt. 使沉默；使安静；压制；消除噪音int. 安静！；别作声！ | silent: adj. 沉默的；寂静的；无记载的n. 无声电影
O1682,silicon,1,silicon,0,,1,silicon,D1670,kept,,,,,,,silicon: n. [化学] 硅；硅元素
O1683,similarly,1,similarly,0,,1,similarly,D1671,kept,,,,,,,similarly: adv. 类似地，差不多地；同样地，也
O1684,simplicity,2,"simplicity, simplify",0,,2,"simplicity, simplify",D1672,kept,simpl (简单) + -icity (名词) / -ify (动词),同词根，表示简单和使简单。,生活追求朴素(simplicity)，把复杂事物简化(simplify)。,simplicity是简单朴素，simplify是简化操作。,simplicity of design - 设计简洁 | simplify the process - 简化流程,"反义词：complexity, complicate",simplicity: n. 朴素；简易；天真；愚蠢 | simplify: vt. 简化；使单纯；使简易
O1685,simulate,1,simulate,0,,1,simulate,D1673,kept,,,,,,,simulate: vt. 模仿；假装；冒充adj. 模仿的；假装的
O1686,simultaneous,1,simultaneous,0,,1,simultaneous,D1674,kept,,,,,,,simultaneous: adj. 同时的；联立的；同时发生的n. 同时译员
O1687,sin,1,sin,0,,1,sin,D1675,kept,,,,,,,sin: n. 罪恶；罪孽；过失vi. 犯罪；犯过失vt. 犯罪n. （Sin）（罗）西恩；（匈）欣；（柬、阿拉伯）辛；（缅）信（人名）
O1688,sincere,1,sincere,0,,1,sincere,D1676,kept,,,,,,,sincere: adj. 真诚的；诚挚的；真实的
O1689,singular,1,singular,0,,1,singular,D1677,kept,,,,,,,singular: adj. 单数的；单一的；非凡的；异常的n. 单数
O1690,site,3,"site, situated, situation",0,,3,"site, situated, situation",D1678,kept,sit (位置) + -e (名词) / -uated (形容词) / -ation (名词),同词根，都与地点、位置有关。,一个建筑工地(site)，房子坐落(situated)在河边，整体状况(situation)不错。,site是地点，situated坐落于，situation处境形势。,construction site - 建筑工地 | be situated in - 位于 | current situation - 当前形势,"近义词：location, position",site: n. 地点；位置；场所vt. 设置；为…选址 | situated: adj. 位于…的；处于…境遇的v. 使位于；使处于（situate的过去分词） | situation: n. 情况；形势；处境；位置
O1691,skeleton,1,skeleton,0,,1,skeleton,D1679,kept,,,,,,,skeleton: n. 骨架，骨骼；纲要；骨瘦如柴的人adj. 骨骼的；骨瘦如柴的；概略的
O1692,skeptical,1,skeptical,0,,1,skeptical,D1680,kept,,,,,,,skeptical: adj. 怀疑的；（哲学）怀疑论的，不可知论的
O1693,sketch,1,sketch,0,,1,sketch,D1681,kept,,,,,,,sketch: n. 素描；略图；梗概vt. 画素描或速写vi. 画素描或速写n. (Sketch)人名；(英)斯凯奇
O1694,skillful,1,skillful,0,,1,skillful,D1682,kept,,,,,,,skillful: adj. 熟练的；巧妙的
O1695,skim,1,skim,0,,1,skim,D1683,kept,,,,,,,skim: v.撇去
O1696,slack,1,slack,0,,1,slack,D1684,kept,,,,,,,"slack: n.松弛,静止,淡季,闲散,家常裤adj.松弛的,不流畅的,疏忽的,软弱的,漏水的,呆滞的,懒散的adv.马虎地,缓慢地vt.使松弛,使缓慢,马虎从事vi.松懈,减弱,松驰"
O1697,slam,4,"slam, slap, smash, snap",0,,4,"slam, slap, smash, snap",D1685,kept,拟声/动作词，无共同词根。这些词音感强烈。,四个表示突然、猛烈动作的词，都有清脆或破碎的声音联想，可打包记忆。,他生气地slap桌子，slam门，smash玻璃，snap铅笔。,拍桌（slap）摔门（slam）砸玻璃（smash）折铅笔（snap），一气呵成。,slap in the face - 一记耳光；公然侮辱 | slam the door - 摔门；关门 | smash hit - 极为成功的事物 | snap decision - 仓促的决定,注意snap还有‘快照’之意。,"slam: v.砰地关上,砰地放下,猛力抨击,冲击n.砰,猛击,撞击,冲击 | slap: vt.拍,掌击,拍击n.拍,掌击,拍击 | smash: v.打碎,粉碎n.打碎,粉碎adj.出色的 | snap: vt. 突然折断，拉断；猛咬；啪地关上vi. 咬；厉声说；咯嗒一声关上n. 猛咬；劈啪声；突然折断adj. 突然的"
O1698,slaughter,1,slaughter,0,,1,slaughter,D1686,kept,,,,,,,"slaughter: n.屠宰,残杀,屠杀v.屠宰,残杀,屠杀"
O1699,slavery,1,slavery,0,,1,slavery,D1687,kept,,,,,,,slavery: n. 奴役；奴隶制度；奴隶身份
O1700,slender,1,slender,0,,1,slender,D1688,kept,,,,,,,slender: adj. 细长的；苗条的；微薄的
O1701,slightly,1,slightly,0,,1,slightly,D1689,kept,,,,,,,slightly: adv. 些微地，轻微地；纤细地，瘦小的
O1702,slippery,3,"slipper, slippery, slope",0,,3,"slipper, slippery, slope",D1690,kept,slip- 滑，-er 器物，-ery 形容词后缀；slope 源自古英语 aslope 倾斜。,拖鞋容易滑，斜坡也容易滑，构成‘滑’的关联。,穿着slipper走在下雨的slope上，地面很slippery。,拖鞋（slipper）遇上斜坡（slope）变得滑溜溜（slippery）。,a pair of slippers - 一双拖鞋 | slippery road - 滑的路面 | steep slope - 陡坡,slip v.滑倒 n.疏漏,slipper: n. 拖鞋vt. 用拖鞋打 | slippery: adj. 滑的；狡猾的；不稳定的 | slope: n. 斜坡；倾斜；斜率；扛枪姿势vi. 倾斜；逃走vt. 倾斜；使倾斜；扛
O1703,slit,2,"slit, slot",0,,2,"slit, slot",D1691,kept,无，形态相似。,slit是狭长的切口，slot是狭槽、投币口，都指细长开口，易混淆。,用刀子在纸上slit一个口，正好可以插入slot。,割缝（slit）投币入槽（slot）。,slit one's eyes - 眯起眼睛 | time slot - 时间段 | coin slot - 投币口,注意slot还有‘位置’之意，如landing slot(降落跑道),slit: n. 狭长的切口；裂缝v. 使有狭缝；撕裂；使成长条；眯起眼睛 | slot: n. 位置；狭槽；水沟；硬币投币口vt. 跟踪；开槽于n. (Slot)人名；(英、荷)斯洛特
O1704,slogan,1,slogan,0,,1,slogan,D1692,kept,,,,,,,slogan: n. 标语；呐喊声
O1705,slowly,1,slowly,0,,1,slowly,D1693,kept,,,,,,,slowly: adv. 缓慢地，慢慢地
O1706,slum,1,slum,0,,1,slum,D1694,kept,,,,,,,slum: n. 贫民窟；（不宜居住的）房屋；脏乱的地方v. （为猎奇或救济）去贫民窟；将就适应，过穷日子
O1707,sly,1,sly,0,,1,sly,D1695,kept,,,,,,,sly: adj. 狡猾的；淘气的；诡密的n. (Sly)人名；(英)斯莱
O1708,smog,1,smog,0,,1,smog,D1696,kept,,,,,,,smog: n. 烟雾
O1709,smoothly,1,smoothly,0,,1,smoothly,D1697,kept,,,,,,,smoothly: adv. 平稳地，平滑地；顺利地，流畅地；平静地；均匀地
O1710,smuggle,1,smuggle,0,,1,smuggle,D1698,kept,,,,,,,smuggle: vt. 走私；偷运vi. 走私，私运；偷带
O1711,snowstorm,1,snowstorm,0,,1,snowstorm,D1699,kept,,,,,,,snowstorm: n. 暴风雪；雪暴
O1712,soak,1,soak,0,,1,soak,D1700,kept,,,,,,,soak: vt. 吸收，吸入；沉浸在（工作或学习中）；使……上下湿透vi. 浸泡；渗透n. 浸；湿透；大雨
O1713,soar,1,soar,0,,1,soar,D1701,kept,,,,,,,soar: vi. 急升，激增；高飞；升空；翱翔；（树木、建筑物等）高耸；（情绪）高涨n. 高飞；高涨n. （Soar）（英、葡）索尔（人名）
O1714,sober,1,sober,0,,1,sober,D1702,kept,,,,,,,sober: adj. 冷静的，清醒的；未醉的vt. 使严肃；使醒酒，使清醒n. （Sober）索伯（人名）
O1715,society,5,"social, socialism, socialist, society, sociology",0,,5,"social, socialism, socialist, society, sociology",D1703,kept,"词根 'soci' 意为 '同伴, 交往, 社会'",这组词共享词根soci，都与‘社会’相关，派生关系清晰。,想象一个社会学者在社团中研究社会交往与社会主义。,社会（society）里，社会学家（sociologist）研究社交（social）与社会主义（socialism/socialist）。,social media - 社交媒体 | socialism with Chinese characteristics - 中国特色社会主义 | socialist core values - 社会主义核心价值观 | civil society - 公民社会 | sociology department - 社会学系,注意与sociable(友善的)区分,social: adj. 社会的，社交的；群居的n. 联谊会；联欢会 | socialism: n. 社会主义 | socialist: n. 社会主义者，社会党党员adj. 社会主义的，社会党的 | society: n. 社会；交往；社团；社交界 | sociology: n. 社会学；群体生态学
O1716,soda,1,soda,0,,1,soda,D1704,kept,,,,,,,soda: n. 苏打；碳酸水n. (Soda)人名；(意)索达；(日)曾田(姓)
O1717,soft,2,"soft, softly",0,,2,"soft, softly",D1705,kept,soft(形容词)+-ly(副词后缀)=softly,简单派生，soft是柔软的，softly是柔软地/轻声地。,用soft枕头，她softly唱歌。,软（soft）语轻声（softly）说。,soft music - 轻音乐 | speak softly - 轻声说话 | soft skills - 软技能,"反义词：hard, hardly(但hardly意为几乎不，需注意)",soft: adj. 软的，柔软的；温柔的，温和的；软弱的；笨的adv. 柔软地；温和地n. 柔性；柔软的东西；柔软部分 | softly: adv. 轻声地；温柔地；柔和地
O1718,solitary,5,"sole, solely, solidarity, solitary, solo",0,,5,"sole, solely, solidarity, solitary, solo",D1706,kept,"sole/soli/solo 源于拉丁语 'solus' 意为 '单独'；但 solid 源于 'solidus' 意为 '坚固', solidarity 来自 solid. 这里主要辨析形近词。",sole(唯一的)、solely(仅仅)、solitary(孤独的)、solo(单独的)都与‘单独’相关；solidarity(团结)形似但意义相反，形成对比记忆。,一个solitary隐士是sole幸存者，solo表演，但大家呼吁solidarity团结。,独自（sole）隐士（solitary）独奏（solo），团结（solidarity）却是众人一起。,sole proprietorship - 独资企业 | solely responsible - 全权负责 | solitary confinement - 单独监禁 | solo performance - 单人表演 | show solidarity with - 声援,注意solidarity拼写中间是'dar'不要误写为'tar'。,"sole: adj.单独的,唯一的n.脚底,鞋底,基础v.换鞋底 | solely: adv. 单独地；仅仅 | solidarity: n. 团结，团结一致 | solitary: adj. 孤独的；独居的n. 独居者；隐士 | solo: n. 独奏；独唱；独奏曲adj. 独奏的；独唱的；单独的vt. 单人攀登；单独驾vi. 单独表演；放单飞adv. 单独地"
O1719,solemn,1,solemn,0,,1,solemn,D1707,kept,,,,,,,solemn: adj. 庄严的，严肃的；隆重的，郑重的
O1720,solve,3,"soluble, solution, solve",0,,3,"soluble, solution, solve",D1708,kept,词根：solv/solut 解开，溶解,solve (解决)，solution (解决方案；溶液)，soluble (可溶的；可解决的) 均源于“解开”的意象。,想象遇到难题时，我们用一把钥匙解开锁（solve），得到的答案(solution)就像糖溶解在水中(soluble)一样豁然开朗。,解开难题有方案，溶解物质可溶点,solve a problem - 解决问题 | solution to the problem - 问题解决方案 | soluble in water - 可溶于水,注意solution还可指溶液，与solve作溶解的意思对应。,soluble: adj. [化学] 可溶的，可溶解的；可解决的 | solution: n. 解决方案；溶液；溶解；解答 | solve: vt. 解决；解答；溶解vi. 作解答
O1721,some,3,"somehow, sometime, somewhat",0,,3,"somehow, sometime, somewhat",D1709,kept,some 某；-how 方式；-time 时间；-what 程度,somehow (以某种方式)，sometime (某时)，somewhat (有点) 由 some 与疑问词组成，表示不确定。,某人(someone)在某个时间(sometime)以某种方式(somehow)做某事，程度有点(somewhat)奇怪。,某法某时某程度，不定代词要记熟,somehow or other - 以某种方法 | sometime next week - 下周某时 | somewhat interesting - 有点有趣,区分：some time (一段时间)，sometimes (有时)，sometime (某时)。,somehow: adv. 以某种方法；莫名其妙地 | sometime: adv. 改天；来日；在某一时候adj. 以前的；某一时间的 | somewhat: adv. 有点，稍微pron. 某物；几分
O1722,sophisticated,1,sophisticated,0,,1,sophisticated,D1710,kept,,,,,,,sophisticated: adj. 复杂的；精致的；久经世故的；富有经验的v. 使变得世故；使迷惑；篡改（sophisticate的过去分词形式）
O1723,sore,1,sore,0,,1,sore,D1711,kept,,,,,,,sore: adj. 疼痛的，痛心的；剧烈的，极度的；恼火的，发怒的；厉害的，迫切的n. 溃疡，痛处；恨事，伤心事n. (Sore)人名；(法)索尔；(意)索雷
O1724,source,1,source,0,,1,source,D1712,kept,,,,,,,source: n. 来源；水源；原始资料n. (Source)人名；(法)苏尔斯
O1725,southeast,1,southeast,0,,1,southeast,D1713,kept,,,,,,,southeast: n. 东南，东南方；东南地区，东南部adj. 东南的，东南部的；（风）来自东南的adv. 在东南，朝东南；来自东南
O1726,sovereign,1,sovereign,0,,1,sovereign,D1714,kept,,,,,,,sovereign: n. 君主；独立国；金磅adj. 至高无上的；有主权的；拥有最高统治权的；不折不扣的；有效的n. (Sovereign) （美、加、俄、英、印、澳）索夫林（人名）
O1727,soviet,1,soviet,0,,1,soviet,D1715,kept,,,,,,,soviet: n. 苏维埃，苏联政府；苏联人adj. 苏维埃的；苏联的；苏联人的
O1728,space,4,"spacecraft, spaceship, spacious, spatial",0,,4,"spacecraft, spaceship, spacious, spatial",D1716,kept,space 空间；-craft 船，器；-ship 船；-ious 形容词后缀(-ous)；-ial 形容词后缀,spacecraft (航天器)，spaceship (宇宙飞船)，spacious (宽敞的)，spatial (空间的) 皆由空间衍生。,在宇宙空间(space)中，航天器(spacecraft)和宇宙飞船(spaceship)航行于无边无际的宽敞(spacious)空间，研究其空间(spatial)特性。,航天飞船宽又广，空间领域任翱翔,manned spacecraft - 载人航天器 | spaceship Earth - 地球号飞船 | spacious room - 宽敞的房间 | spatial awareness - 空间意识,spatial源自拉丁语spatium；注意spacious和space的发音变化。,spacecraft: n. [航] 宇宙飞船，航天器 | spaceship: n. [航] 宇宙飞船 | spacious: adj. 宽敞的，广阔的；无边无际的 | spatial: adj. 空间的；存在于空间的；受空间条件限制的
O1729,span,1,span,0,,1,span,D1717,kept,,,,,,,span: n. 跨度，跨距；范围vt. 跨越；持续；以手指测量n. (Span)人名；(捷)斯潘
O1730,spark,2,"spark, sparkle",0,,2,"spark, sparkle",D1718,kept,spark 火花；-le 动词后缀（重复/小动作）,spark (火花)，sparkle (闪耀) 描绘火星迸发、闪烁的样子。,打火石击出火花(spark)，黑夜中星光闪耀(sparkle)。,火花四溅闪光芒,spark of genius - 智慧的火花 | sparkle with joy - 因高兴而发光,sparkle还可指气泡酒的起泡。,"spark: n.火花,火星,闪光,情郎,花花公子,活力,电信技师,瞬间放电vi.闪烁,发火花,求婚vt.发动,鼓舞,使有朝气,求婚 | sparkle: v. （使）闪耀；（使）发光；（酒类饮料）发泡；活跃，生机勃勃；活泼机智n. 闪耀；火花；起泡；亮点；活力，活跃机智；生动新颖"
O1731,sparrow,1,sparrow,0,,1,sparrow,D1719,kept,,,,,,,sparrow: n. 麻雀；矮小的人
O1732,special,4,"specialist, speciality, specialize, specially",0,,4,"specialist, speciality, specialize, specially",D1720,kept,special 特别的；-ist 人；-ity 名词后缀；-ize 动词后缀；-ly 副词后缀,specialist (专家)，speciality (专长；特产)，specialize (专门从事)，specially (特别地) 均由 special (特别的) 派生而来。,一个特别的(special)人，成为专家(specialist)，有专长(speciality)，在某领域专门从事(specialize)，做事都特别地(specially)出色。,特别专家有专长，专门从事特别棒,a specialist in history - 历史专家 | speciality of the region - 地方特产 | specialize in medicine - 专攻医学 | specially designed - 特别设计的,"同源词还有especial, especially；注意speciality与specialty(北美常用)同义。",specialist: n. 专家；专门医师adj. 专家的；专业的 | speciality: n. 专业，专长；特性；特产 | specialize: vi. 专门从事；详细说明；特化vt. 使专门化；使适应特殊情况；详细说明 | specially: adv. 特别地；专门地
O1733,specify,5,"species, specifically, specification, specify, specimen",0,,5,"species, specifically, specification, specify, specimen",D1721,kept,spec 看；-ies 名词后缀(种类)；-fy 动词后缀(使明确)；-ic 形容词后缀；-ally 副词后缀；-cation 名词后缀；-men 名词后缀(样本),species (物种)，specify (明确指定)，specifically (明确地)，specification (规格说明)，specimen (样本) 均来自 spec-“看”，引申为明确分类或具体指明。,分类学中，要确定一个物种(species)，需要收集样本(specimen)，并明确指定(specify)其特征，写出规格说明书(specification)，说得明明白白(specifically)。,物种样本需指明，规格说明要具体,endangered species - 濒危物种 | specify details - 明确细节 | specifically mentioned - 明确提到 | technical specification - 技术规格 | specimen collection - 标本收集,注意specific是这些词的核心形容词，但本表未包含，应一起记忆。,species: n. [生物] 物种；种类adj. 物种上的 | specifically: adv. 特别地；明确地 | specification: n. 规格；说明书；详述 | specify: vt. 指定；详细说明；列举；把…列入说明书 | specimen: n. 样品，样本；标本
O1734,spectacle,3,"spectacle, spectacular, spectator",0,,3,"spectacle, spectacular, spectator",D1722,kept,spect 看；-acle 名词后缀；-acular 形容词后缀；-ator 名词后缀表人,spectacle (景象；眼镜)，spectacular (壮观的)，spectator (观众) 均与“看”直接相关。,一个壮观的(spectacular)景象(spectacle)吸引了所有观众(spectator)的目光。,壮观景象戴眼镜，观众全都看入迷,a great spectacle - 壮观景象 | a spectacular view - 壮丽景色 | spectator sport - 观赏性运动,spectacle复数spectacles可指眼镜；注意spectator和audience区别：spectator多指看表演或比赛的观众，audience指听或看的集合。,spectacle: n. 景象；场面；奇观；壮观；盛大的演出；（复）眼镜 | spectacular: adj. 壮观的，惊人的；公开展示的 | spectator: n. 观众；旁观者
O1735,spectrum,1,spectrum,0,,1,spectrum,D1723,kept,,,,,,,spectrum: n. 光谱；频谱；范围；余象
O1736,speculate,1,speculate,0,,1,speculate,D1724,kept,,,,,,,speculate: vi. 推测；投机；思索vt. 推断
O1737,sphere,1,sphere,0,,1,sphere,D1725,kept,,,,,,,sphere: n. 范围；球体vt. 包围；放入球内；使…成球形adj. 球体的
O1738,spider,1,spider,0,,1,spider,D1726,kept,,,,,,,spider: n. 蜘蛛；设圈套者；三脚架
O1739,spill,1,spill,0,,1,spill,D1727,kept,,,,,,,"spill: n.溢出,溅出,摔下,木片,小塞子,暴跌,溢出量vt.使溢出,使散落,洒,使流出,使摔下,倒出vi.溢出,涌流,充满"
O1740,spiral,1,spiral,0,,1,spiral,D1728,kept,,,,,,,spiral: adj.螺旋形的n.螺旋v.盘旋
O1741,splash,1,splash,0,,1,splash,D1729,kept,,,,,,,"splash: n.溅,飞溅,斑点v.溅,泼,溅湿"
O1742,spoil,1,spoil,0,,1,spoil,D1730,kept,,,,,,,spoil: vt. 溺爱；糟蹋；破坏；掠夺vi. 掠夺；变坏；腐败n. 次品；奖品
O1743,spokesman,1,spokesman,0,,1,spokesman,D1731,kept,,,,,,,spokesman: n. 发言人；代言人
O1744,sponge,1,sponge,0,,1,sponge,D1732,kept,,,,,,,"sponge: n.海绵,海绵体,海绵状物,(外科用的)棉球,纱布v.用海绵等冼涤、揩拭、擦拭或清除,用海绵吸收(液体),(俗)依赖某人生活,诈取某人钱财,海绵般吸收"
O1745,spontaneous,1,spontaneous,0,,1,spontaneous,D1733,kept,,,,,,,spontaneous: adj. 自发的；自然的；无意识的
O1746,sportsman,1,sportsman,0,,1,sportsman,D1734,kept,,,,,,,sportsman: n. 运动员；运动家；冒险家n. (Sportsman)人名；(英)斯波茨曼
O1747,spouse,1,spouse,0,,1,spouse,D1735,kept,,,,,,,spouse: n. 配偶vt. 和…结婚n. (Spouse)人名；(英)斯波斯
O1748,springtime,1,springtime,0,,1,springtime,D1736,kept,,,,,,,springtime: n. 春天；春季；初期
O1749,sprinkle,1,sprinkle,0,,1,sprinkle,D1737,kept,,,,,,,sprinkle: v. 撒，洒；用……点缀，在……中穿插；下小雨；零星分布n. 撒，洒；少量，一点；稀疏小雨；（撒在糕饼上作装饰用的）彩糖，糖屑
O1750,spur,2,"spur, stab",0,,2,"spur, stab",D1738,kept,spur马刺（名词/动词），stab刺。都含尖锐物刺入的动作,用马刺刺马，和用刀刺，都是尖锐物刺。,牛仔用马刺刺马，马受惊后牛仔被刀刺伤。,马刺(spur)和刀刺(stab)都是刺。,spur economic growth 刺激经济增长 | stab wound 刺伤,spur还引申为激励，类似stimulate,spur: n. 马刺；鞭策；山嘴；（公路或铁路的）支线；骨刺v. 用踢马刺驱马前进；激励；促进；紧贴主干剪短（副梢）n. (Spur) （美）斯普尔（人名） | stab: vt. 刺；刺伤；戳；刺穿；直入vi. 刺；刺伤；戳；刺痛n. 刺；戳；尝试；突发的一阵n. (Stab)人名；(泰)萨达
O1751,stabilize,2,"stability, stabilize",0,,2,"stability, stabilize",D1739,kept,词根sta-（站立）→ stable（稳定的）+ -ity名词后缀；-ize动词后缀，使...化,stability是名词，stabilize是动词，一同掌握词性转换。,想象天平保持平衡（稳定），有人添加砝码使其稳定。,稳定(stable)状态叫stability，稳定动作是stabilize。,political stability 政治稳定 | stabilize prices 稳定物价,区别：stability vs. steadiness (steadily的steady),stability: n. 稳定性；坚定，恒心 | stabilize: vt. 使稳固，使安定vi. 稳定，安定
O1752,stack,1,stack,0,,1,stack,D1740,kept,,,,,,,"stack: n.堆,一堆,堆栈v.堆叠"
O1753,stagger,1,stagger,0,,1,stagger,D1741,kept,,,,,,,stagger: vt. 蹒跚；使交错；使犹豫vi. 蹒跚；犹豫n. 蹒跚；交错安排adj. 交错的；错开的
O1754,staircase,1,staircase,0,,1,staircase,D1742,kept,,,,,,,staircase: n. 楼梯
O1755,stake,1,stake,0,,1,stake,D1743,kept,,,,,,,stake: n. 桩，棍子；赌注；火刑；奖金vt. 资助，支持；系…于桩上；把…押下打赌vi. 打赌n. (Stake)人名；(瑞典)斯塔克
O1756,stale,1,stale,0,,1,stale,D1744,kept,,,,,,,stale: adj. 陈腐的；不新鲜的vi. 变陈旧；撒尿；变得不新鲜vt. 使变旧；变得不新鲜n. 尿n. (Stale)人名；(塞)斯塔莱
O1757,stall,1,stall,0,,1,stall,D1745,kept,,,,,,,"stall: n.货摊,畜栏,厩,出售摊v.(使)停转,(使)停止,迟延"
O1758,standpoint,1,standpoint,0,,1,standpoint,D1746,kept,,,,,,,standpoint: n. 立场；观点
O1759,startle,1,startle,0,,1,startle,D1747,kept,,,,,,,startle: vt. 使吓一跳；使惊奇vi. 惊吓；惊跳；惊奇n. 惊愕；惊恐
O1760,statement,2,"statement, statesman",0,,2,"statement, statesman",D1748,kept,词根state-（陈述，国家）。statement加-ment名词后缀；statesman是states(国家)+man,statement是陈述、声明，statesman是治理国家的人，都来自state。,政治家在讲台上发表声明。,政治家(statesman)发表声明(statement)。,make a statement 发表声明 | elder statesman 政界元老,注意：state还有“状态”的意思,statement: n. 声明；陈述，叙述；报表，清单 | statesman: n. 政治家；国务活动家
O1761,static,1,static,0,,1,static,D1749,kept,,,,,,,static: adj. 静态的；静电的；静力的n. 静电；静电干扰
O1762,stationary,1,stationary,0,,1,stationary,D1750,kept,,,,,,,stationary: adj. 固定的；静止的；定居的；常备军的n. 不动的人；驻军
O1763,statistical,1,statistical,0,,1,statistical,D1751,kept,,,,,,,statistical: adj. 统计的；统计学的
O1764,steadily,1,steadily,0,,1,steadily,D1752,kept,,,,,,,steadily: adv. 稳定地；稳固地；有规则地
O1765,steamer,1,steamer,0,,1,steamer,D1753,kept,,,,,,,steamer: n. 轮船；蒸汽机；蒸笼
O1766,steer,3,"steer, stem, stern",0,,3,"steer, stem, stern",D1754,kept,这三个词都与船有关：steer驾驶（船），stem船首，stern船尾,一次记住船的三个部分及动作。,掌舵水手从船首走到船尾。,驾驶(steer)船从船首(stem)到船尾(stern)。,steer the ship 驾驶船 | from stem to stern 从船首到船尾 | stern warning 严厉警告,注意stern另有“严厉的”之意；stem还有“茎、阻止”等意,steer: vt. 控制，引导；驾驶vi. 驾驶，掌舵；行驶n. 阉牛n. (Steer)人名；(英)斯蒂尔；(德、匈)施特尔 | stem: n. 干；茎；船首；血统vt. 阻止；除去…的茎；给…装柄vi. 阻止；起源于某事物；逆行abbr. 理工科的统称（science，technology，engineering，math） | stern: adj. 严厉的；坚定的；严峻的；认真的n. 船尾；末端；（幽默）（人的）臀部n. (Stern) （英、以、法、瑞典、西）斯特恩（人名）
O1767,stereo,2,"stereo, stereotype",0,,2,"stereo, stereotype",D1755,kept,前缀stereo-（立体的，坚固的），type（类型）。stereo是立体声系统；stereotype原意铅版，引申为刻板印象,共享stereo-前缀，一个表示立体声音响，一个表示固定模式。,立体声音响播放着关于刻板印象的广播。,立体声(stereo)里传出老套的刻板印象(stereotype)。,stereo sound 立体声 | break the stereotype 打破刻板印象,stereo也可指立体照片等,stereo: n. 立体声；立体声系统adj. 立体的；立体声的；立体感觉的 | stereotype: n. 陈腔滥调，老套；成见；模式化形象；铅版，铅版（浇铸或印刷）v. 对……形成模式化的看法，对……存有成见；套用老套，使一成不变；使用铅版
O1768,steward,2,"steward, stewardess",0,,2,"steward, stewardess",D1756,kept,steward + -ess（女性后缀），类似actor→actress,stewardess是女乘务员/女管家，由steward加-ess构成。,飞机上男乘务员和女乘务员一起工作。,管家(steward)有女管家(stewardess)。,air steward 空中乘务员 | stewardess uniform 空姐制服,"类似：waiter/waitress, host/hostess",steward: n. 管家；乘务员；膳务员；工会管事vi. 当服务员；当管事vt. 管理n. (Steward)人名；(英)斯图尔德 | stewardess: n. 女管家；女干事；女服务员
O1769,sticky,1,sticky,0,,1,sticky,D1757,kept,,,,,,,sticky: adj. 粘的；粘性的
O1770,stiff,2,"stiff, stiffen",2,"stiffly, stiffness",4,"stiff, stiffen, stiffly, stiffness",D1758,kept,形容词stiff + -en动词后缀，类似soft→soften,stiffen由stiff派生，表示变硬或使变硬。,一块硬纸板变得更硬。,硬(stiff)的东西变硬(stiffen)。,stiff neck 落枕 | stiffen one's resolve 坚定决心,"类似：hard→harden, soft→soften","stiff: adj.硬的,僵直的,拘谨的,呆板的,艰难的,费劲的,僵硬的 | stiffen: vi. 变硬；变猛烈；变粘vt. 使变硬；使粘稠"
O1771,stimulate,2,"stimulate, stimulus",0,,2,"stimulate, stimulus",D1759,kept,词根stimul-（刺，刺激），-ate动词后缀，-us名词后缀,stimulus是刺激物，stimulate是刺激的动作。,用针(stimulus)刺(stimulate)皮肤。,刺激物(stimulus)刺激(stimulate)你。,economic stimulus 经济刺激 | stimulate growth 刺激生长,"同义词：spur, provoke",stimulate: vt. 刺激；鼓舞，激励vi. 起刺激作用；起促进作用 | stimulus: n. 刺激；激励；刺激物
O1772,stitch,2,"sting, stitch",0,,2,"sting, stitch",D1760,kept,stitch缝，sting刺。发音相近，场景联想,缝衣服时被针扎，记住两个词。,补衣服时不小心针扎了手，一阵刺痛。,缝(stitch)的时候被针扎(sting)了。,stitch up 缝合 | bee sting 蜜蜂蜇,对比：prick（刺）,sting: n. 刺痛；讽刺，刺激；刺毛vt. 刺；驱使；使…苦恼；使…疼痛vi. 刺痛；被刺痛；感到剧痛n. (Sting)人名；(英)斯廷；(德)施廷 | stitch: n. 针脚，线迹；一针vt. 缝，缝合vi. 缝，缝合
O1773,stir,1,stir,0,,1,stir,D1761,kept,,,,,,,stir: v. 搅拌；微动；（使）活动；激发，打动；（非正式）挑拨；传播n. 搅拌；激动；（非正式）监狱
O1774,stock,2,"stock, stocking",0,,2,"stock, stocking",D1762,kept,stock本意树干，后引申为存货；stocking原指覆盖腿的东西（像树干套子），后专指长袜。-ing后缀,stock加上-ing变成stocking，意义关联可联想。,仓库库存里堆满长袜。,库存(stock)里都是长袜(stocking)。,out of stock 脱销 | a pair of stockings 一双长袜,stock还有股票意思,"stock: n.树干,库存,股票,股份,托盘,祖先,血统,原料adj.股票的,普通的,常备的,存货的,繁殖用的vt.装把手于,进货,备有,放牧vi.出新芽,采购 | stocking: n.长袜"
O1775,stony,1,stony,0,,1,stony,D1763,kept,,,,,,,stony: adj. 石头覆盖的；石头制的；像石头的；无情的；石质的
O1776,stool,2,"stool, stoop",0,,2,"stool, stoop",D1764,kept,st-开头，stool凳子，stoop弯腰。通过动作场景联想,弯腰坐凳子，形象记忆两个词。,老人慢慢弯腰坐在小凳子上。,弯腰(stoop)坐在凳子(stool)上。,bar stool 吧凳 | stoop down 弯腰,stool还有粪便的意思，不常用,stool: n. 凳子；粪便；厕所vi. 长新枝；分檗vt. 引诱，诱捕 | stoop: vi. 弯腰；屈服；堕落n. 弯腰，屈背；屈服vt. 辱没，堕落；俯曲n. (Stoop)人名；(法、荷、葡)斯托普
O1777,storey,1,storey,0,,1,storey,D1765,kept,,,,,,,storey: n. [建] 楼层；叠架的一层n. (Storey)人名；(西、瑞典)斯托雷；(英)斯托里
O1778,stormy,1,stormy,0,,1,stormy,D1766,kept,,,,,,,stormy: adj. 暴风雨的；猛烈的；暴躁的
O1779,straightforward,1,straightforward,0,,1,straightforward,D1767,kept,,,,,,,straightforward: adj. 简单的；坦率的；明确的；径直的adv. 直截了当地；坦率地
O1780,strain,2,"strain, strap",0,,2,"strain, strap",D1768,kept,str-开头，strain拉紧，strap带子。工具与动作关联,用带子拉紧行李，通过场景联想记忆。,旅行时用皮带把箱子紧紧捆住。,用带子(strap)紧紧拉(strain)。,strain a muscle 拉伤肌肉 | shoulder strap 肩带,形近词：stain（污点）,strain: n. 张力；拉紧；负担；扭伤；血缘vi. 拉紧；尽力vt. 拉紧；滥用；滤去；竭力n. (Strain)人名；(英)斯特兰n. （植物、动物的）品种；种类 | strap: n. 带子，皮带，金属带；鞭打v. 用带捆绑，用带固定；包扎；鞭打
O1781,strategy,2,"strategic, strategy",0,,2,"strategic, strategy",D1769,kept,词根 strateg 源自希腊语 strategos（将军），意为策略,strategy 是名词，strategic 是形容词，属于同一词族的派生关系,一位将军在地图前制定战略(strategy)，所有军事调动都是战略性的(strategic),将军部署战略(strategy)和战术，一切行动都是战略性的(strategic),strategic planning - 战略规划 | marketing strategy - 营销策略,tactic (战术) | strategist (战略家),strategic: adj. 战略上的，战略的 | strategy: n. 战略，策略
O1782,strawberry,1,strawberry,0,,1,strawberry,D1770,kept,,,,,,,strawberry: n. 草莓；草莓色
O1783,streamline,1,streamline,0,,1,streamline,D1771,kept,,,,,,,streamline: vt. 把…做成流线型；使现代化；组织；使合理化；使简单化n. 流线；流线型adj. 流线型的
O1784,stretch,1,stretch,0,,1,stretch,D1772,kept,,,,,,,"stretch: v.伸展,伸长n.一段时间,一段路程,伸展"
O1785,strictly,1,strictly,0,,1,strictly,D1773,kept,,,,,,,strictly: adv. 严格地；完全地；确实地
O1786,stride,1,stride,0,,1,stride,D1774,kept,,,,,,,stride: n. 大步；步幅；进展vt. 跨过；大踏步走过；跨坐在…vi. 跨；跨过；大步行走
O1787,striking,2,"striking, stroke",0,,2,"striking, stroke",D1775,kept,均来自动词 strike（打，击）。striking 是 strike 的现在分词形容词化，stroke 是其名词形式,striking 原意“打击的”，引申为“显著的，惊人的”；stroke 作名词意为“一击，一笔，中风，钟声”等。共同核心是“击”,拳击手一记重击(stroke)造成对手倒地，画面非常惊人(striking)；或画家一笔(stroke)画出惊人(striking)的效果,重重一击(stroke)带来惊人的(striking)效果,a stroke of luck - 一次好运 | heat stroke - 中暑 | striking contrast - 鲜明对比,strike (v./n.) | stricken (受打击的),"striking: adj. 显著的，突出的，惊人的；打击的；罢工的v. 打（strike的ing形式） | stroke: n.击,敲,报时的钟声,(网球等)一击,(划船等)一划,(绘画等)一笔,一次努力,打击vt.抚摸"
O1788,strip,1,strip,0,,1,strip,D1776,kept,,,,,,,"strip: vt.剥,剥去n.条,带"
O1789,stripe,1,stripe,0,,1,stripe,D1777,kept,,,,,,,stripe: n. 条纹，斑纹；种类vt. 加条纹于…
O1790,strive,1,strive,0,,1,strive,D1778,kept,,,,,,,strive: vi. 努力；奋斗；抗争
O1791,strongly,1,strongly,0,,1,strongly,D1779,kept,,,,,,,strongly: adv. 坚定地；强有力地；强烈地（说服）；（气味）浓重地
O1792,structure,2,"structural, structure",0,,2,"structural, structure",D1780,kept,词根 struct 来自拉丁语 struere（建造），structure 是名词，structural 是形容词,名词和形容词的派生，均与“建造、构造”相关,建筑师研究建筑物的结构(structure)和结构完整性(structural integrity),建筑的结构(structure)需要结构工程师(structural engineer)来确保安全,organizational structure - 组织结构 | structural damage - 结构损坏,construction (建造) | destruction (破坏),structural: adj. 结构的；建筑的 | structure: n. 结构；构造；建筑物vt. 组织；构成；建造
O1793,stuff,1,stuff,0,,1,stuff,D1781,kept,,,,,,,stuff: n. 东西；材料；填充物；素材资料vt. 塞满；填塞；让吃饱vi. 吃得过多
O1794,stumble,1,stumble,0,,1,stumble,D1782,kept,,,,,,,stumble: vi. 踌躇，蹒跚；失足；犯错vt. 使…困惑；使…绊倒n. 绊倒；蹒跚而行
O1795,sturdy,1,sturdy,0,,1,sturdy,D1783,kept,,,,,,,sturdy: adj. 坚定的；强健的；健全的n. 羊晕倒病n. (Sturdy)人名；(英)斯特迪
O1796,subjective,1,subjective,2,"subjectively, subjectivity",3,"subjective, subjectively, subjectivity",D1784,split_large_group,subject + -ive,主观的来自 subject，和 sub- 专题联系弱。,一艘潜艇(submarine)下潜淹没(submerge)到海下，它属下级(subordinate)辅助(subsidiary)任务，接受补助(subsidy)燃料，随后(subsequent)发现一种物质(substance)有大量(substantial)价值，但微妙(subtle)的差别需减去(subtract)杂质，之后回郊区(suburb)基地换地铁(subway)，艇长主观地(subjective)评价成功,潜水艇(submarine)淹没(submerge)下潜，下级(subordinate)辅助(subsidiary)拿补贴(subsidy)，随后(subsequent)发现实质(substance)大量(substantial)而微妙(subtle)，减去(subtract)杂质，返回郊区(suburb)坐地铁(subway)，主观(subjective)评价胜利,submarine cable - 海底电缆 | submerge into - 沉入 | subordinate clause - 从句 | subsidiary company - 子公司 | government subsidy - 政府补贴 | subsequent events - 随后事件 | harmful substance - 有害物质 | substantial increase - 大幅增加 | subtle difference - 细微差别 | subtract from - 减去 | suburb area - 郊区 | subway station - 地铁站 | subjective judgment - 主观判断,"sub- 其他词: subdue, subject, submit 等",subjective: adj. 主观的；个人的；自觉的
O1797,sub-under place,4,"submarine, submerge, suburb, subway",2,"submariner, submersion",6,"submarine, submerge, suburb, subway, submariner, submersion",D1784,split_large_group,sub- = under or below,水下、淹没、地下铁、城市边缘，都是'在下面/边缘'。,一艘潜艇(submarine)下潜淹没(submerge)到海下，它属下级(subordinate)辅助(subsidiary)任务，接受补助(subsidy)燃料，随后(subsequent)发现一种物质(substance)有大量(substantial)价值，但微妙(subtle)的差别需减去(subtract)杂质，之后回郊区(suburb)基地换地铁(subway)，艇长主观地(subjective)评价成功,潜水艇(submarine)淹没(submerge)下潜，下级(subordinate)辅助(subsidiary)拿补贴(subsidy)，随后(subsequent)发现实质(substance)大量(substantial)而微妙(subtle)，减去(subtract)杂质，返回郊区(suburb)坐地铁(subway)，主观(subjective)评价胜利,submarine cable - 海底电缆 | submerge into - 沉入 | subordinate clause - 从句 | subsidiary company - 子公司 | government subsidy - 政府补贴 | subsequent events - 随后事件 | harmful substance - 有害物质 | substantial increase - 大幅增加 | subtle difference - 细微差别 | subtract from - 减去 | suburb area - 郊区 | subway station - 地铁站 | subjective judgment - 主观判断,"sub- 其他词: subdue, subject, submit 等",submarine: n. 潜水艇；海底生物adj. 海底的；水下的vt. 用潜水艇攻击vi. 在下疾行；在下滑动 | submerge: vt. 淹没；把…浸入；沉浸vi. 淹没；潜入水中；湮没 | suburb: n. 郊区；边缘 | subway: n. 地铁；地道vi. 乘地铁
O1798,sub-lower rank,3,"subordinate, subsidiary, subsidy",3,"subordination, subsidiarity, subsidize",6,"subordinate, subsidiary, subsidy, subordination, subsidiarity, subsidize",D1784,split_large_group,"sub- = lower, supporting",下属、附属、补助，核心是下级支撑。,一艘潜艇(submarine)下潜淹没(submerge)到海下，它属下级(subordinate)辅助(subsidiary)任务，接受补助(subsidy)燃料，随后(subsequent)发现一种物质(substance)有大量(substantial)价值，但微妙(subtle)的差别需减去(subtract)杂质，之后回郊区(suburb)基地换地铁(subway)，艇长主观地(subjective)评价成功,潜水艇(submarine)淹没(submerge)下潜，下级(subordinate)辅助(subsidiary)拿补贴(subsidy)，随后(subsequent)发现实质(substance)大量(substantial)而微妙(subtle)，减去(subtract)杂质，返回郊区(suburb)坐地铁(subway)，主观(subjective)评价胜利,submarine cable - 海底电缆 | submerge into - 沉入 | subordinate clause - 从句 | subsidiary company - 子公司 | government subsidy - 政府补贴 | subsequent events - 随后事件 | harmful substance - 有害物质 | substantial increase - 大幅增加 | subtle difference - 细微差别 | subtract from - 减去 | suburb area - 郊区 | subway station - 地铁站 | subjective judgment - 主观判断,"sub- 其他词: subdue, subject, submit 等",subordinate: n. 部属，下属，下级；从属，次要vt. 使……居下位；使……服从adj. 从属的，隶属的；次要的 | subsidiary: adj. 辅助的，次要的；附属的；子公司的n. 子公司；辅助者 | subsidy: n. 补贴；津贴；补助金
O1799,sub-after/subtle,2,"subsequent, subtle",0,,2,"subsequent, subtle",D1784,split_large_group,"sub- = under, close behind",随后与微妙都不适合硬塞大组，做小联想即可。,一艘潜艇(submarine)下潜淹没(submerge)到海下，它属下级(subordinate)辅助(subsidiary)任务，接受补助(subsidy)燃料，随后(subsequent)发现一种物质(substance)有大量(substantial)价值，但微妙(subtle)的差别需减去(subtract)杂质，之后回郊区(suburb)基地换地铁(subway)，艇长主观地(subjective)评价成功,潜水艇(submarine)淹没(submerge)下潜，下级(subordinate)辅助(subsidiary)拿补贴(subsidy)，随后(subsequent)发现实质(substance)大量(substantial)而微妙(subtle)，减去(subtract)杂质，返回郊区(suburb)坐地铁(subway)，主观(subjective)评价胜利,submarine cable - 海底电缆 | submerge into - 沉入 | subordinate clause - 从句 | subsidiary company - 子公司 | government subsidy - 政府补贴 | subsequent events - 随后事件 | harmful substance - 有害物质 | substantial increase - 大幅增加 | subtle difference - 细微差别 | subtract from - 减去 | suburb area - 郊区 | subway station - 地铁站 | subjective judgment - 主观判断,"sub- 其他词: subdue, subject, submit 等",subsequent: adj. 随后的 | subtle: adj. 微妙的；精细的；敏感的；狡猾的；稀薄的
O1800,substance family,2,"substance, substantial",2,"substantiate, substantially",4,"substance, substantial, substantiate, substantially",D1784,split_large_group,substance = what stands under,实质和大量/实质性的派生关系清晰。,一艘潜艇(submarine)下潜淹没(submerge)到海下，它属下级(subordinate)辅助(subsidiary)任务，接受补助(subsidy)燃料，随后(subsequent)发现一种物质(substance)有大量(substantial)价值，但微妙(subtle)的差别需减去(subtract)杂质，之后回郊区(suburb)基地换地铁(subway)，艇长主观地(subjective)评价成功,潜水艇(submarine)淹没(submerge)下潜，下级(subordinate)辅助(subsidiary)拿补贴(subsidy)，随后(subsequent)发现实质(substance)大量(substantial)而微妙(subtle)，减去(subtract)杂质，返回郊区(suburb)坐地铁(subway)，主观(subjective)评价胜利,submarine cable - 海底电缆 | submerge into - 沉入 | subordinate clause - 从句 | subsidiary company - 子公司 | government subsidy - 政府补贴 | subsequent events - 随后事件 | harmful substance - 有害物质 | substantial increase - 大幅增加 | subtle difference - 细微差别 | subtract from - 减去 | suburb area - 郊区 | subway station - 地铁站 | subjective judgment - 主观判断,"sub- 其他词: subdue, subject, submit 等",substance: n. 物质；实质；资产；主旨 | substantial: adj. 大量的；实质的；内容充实的n. 本质；重要材料
O1801,subtract,1,subtract,1,subtraction,2,"subtract, subtraction",D1784,split_large_group,sub- + tract = draw away,subtract 是'向下/拿走'，单独记更稳。,一艘潜艇(submarine)下潜淹没(submerge)到海下，它属下级(subordinate)辅助(subsidiary)任务，接受补助(subsidy)燃料，随后(subsequent)发现一种物质(substance)有大量(substantial)价值，但微妙(subtle)的差别需减去(subtract)杂质，之后回郊区(suburb)基地换地铁(subway)，艇长主观地(subjective)评价成功,潜水艇(submarine)淹没(submerge)下潜，下级(subordinate)辅助(subsidiary)拿补贴(subsidy)，随后(subsequent)发现实质(substance)大量(substantial)而微妙(subtle)，减去(subtract)杂质，返回郊区(suburb)坐地铁(subway)，主观(subjective)评价胜利,submarine cable - 海底电缆 | submerge into - 沉入 | subordinate clause - 从句 | subsidiary company - 子公司 | government subsidy - 政府补贴 | subsequent events - 随后事件 | harmful substance - 有害物质 | substantial increase - 大幅增加 | subtle difference - 细微差别 | subtract from - 减去 | suburb area - 郊区 | subway station - 地铁站 | subjective judgment - 主观判断,"sub- 其他词: subdue, subject, submit 等",subtract: vt. 减去；扣掉
O1802,success family,4,"successfully, succession, successive, successor",2,"succeed, success",6,"successfully, succession, successive, successor, succeed, success",D1785,split_large_group,succed-/success = follow after,成功/继承/连续来自'接着发生'的核心。,君主继承者（successor）被召唤（summon）去镇压（suppress）叛乱，力不足（suffice）时，需要足够的（sufficient）支撑（sustain），但怀疑（suspicion）导致暂停（suspend）职务，最终汹涌的（surge）民意涌现，建议（suggestion）充分（sufficiently）表达。,sub-变体“下”多形，继承召唤压暂停，怀疑支撑涌足够。,successor to the throne 王位继承者 | suffice as an excuse 足够作为借口 | sufficient evidence 充分证据 | sufficiently prepared 充分准备 | put forward a suggestion 提出建议 | summon a meeting 召集会议 | suppress one's anger 压抑怒气 | suspend a license 吊销执照 | air suspension 空气悬挂 | above suspicion 无可怀疑 | suspicious behavior 可疑行为 | sustain the weight 支撑重量 | a surge of emotion 一阵激情,succeed v. 成功；继承 | submission n. 提交 | subordinate a. 下级的 | subsequent a. 随后的,successfully: adv. 成功地；顺利地 | succession: n. 连续；继位；继承权；[生态] 演替 | successive: adj. 连续的；继承的；依次的；接替的 | successor: n. 继承者；后续的事物
O1803,suddenly,1,suddenly,0,,1,suddenly,D1786,kept,,,,,,,suddenly: adv. 突然地；忽然
O1804,sue,1,sue,0,,1,sue,D1787,kept,,,,,,,sue: vt. 控告；请求vi. 控告；提出请求n. (Sue)人名；(日)末(名)；(法)休；(英)休(女子教名Susan、Susanna的昵称)
O1805,suffice family,3,"suffice, sufficient, sufficiently",1,sufficiency,4,"suffice, sufficient, sufficiently, sufficiency",D1785,split_large_group,suf- + fic = do enough,足够：动词、形容词、副词。,君主继承者（successor）被召唤（summon）去镇压（suppress）叛乱，力不足（suffice）时，需要足够的（sufficient）支撑（sustain），但怀疑（suspicion）导致暂停（suspend）职务，最终汹涌的（surge）民意涌现，建议（suggestion）充分（sufficiently）表达。,sub-变体“下”多形，继承召唤压暂停，怀疑支撑涌足够。,successor to the throne 王位继承者 | suffice as an excuse 足够作为借口 | sufficient evidence 充分证据 | sufficiently prepared 充分准备 | put forward a suggestion 提出建议 | summon a meeting 召集会议 | suppress one's anger 压抑怒气 | suspend a license 吊销执照 | air suspension 空气悬挂 | above suspicion 无可怀疑 | suspicious behavior 可疑行为 | sustain the weight 支撑重量 | a surge of emotion 一阵激情,succeed v. 成功；继承 | submission n. 提交 | subordinate a. 下级的 | subsequent a. 随后的,suffice: vt. 使满足；足够…用；合格vi. 足够；有能力 | sufficient: adj. 足够的；充分的 | sufficiently: adv. 充分地；足够地
O1806,suggestion,1,suggestion,2,"suggest, suggestive",3,"suggestion, suggest, suggestive",D1785,split_large_group,suggest -> suggestion,表中只有名词，可补 suggest。,君主继承者（successor）被召唤（summon）去镇压（suppress）叛乱，力不足（suffice）时，需要足够的（sufficient）支撑（sustain），但怀疑（suspicion）导致暂停（suspend）职务，最终汹涌的（surge）民意涌现，建议（suggestion）充分（sufficiently）表达。,sub-变体“下”多形，继承召唤压暂停，怀疑支撑涌足够。,successor to the throne 王位继承者 | suffice as an excuse 足够作为借口 | sufficient evidence 充分证据 | sufficiently prepared 充分准备 | put forward a suggestion 提出建议 | summon a meeting 召集会议 | suppress one's anger 压抑怒气 | suspend a license 吊销执照 | air suspension 空气悬挂 | above suspicion 无可怀疑 | suspicious behavior 可疑行为 | sustain the weight 支撑重量 | a surge of emotion 一阵激情,succeed v. 成功；继承 | submission n. 提交 | subordinate a. 下级的 | subsequent a. 随后的,suggestion: n. 建议；示意；微量，细微的迹象
O1807,suicide,1,suicide,0,,1,suicide,D1788,kept,,,,,,,suicide: n. 自杀；自杀行为；自杀者adj. 自杀的vt. 自杀vi. 自杀
O1808,suitcase,1,suitcase,0,,1,suitcase,D1789,kept,,,,,,,suitcase: n. [轻] 手提箱；衣箱
O1809,sulphur,1,sulphur,0,,1,sulphur,D1790,kept,,,,,,,sulphur: n. 硫磺；硫磺色vt. 使硫化；用硫磺处理
O1810,sum,3,"sum, summarize, summit",0,,3,"sum, summarize, summit",D1791,kept,"拉丁词根 summus (最高的), summa (总数)，总数与最高点的关联",sum (总数) 和 summit (顶点) 都源自拉丁语表示“最高”的词，而 summarize (总结) 来源于 sum 加 -ize，表示做出总结，一起记联想总数→总结→顶点。,先算总和（sum），再总结（summarize）要点，最后登上顶点（summit）。,总和总结登顶点，sum族全搞定。,a large sum of money 一大笔钱 | to summarize briefly 简要总结 | attend a summit meeting 参加首脑会议,summary n. 摘要 | consummate a. 完美的,sum: n. 金额；总数vi. 概括vt. 总结；合计n. (Sum)人名；(英)萨姆；(柬)孙；(俄、德、捷)苏姆；(越)森 | summarize: vt. 总结；概述vi. 作总结；作概括 | summit: n. 顶点；最高级会议；最高阶层adj. 最高级的；政府首脑的
O1811,summon,1,summon,0,,1,summon,D1785,split_large_group,summon = call up,召唤义独立。,君主继承者（successor）被召唤（summon）去镇压（suppress）叛乱，力不足（suffice）时，需要足够的（sufficient）支撑（sustain），但怀疑（suspicion）导致暂停（suspend）职务，最终汹涌的（surge）民意涌现，建议（suggestion）充分（sufficiently）表达。,sub-变体“下”多形，继承召唤压暂停，怀疑支撑涌足够。,successor to the throne 王位继承者 | suffice as an excuse 足够作为借口 | sufficient evidence 充分证据 | sufficiently prepared 充分准备 | put forward a suggestion 提出建议 | summon a meeting 召集会议 | suppress one's anger 压抑怒气 | suspend a license 吊销执照 | air suspension 空气悬挂 | above suspicion 无可怀疑 | suspicious behavior 可疑行为 | sustain the weight 支撑重量 | a surge of emotion 一阵激情,succeed v. 成功；继承 | submission n. 提交 | subordinate a. 下级的 | subsequent a. 随后的,summon: vt. 召唤；召集；鼓起；振作
O1812,sunrise,1,sunrise,0,,1,sunrise,D1792,kept,,,,,,,sunrise: n. 日出；黎明n. (Sunrise)人名；(德)松里泽
O1813,super-above,4,"superficial, supermarket, supersonic, supervise",3,"superficially, supervisor, supervision",7,"superficial, supermarket, supersonic, supervise, superficially, supervisor, supervision",D1793,split_large_group,"super- = above, over",表面、超市、超音速、监督，都有'在上/超过'。,想象一位‘超人’（supervisor）站在超市（supermarket）上空盘旋，他进行监督（supervise），超越（surpass）音速（supersonic），俯瞰调查（survey）周围环境（surroundings），发现补充（supplement）的姓氏（surname）让人惊讶（surprise），最终他交出（surrender）自己的优越感（superiority），只在表面（superficial）上显得肤浅。,super-/sur- 前缀“超上外”，超市监管补充多。,superficial knowledge 肤浅知识 | sense of superiority 优越感 | supermarket chain 连锁超市 | supersonic aircraft 超音速飞机 | supervise a project 监督项目 | dietary supplement 膳食补充 | supplementary reading 补充阅读 | surpass expectations 超越期望 | surname and given name 姓氏和名字 | conduct a survey 进行调查 | surrender to the enemy 向敌人投降 | take sb by surprise 使某人大吃一惊 | surprising news 惊人的消息 | surroundings of a city 城市环境,superb a.极好的 | supreme a.最高的 | surface n.表面(也含 sur-),superficial: adj. 表面的；肤浅的 ；表面文章的；外表的；（人）浅薄的 | supermarket: n. 超级市场；自助售货商店 | supersonic: adj. 超音速的；超声波的n. 超音速；超声波 | supervise: v. 监督；管理；指导；主管；照看
O1814,superiority/surpass,2,"superiority, surpass",2,"superior, surpassing",4,"superiority, surpass, superior, surpassing",D1793,split_large_group,"super-/sur- = above, beyond",优越和超过是同一高低画面。,想象一位‘超人’（supervisor）站在超市（supermarket）上空盘旋，他进行监督（supervise），超越（surpass）音速（supersonic），俯瞰调查（survey）周围环境（surroundings），发现补充（supplement）的姓氏（surname）让人惊讶（surprise），最终他交出（surrender）自己的优越感（superiority），只在表面（superficial）上显得肤浅。,super-/sur- 前缀“超上外”，超市监管补充多。,superficial knowledge 肤浅知识 | sense of superiority 优越感 | supermarket chain 连锁超市 | supersonic aircraft 超音速飞机 | supervise a project 监督项目 | dietary supplement 膳食补充 | supplementary reading 补充阅读 | surpass expectations 超越期望 | surname and given name 姓氏和名字 | conduct a survey 进行调查 | surrender to the enemy 向敌人投降 | take sb by surprise 使某人大吃一惊 | surprising news 惊人的消息 | surroundings of a city 城市环境,superb a.极好的 | supreme a.最高的 | surface n.表面(也含 sur-),superiority: n. 优越，优势；优越性 | surpass: vt. 超越；胜过，优于；非…所能办到或理解
O1815,supplement family,2,"supplement, supplementary",1,supplemental,3,"supplement, supplementary, supplemental",D1793,split_large_group,supplement -> supplementary,补充与补充的。,想象一位‘超人’（supervisor）站在超市（supermarket）上空盘旋，他进行监督（supervise），超越（surpass）音速（supersonic），俯瞰调查（survey）周围环境（surroundings），发现补充（supplement）的姓氏（surname）让人惊讶（surprise），最终他交出（surrender）自己的优越感（superiority），只在表面（superficial）上显得肤浅。,super-/sur- 前缀“超上外”，超市监管补充多。,superficial knowledge 肤浅知识 | sense of superiority 优越感 | supermarket chain 连锁超市 | supersonic aircraft 超音速飞机 | supervise a project 监督项目 | dietary supplement 膳食补充 | supplementary reading 补充阅读 | surpass expectations 超越期望 | surname and given name 姓氏和名字 | conduct a survey 进行调查 | surrender to the enemy 向敌人投降 | take sb by surprise 使某人大吃一惊 | surprising news 惊人的消息 | surroundings of a city 城市环境,superb a.极好的 | supreme a.最高的 | surface n.表面(也含 sur-),supplement: n. 增补（物）；补品；增刊；（书籍的）附录；额外服务费用；补角v. 增补，补充 | supplementary: adj. 补充的；追加的n. 补充者；增补物
O1816,suspend/suppress,3,"suppress, suspend, suspension",2,"suppression, suspense",5,"suppress, suspend, suspension, suppression, suspense",D1785,split_large_group,"sup-/sus- = under, hold down/up",压下与悬起都能画成'从下方控制'。,君主继承者（successor）被召唤（summon）去镇压（suppress）叛乱，力不足（suffice）时，需要足够的（sufficient）支撑（sustain），但怀疑（suspicion）导致暂停（suspend）职务，最终汹涌的（surge）民意涌现，建议（suggestion）充分（sufficiently）表达。,sub-变体“下”多形，继承召唤压暂停，怀疑支撑涌足够。,successor to the throne 王位继承者 | suffice as an excuse 足够作为借口 | sufficient evidence 充分证据 | sufficiently prepared 充分准备 | put forward a suggestion 提出建议 | summon a meeting 召集会议 | suppress one's anger 压抑怒气 | suspend a license 吊销执照 | air suspension 空气悬挂 | above suspicion 无可怀疑 | suspicious behavior 可疑行为 | sustain the weight 支撑重量 | a surge of emotion 一阵激情,succeed v. 成功；继承 | submission n. 提交 | subordinate a. 下级的 | subsequent a. 随后的,suppress: vt. 抑制；镇压；废止 | suspend: vt. 延缓，推迟；使暂停；使悬浮vi. 悬浮；禁赛 | suspension: n. 悬浮；暂停；停职
O1817,surely,1,surely,0,,1,surely,D1794,kept,,,,,,,surely: adv. 当然；无疑；坚定地；稳当地
O1818,surge,1,surge,0,,1,surge,D1785,split_large_group,surge = rise suddenly,浪涌/激增单独画面更强。,君主继承者（successor）被召唤（summon）去镇压（suppress）叛乱，力不足（suffice）时，需要足够的（sufficient）支撑（sustain），但怀疑（suspicion）导致暂停（suspend）职务，最终汹涌的（surge）民意涌现，建议（suggestion）充分（sufficiently）表达。,sub-变体“下”多形，继承召唤压暂停，怀疑支撑涌足够。,successor to the throne 王位继承者 | suffice as an excuse 足够作为借口 | sufficient evidence 充分证据 | sufficiently prepared 充分准备 | put forward a suggestion 提出建议 | summon a meeting 召集会议 | suppress one's anger 压抑怒气 | suspend a license 吊销执照 | air suspension 空气悬挂 | above suspicion 无可怀疑 | suspicious behavior 可疑行为 | sustain the weight 支撑重量 | a surge of emotion 一阵激情,succeed v. 成功；继承 | submission n. 提交 | subordinate a. 下级的 | subsequent a. 随后的,surge: n. 汹涌；大浪，波涛；汹涌澎湃；巨涌v. 汹涌；起大浪，蜂拥而来
O1819,surgery,1,surgery,0,,1,surgery,D1795,kept,,,,,,,surgery: n. 外科；外科手术；手术室；诊疗室
O1820,surname,1,surname,0,,1,surname,D1793,split_large_group,sur- = over/additional name,姓氏是附加在名上的家族名。,想象一位‘超人’（supervisor）站在超市（supermarket）上空盘旋，他进行监督（supervise），超越（surpass）音速（supersonic），俯瞰调查（survey）周围环境（surroundings），发现补充（supplement）的姓氏（surname）让人惊讶（surprise），最终他交出（surrender）自己的优越感（superiority），只在表面（superficial）上显得肤浅。,super-/sur- 前缀“超上外”，超市监管补充多。,superficial knowledge 肤浅知识 | sense of superiority 优越感 | supermarket chain 连锁超市 | supersonic aircraft 超音速飞机 | supervise a project 监督项目 | dietary supplement 膳食补充 | supplementary reading 补充阅读 | surpass expectations 超越期望 | surname and given name 姓氏和名字 | conduct a survey 进行调查 | surrender to the enemy 向敌人投降 | take sb by surprise 使某人大吃一惊 | surprising news 惊人的消息 | surroundings of a city 城市环境,superb a.极好的 | supreme a.最高的 | surface n.表面(也含 sur-),surname: n. 姓，姓氏；绰号，别名vt. 给…起别名；给…姓氏
O1821,surprise family,3,"surprise, surprising, surprisingly",1,surprised,4,"surprise, surprising, surprisingly, surprised",D1793,split_large_group,surprise -> surprising -> surprisingly,惊讶的词性链。,想象一位‘超人’（supervisor）站在超市（supermarket）上空盘旋，他进行监督（supervise），超越（surpass）音速（supersonic），俯瞰调查（survey）周围环境（surroundings），发现补充（supplement）的姓氏（surname）让人惊讶（surprise），最终他交出（surrender）自己的优越感（superiority），只在表面（superficial）上显得肤浅。,super-/sur- 前缀“超上外”，超市监管补充多。,superficial knowledge 肤浅知识 | sense of superiority 优越感 | supermarket chain 连锁超市 | supersonic aircraft 超音速飞机 | supervise a project 监督项目 | dietary supplement 膳食补充 | supplementary reading 补充阅读 | surpass expectations 超越期望 | surname and given name 姓氏和名字 | conduct a survey 进行调查 | surrender to the enemy 向敌人投降 | take sb by surprise 使某人大吃一惊 | surprising news 惊人的消息 | surroundings of a city 城市环境,superb a.极好的 | supreme a.最高的 | surface n.表面(也含 sur-),surprise: n. 惊奇，诧异；突然袭击vt. 使惊奇；奇袭adj. 令人惊讶的 | surprising: adj. 令人惊讶的；意外的v. 使惊奇；意外发现（surprise的ing形式） | surprisingly: adv. 惊人地；出人意料地
O1822,surrender,1,surrender,1,surrendered,2,"surrender, surrendered",D1793,split_large_group,surrender = give over,投降/交出，单独记。,想象一位‘超人’（supervisor）站在超市（supermarket）上空盘旋，他进行监督（supervise），超越（surpass）音速（supersonic），俯瞰调查（survey）周围环境（surroundings），发现补充（supplement）的姓氏（surname）让人惊讶（surprise），最终他交出（surrender）自己的优越感（superiority），只在表面（superficial）上显得肤浅。,super-/sur- 前缀“超上外”，超市监管补充多。,superficial knowledge 肤浅知识 | sense of superiority 优越感 | supermarket chain 连锁超市 | supersonic aircraft 超音速飞机 | supervise a project 监督项目 | dietary supplement 膳食补充 | supplementary reading 补充阅读 | surpass expectations 超越期望 | surname and given name 姓氏和名字 | conduct a survey 进行调查 | surrender to the enemy 向敌人投降 | take sb by surprise 使某人大吃一惊 | surprising news 惊人的消息 | surroundings of a city 城市环境,superb a.极好的 | supreme a.最高的 | surface n.表面(也含 sur-),surrender: vt. 使投降；放弃；交出；听任vi. 投降；屈服；自首n. 投降；放弃；交出；屈服
O1823,surround/survey,2,"surroundings, survey",1,surveyor,3,"surroundings, survey, surveyor",D1793,split_large_group,sur- = over/around,环绕环境和俯瞰调查可放在一个'从上环视'画面。,想象一位‘超人’（supervisor）站在超市（supermarket）上空盘旋，他进行监督（supervise），超越（surpass）音速（supersonic），俯瞰调查（survey）周围环境（surroundings），发现补充（supplement）的姓氏（surname）让人惊讶（surprise），最终他交出（surrender）自己的优越感（superiority），只在表面（superficial）上显得肤浅。,super-/sur- 前缀“超上外”，超市监管补充多。,superficial knowledge 肤浅知识 | sense of superiority 优越感 | supermarket chain 连锁超市 | supersonic aircraft 超音速飞机 | supervise a project 监督项目 | dietary supplement 膳食补充 | supplementary reading 补充阅读 | surpass expectations 超越期望 | surname and given name 姓氏和名字 | conduct a survey 进行调查 | surrender to the enemy 向敌人投降 | take sb by surprise 使某人大吃一惊 | surprising news 惊人的消息 | surroundings of a city 城市环境,superb a.极好的 | supreme a.最高的 | surface n.表面(也含 sur-),surroundings: n. 环境；周围的事物 | survey: n. 调查；测量；审视；纵览vt. 调查；勘测；俯瞰vi. 测量土地
O1824,susceptible,1,susceptible,0,,1,susceptible,D1796,kept,,,,,,,susceptible: adj. 易受影响的；易感动的；容许……的n. 易得病的人
O1825,suspicion family,2,"suspicion, suspicious",1,suspiciously,3,"suspicion, suspicious, suspiciously",D1785,split_large_group,suspicion -> suspicious,名词和形容词直接派生。,君主继承者（successor）被召唤（summon）去镇压（suppress）叛乱，力不足（suffice）时，需要足够的（sufficient）支撑（sustain），但怀疑（suspicion）导致暂停（suspend）职务，最终汹涌的（surge）民意涌现，建议（suggestion）充分（sufficiently）表达。,sub-变体“下”多形，继承召唤压暂停，怀疑支撑涌足够。,successor to the throne 王位继承者 | suffice as an excuse 足够作为借口 | sufficient evidence 充分证据 | sufficiently prepared 充分准备 | put forward a suggestion 提出建议 | summon a meeting 召集会议 | suppress one's anger 压抑怒气 | suspend a license 吊销执照 | air suspension 空气悬挂 | above suspicion 无可怀疑 | suspicious behavior 可疑行为 | sustain the weight 支撑重量 | a surge of emotion 一阵激情,succeed v. 成功；继承 | submission n. 提交 | subordinate a. 下级的 | subsequent a. 随后的,suspicion: n. 怀疑；嫌疑；疑心；一点儿vt. 怀疑 | suspicious: adj. 可疑的；怀疑的；多疑的
O1826,sustain,1,sustain,2,"sustainable, sustainability",3,"sustain, sustainable, sustainability",D1785,split_large_group,sustain = hold up/support,维持、支撑，单独画面更清楚。,君主继承者（successor）被召唤（summon）去镇压（suppress）叛乱，力不足（suffice）时，需要足够的（sufficient）支撑（sustain），但怀疑（suspicion）导致暂停（suspend）职务，最终汹涌的（surge）民意涌现，建议（suggestion）充分（sufficiently）表达。,sub-变体“下”多形，继承召唤压暂停，怀疑支撑涌足够。,successor to the throne 王位继承者 | suffice as an excuse 足够作为借口 | sufficient evidence 充分证据 | sufficiently prepared 充分准备 | put forward a suggestion 提出建议 | summon a meeting 召集会议 | suppress one's anger 压抑怒气 | suspend a license 吊销执照 | air suspension 空气悬挂 | above suspicion 无可怀疑 | suspicious behavior 可疑行为 | sustain the weight 支撑重量 | a surge of emotion 一阵激情,succeed v. 成功；继承 | submission n. 提交 | subordinate a. 下级的 | subsequent a. 随后的,sustain: vt. 维持；支撑，承担；忍受；供养；证实
O1827,swamp,1,swamp,0,,1,swamp,D1797,kept,,,,,,,"swamp: n.沼泽,湿地,煤层聚水v.陷入沼泽,淹没,覆没"
O1828,swan,1,swan,0,,1,swan,D1798,kept,,,,,,,swan: n. 天鹅；天鹅星座vi. 游荡，闲荡n. (Swan)人名；(英、芬、德)斯旺
O1829,swarm,1,swarm,0,,1,swarm,D1799,kept,,,,,,,swarm: n. 一大群；蜂群；人群；一大群小型天体同时在空中出现v. 成群来回移动；蜂拥而至；挤满；爬；（蜜蜂）成群飞离蜂巢
O1830,sway,1,sway,0,,1,sway,D1800,kept,,,,,,,sway: vt. 影响；统治；使摇动vi. 影响；摇摆n. 影响；摇摆；统治n. (Sway)人名；(以)斯韦
O1831,synthesis,6,"symmetry, sympathetic, sympathize, symposium, synthesis, synthetic",0,,6,"symmetry, sympathetic, sympathize, symposium, synthesis, synthetic",D1801,kept,syn-（一起）+ thesis（放置）→ 综合,synthesis是综合/合成，synthetic是合成的。,在化学实验室，通过合成(synthesis)方法制造合成(synthetic)材料。,通过综合方法制成合成物,protein synthesis - 蛋白质合成 | synthetic fiber - 合成纤维 | synthetic smile - 假笑（合成笑容）,synthetic有‘人造的，虚假的’含义。,symmetry: n. 对称（性）；整齐，匀称 | sympathetic: adj. 同情的；交感神经的；共鸣的；赞同的；和谐的；合意的n. 交感神经；容易感受的人 | sympathize: vi. 同情，怜悯；支持 | symposium: n. 讨论会，座谈会；专题论文集；酒宴，宴会 | synthesis: n. 综合，[化学] 合成；综合体 | synthetic: adj. 综合的；合成的，人造的n. 合成物
O1832,tablet,1,tablet,0,,1,tablet,D1802,kept,,,,,,,tablet: n. 碑；药片；写字板；小块；平板电脑vt. 用碑牌纪念；将(备忘录等)写在板上；将…制成小片或小块
O1833,tackle,1,tackle,0,,1,tackle,D1803,kept,,,,,,,"tackle: n.工具,复滑车,滑车,用具,装备,扭倒vt.固定,应付(难事等),处理,解决,抓住vi.捉住,扭住,扭倒"
O1834,tactics,1,tactics,0,,1,tactics,D1804,kept,,,,,,,tactics: n. 策略；战术；用兵学
O1835,tag,1,tag,0,,1,tag,D1805,kept,,,,,,,tag: n. 标签；名称；结束语；附属物vt. 给……加上标签；尾随，紧随；连接；起浑名vi. 紧随n. （Tag） 塔（人名）
O1836,tame,1,tame,0,,1,tame,D1806,kept,,,,,,,tame: adj. 驯服的；平淡的；乏味的；顺从的vt. 驯养；使变得平淡；制服vi. 变得驯服n. (Tame)人名；(捷)塔梅
O1837,tan,1,tan,0,,1,tan,D1807,kept,,,,,,,"tan: n.日晒后的颜色,棕褐色,茶色adj.棕褐色的,茶色v.晒黑,晒成褐色"
O1838,tangle,1,tangle,0,,1,tangle,D1808,kept,,,,,,,tangle: v. （使）缠结在一起；（使）乱成一团；处于混乱状态；（和……）争吵；打架n. 缠结；混乱，纷乱；争吵；打架；大型棕色海藻（尤指昆布）
O1839,tar,1,tar,0,,1,tar,D1809,kept,,,,,,,tar: n. 焦油；柏油；水手vt. 涂以焦油；玷污n. (Tar)人名；(东南亚国家华语)大；(罗、塞、匈、阿拉伯)塔尔
O1840,tariff,1,tariff,0,,1,tariff,D1810,kept,,,,,,,tariff: n. 关税表；收费表vt. 定税率；征收关税
O1841,teaching,1,teaching,0,,1,teaching,D1811,kept,,,,,,,teaching: n. 教学；教义v. 教学；教导（teach的ing形式）
O1842,technology,4,"technical, technician, technique, technology",0,,4,"technical, technician, technique, technology",D1812,kept,techn-（技艺）,这些词共享词根techn，与技艺、技术相关。,想象一个技术(technology)专家(technician)用各种技巧(technique)解决技术(technical)问题。,技术员用技巧处理技术问题,technical support - 技术支持 | lab technician - 实验室技术员 | an innovative technique - 创新技术 | information technology - 信息技术,注意technique是可数名词，表示具体技巧；technology是不可数名词，总称技术。,technical: adj. 工艺的，科技的；技术上的；专门的 | technician: n. 技师，技术员；技巧纯熟的人 | technique: n. 技巧，技术；手法 | technology: n. 技术；工艺；术语
O1843,tedious,1,tedious,0,,1,tedious,D1813,kept,,,,,,,tedious: adj. 沉闷的；冗长乏味的
O1844,television,2,"telegram, television",0,,2,"telegram, television",D1814,kept,tele-（远）,telegram电报（远距离书写），television电视（远距离影像），均含前缀tele-。,过去人们用电报(telegram)传递消息，现在用电视(television)看远程节目。,远程电报和电视,send a telegram - 发电报 | watch television - 看电视,tele-前缀表示‘远’，如telephone电话（远距离声音）。,telegram: n. 电报vt. 用电报发送vi. 发电报 | television: n. 电视，电视机；电视业
O1845,temper,2,"temper, temperament",0,,2,"temper, temperament",D1815,kept,temper-（调节，混合）,temper脾气，temperament气质，都指人的性格特征。,一个人的脾气(temper)和气质(temperament)密切相关。,脾气和气质构成个性,lose one's temper - 发脾气 | artistic temperament - 艺术气质,temperament更偏天生秉性，temper多指一时情绪。,temper: n. 脾气；（钢等）回火；性情；倾向vt. 使回火；锻炼；调和；使缓和vi. 回火；调和 | temperament: n. 气质，性情，性格；急躁
O1846,temporary,2,"tempo, temporary",0,,2,"tempo, temporary",D1816,kept,tempor-（时间）,tempo速度（源自时间），temporary暂时的。,音乐节奏(tempo)可以加快或减慢，这种变化是暂时(temporary)的。,暂时改变速度,the tempo of life - 生活节奏 | temporary job - 临时工作,注意temporary与contemporary（同时代的）区分。,tempo: n. 速度，发展速度；拍子n. (Tempo)人名；(意)滕波 | temporary: adj. 暂时的，临时的n. 临时工，临时雇员
O1847,tempt,2,"tempt, temptation",0,,2,"tempt, temptation",D1817,kept,tempt-（尝试，诱惑）,temptation是tempt的名词形式，诱惑。,面对诱惑(temptation)，他努力抵抗不被引诱(tempt)。,抵抗诱惑，不被引诱,be tempted to do - 被引诱做某事 | resist temptation - 抵制诱惑,tempt也可表示‘使感兴趣’，如I'm tempted to try.,tempt: vt. 诱惑；引起；冒…的风险；使感兴趣 | temptation: n. 引诱；诱惑物
O1848,tenant,1,tenant,0,,1,tenant,D1818,kept,,,,,,,tenant: n. 承租人；房客；佃户；居住者vt. 租借（常用于被动语态）n. (Tenant)人名；(法)特南
O1849,tender,1,tender,0,,1,tender,D1819,kept,,,,,,,"tender: adj.嫩的,温柔的,软弱的"
O1850,tentative,1,tentative,0,,1,tentative,D1820,kept,,,,,,,tentative: adj. 试验性的，暂定的；踌躇的n. 假设，试验
O1851,tenth,1,tenth,0,,1,tenth,D1821,kept,,,,,,,tenth: num. 第十n. 第十个；十分之一；十度音adj. 第十个的；十分之一的
O1852,terminate,1,terminate,0,,1,terminate,D1822,kept,,,,,,,terminate: vt. 使终止；使结束；解雇vi. 结束，终止；结果adj. 结束的
O1853,territory,3,"terrace, terrain, territory",0,,3,"terrace, terrain, territory",D1823,kept,terr-（土地）,三词都与土地相关：terrace梯田/平台，terrain地形，territory领土。,在一个国家领土(territory)上，有各种地形(terrain)，人们开辟了梯田(terrace)。,领土内的梯田地形,rice terrace - 梯田 | rough terrain - 崎岖地形 | defend one's territory - 保卫领土,区分terr-的另一个含义：惊吓（如terrify）。,terrace: n. 平台；梯田；阳台vt. 使成梯田，使成阶地；使有平台屋顶vi. 成阶地；成梯田；筑成坛adj. （女服）叠层式的n. (Terrace)人名；(英)特勒斯 | terrain: n. [地理] 地形，地势；领域；地带 | territory: n. 领土，领域；范围；地域；版图
O1854,terrify,2,"terrific, terrify",0,,2,"terrific, terrify",D1824,kept,terr-（惊吓）,terrific原义‘可怕的’，现多指‘极好的’；terrify使恐怖。词根terr-表示惊吓。,恐怖电影(terrifying movie)的特效很极好(terrific)但吓人(terrify)。,极好的恐怖片令人害怕,a terrific speed - 极快的速度 | be terrified of spiders - 害怕蜘蛛,terrific在口语中常表示‘极好的’，但在正式语境可能保留‘可怕的’意思。,terrific: adj. 极好的；极其的，非常的；可怕的 | terrify: vt. 恐吓；使恐怖；使害怕
O1855,testify,2,"testify, testimony",0,,2,"testify, testimony",D1825,kept,test-（证人）,testify作证（动词），testimony证词（名词）。,目击者在法庭作证(testify)，提供证词(testimony)。,证人作证提供证词,testify under oath - 宣誓作证 | give testimony - 提供证词 | expert testimony - 专家证词,testimony一般为不可数，其复数形式为testimonies。,testify: vt. 证明，证实；作证vi. 作证；证明 | testimony: n. [法] 证词，证言；证据
O1856,textile,2,"textile, texture",0,,2,"textile, texture",D1826,kept,text- 编织（拉丁语texere）,textile纺织品，texture质地纹理，均源于编织概念,这件纺织品(textile)的质地(texture)很柔软,纺织(textile)物有其纹理(texture),textile industry 纺织工业 | smooth texture 光滑质地,fabric 织物 | weave 编织,textile: n. 纺织品，织物adj. 纺织的 | texture: n. 质地；纹理；结构；本质，实质vt. 使具有浮凸纹理；使质地不平
O1857,thanksgiving,1,thanksgiving,0,,1,thanksgiving,D1827,kept,,,,,,,thanksgiving: n. 感恩
O1858,theory,3,"theoretical, theory, thesis",0,,3,"theoretical, theory, thesis",D1828,kept,the-/thes- 来自希腊语“看、放置”，引申为观点、命题,theory是理论，theoretical是理论的，thesis是论文论点，三者环环相扣,学者构建理论(theory)指导论点(thesis)，撰写理论性(theoretical)论文,理论(theory)指导论点(thesis)，形成理论性(theoretical)框架,in theory 理论上 | theoretical basis 理论基础 | thesis defense 论文答辩,hypothesis 假设 | abstract 摘要,theoretical: adj. 理论的；理论上的；假设的；推理的 | theory: n. 理论；原理；学说；推测 | thesis: n. 论文；论点
O1859,therapy,1,therapy,0,,1,therapy,D1829,kept,,,,,,,therapy: n. 治疗，疗法
O1860,thereafter,2,"thereafter, thereby",0,,2,"thereafter, thereby",D1830,kept,there + 介词，构成复合副词,都是正式连接副词，thereafter其后，thereby因此,合同签署之后(thereafter)，双方因此(thereby)受约束,其后(thereafter)因此(thereby)，都是there开头连词,thereafter known as 此后被称为 | thereby reducing 从而减少,henceforth 从今以后 | thus 因此,thereafter: adv. 其后；从那时以后 | thereby: adv. 从而，因此；在那附近；在那方面
O1861,thermal,2,"thermal, thermometer",0,,2,"thermal, thermometer",D1831,kept,therm- 热,都与热相关，thermal热的，thermometer温度计,温度计(thermometer)测量物体的热(thermal)度,热的(thermal)东西用温度计(thermometer)量,thermal energy 热能 | digital thermometer 数字温度计,temperature 温度 | heat 热,thermal: adj. 热的；热量的；保热的n. 上升的热气流 | thermometer: n. 温度计；体温计
O1862,thickness,1,thickness,0,,1,thickness,D1832,kept,,,,,,,thickness: n. 厚度；层；浓度；含混不清
O1863,thirdly,1,thirdly,0,,1,thirdly,D1833,kept,,,,,,,thirdly: adv. 第三
O1864,thorn,1,thorn,0,,1,thorn,D1834,kept,,,,,,,thorn: n. 刺；荆棘n. （Thorn）（英、法、德、丹、瑞典）托恩（人名）
O1865,thoughtful,1,thoughtful,0,,1,thoughtful,D1835,kept,,,,,,,thoughtful: adj. 深思的；体贴的；关切的
O1866,threat,2,"threat, threaten",0,,2,"threat, threaten",D1836,kept,threat- 威胁，名词加-en转为动词,名词威胁与动词威胁，词性对应,坏人发出威胁(threat)并恐吓(threaten)你,名词威胁(threat)加-en变动词威胁(threaten),pose a threat 构成威胁 | threaten to do 威胁要做某事,intimidate 恐吓 | menace 威胁,threat: n. 威胁，恐吓；凶兆 | threaten: vt. 威胁；恐吓；预示vi. 威胁；可能来临
O1867,threshold,1,threshold,0,,1,threshold,D1837,kept,,,,,,,threshold: n. 入口；门槛；开始；极限；临界值
O1868,thrive,1,thrive,0,,1,thrive,D1838,kept,,,,,,,thrive: vi. 繁荣，兴旺；茁壮成长
O1869,throne,1,throne,0,,1,throne,D1839,kept,,,,,,,throne: n. 王座；君主；王权vi. 登上王座vt. 使登王位n. (Throne)人名；(瑞典)特罗内；(英)特罗恩
O1870,throng,1,throng,0,,1,throng,D1840,kept,,,,,,,throng: n. 人群；众多vt. 群集；挤满vi. 蜂拥而至；群集adj. 拥挤的
O1871,thrust,1,thrust,0,,1,thrust,D1841,kept,,,,,,,thrust: v. 插；插入；推挤；插入；用向某人刺去；猛然或用力推；伸展；强使接受；竖起，挺出n. 推力；刺；要旨，重点；强攻；冲断层，逆断层；苛评
O1872,thumb,2,"thumb, toe",0,,2,"thumb, toe",D1842,kept,无特定词根，身体部位成对记忆,拇指与脚趾，肢体末端对照，常一起学习,竖起拇指(thumb)点赞，踮起脚趾(toe)平衡,手指(thumb)和脚趾(toe)，从头到脚,rule of thumb 经验法则 | toe the line 听从命令,finger 手指 | ankle 脚踝,thumb: n. 拇指；（手套的）拇指部分v. 翻阅；以拇指拨弄；作搭车手势 | toe: n. 脚趾；足尖vt. 用脚尖走；以趾踏触vi. 动脚尖；用足尖跳舞n. (Toe)人名；(布基)托埃；(缅)梭；(朝)堆；(日)土江 (姓)
O1873,tide,1,tide,0,,1,tide,D1843,kept,,,,,,,tide: n. 趋势，潮流；潮汐vt. 随潮漂流
O1874,tile,1,tile,0,,1,tile,D1844,kept,,,,,,,tile: n. 瓷砖，瓦片vt. 铺以瓦；铺以瓷砖n. (Tile)人名；(俄、塞、萨摩)蒂勒
O1875,tilt,1,tilt,0,,1,tilt,D1845,kept,,,,,,,tilt: v. 倾斜，翘起；俯仰（摄影机）；以言词或文字抨击n. 倾斜；（意欲赢得某物或战胜某人的）企图，尝试n. (Tilt) （美、英）蒂尔特（人名）
O1876,timber,1,timber,0,,1,timber,D1846,kept,,,,,,,timber: n. 木材；木料n. (Timber)人名；(瑞典)廷贝尔
O1877,timely,2,"timely, timetable",0,,2,"timely, timetable",D1847,kept,time 时间,timely及时的，timetable时间表，均含time表示时间,按照时间表(timetable)及时地(timely)完成任务,及时(timely)查时间表(timetable),timely manner 及时的方式 | school timetable 课程表,schedule 时间表 | punctual 准时的,timely: adj. 及时的；适时的adv. 及时地；早 | timetable: n. 时间表；时刻表；课程表
O1878,timid,1,timid,0,,1,timid,D1848,kept,,,,,,,timid: adj. 胆小的；羞怯的
O1879,token,1,token,0,,1,token,D1849,kept,,,,,,,"token: n.表示,向征,记号,代币adj.象征的,表意的"
O1880,tolerate,3,"tolerance, tolerant, tolerate",0,,3,"tolerance, tolerant, tolerate",D1850,kept,toler- 忍受，衍生为宽容,动词忍受派生出名词宽容和形容词宽容的,一个人容忍(tolerate)久了便有耐力(tolerance)，变得宽容(tolerant),忍受(tolerate)久了就有耐力(tolerance)，变得宽容(tolerant),tolerate pain 忍受疼痛 | show tolerance 表现出宽容 | tolerant attitude 宽容的态度,endure 忍耐 | bear 承受,tolerance: n. 宽容，容忍；耐力；公差 | tolerant: adj. 宽容的；容忍的；有耐药力的 | tolerate: vt. 忍受；默许；宽恕
O1881,tone,1,tone,0,,1,tone,D1851,kept,,,,,,,tone: n. 语气；色调；音调；音色vt. 增强；用某种调子说vi. 颜色调和；呈现悦目色调n. (Tone)人名；(罗、塞、乍)托内；(英)托恩
O1882,torch,1,torch,0,,1,torch,D1852,kept,,,,,,,torch: n. 火把，火炬；手电筒；启发之物vi. 像火炬一样燃烧vt. 用火炬点燃
O1883,torrent,1,torrent,0,,1,torrent,D1853,kept,,,,,,,torrent: n. 奔流；倾注；迸发；连续不断；急流，激流；（话语、感情的）迸发n. (Torrent) （西、法、美等）托伦特（人名）
O1884,tortoise,1,tortoise,0,,1,tortoise,D1854,kept,,,,,,,tortoise: n. 龟，[脊椎] 乌龟（等于testudo）；迟缓的人
O1885,torture,1,torture,0,,1,torture,D1855,kept,,,,,,,torture: n. 折磨；拷问；歪曲v. 折磨；拷问；歪曲
O1886,toss,1,toss,0,,1,toss,D1856,kept,,,,,,,"toss: v.投,掷"
O1887,tourist,1,tourist,0,,1,tourist,D1857,kept,,,,,,,tourist: n. 旅行者，观光客adj. 旅游的vt. 在旅行参观vi. 旅游；观光adv. 坐旅游车厢；坐经济舱
O1888,tow,2,"tow, tug",0,,2,"tow, tug",D1858,kept,tow (古英语 togian “拖”)，tug (古英语 togian 的变体)，同源近义,tow和tug均表示拖、拉，常常对比记忆。tow用于用绳索拖行，tug强调用力地猛地拉。,卡车坏在路上，救援车用绳索拖(tow)它；一个小孩用力拉(tug)妈妈的衣角。,Tow绳拖，tug猛拽。,tow a car - 拖车 | tug of war - 拔河 | give a tug - 拉一下,"近义词：drag, haul, pull",tow: v. 拖；牵引；拽n. 拖；麻的粗纤维；拖具n. (Tow) （美、新加坡、马来西亚）道（人名） | tug: v. （用力地）拉，拖；（迅速地）穿衣服；较量；用拖船拖；竞争；努力做n. 拖船；拖曳；苦干；一股强烈的感情；（系在马鞍上的）圆环
O1889,tract,3,"trace, tract, trail",0,,3,"trace, tract, trail",D1859,kept,"tract = draw, pull",这三个词都与拉丁词根tract（拉、拖）有关：trace是追踪痕迹（拖出来的），tract是拉长的一片区域或小册子（拉长的纸），trail是拖、蔓延。,侦探沿着踪迹(trace)，走在广阔地带(tract)，拖着一路痕迹(trail)。,拖拉(tract)出踪迹(trace)和拖行痕迹(trail)。,trace the origin - 追踪起源 | a tract of land - 大片土地 | follow the trail - 沿着小径,"延伸记忆: attract(吸引), extract(抽出), contract(合同)等","trace: n.痕迹,踪迹,微量,迹线,缰绳vt.描绘,映描,画轮廓,追踪,回溯,探索vi.上溯,沿路走 | tract: n. 束；大片土地，地带；小册子n. (Tract)人名；(英)特拉克特 | trail: n.踪迹,痕迹,形迹vt.跟踪,追踪,拉,拖,拖拉,(指植物)蔓生,蔓延,(指人)没精打采地走"
O1890,tradition,3,"tradition, traitor, treason",0,,3,"tradition, traitor, treason",D1860,kept,"trad- = deliver, hand over",同源词：tradition是代代相传(交付)的传统；traitor是把秘密交付给敌人的叛徒；treason是叛国罪行。,叛徒(traitor)犯下叛国罪(treason)，抛弃了国家传统(tradition)。,交付(trad-)传统是继承，交付给敌人是叛徒(traitor)和叛国(treason)。,cultural tradition - 文化传统 | brand sb as a traitor - 把某人称为叛徒 | commit treason - 犯叛国罪,"辨析：betray, treachery",tradition: n. 惯例，传统；传说 | traitor: n. 叛徒；卖国贼；背信弃义的人 | treason: n. [法] 叛国罪；不忠
O1891,tragedy,2,"tragedy, tragic",0,,2,"tragedy, tragic",D1861,kept,trag- 悲剧（希腊语山羊之歌）,名词悲剧和形容词悲剧的，词性转化,一场车祸是悲剧(tragedy)，场面非常悲惨(tragic),名词悲剧(tragedy)结尾-dy，形容词悲剧的(tragic)结尾-ic,Shakespearean tragedy 莎士比亚悲剧 | tragic accident 不幸的事故,comedy 喜剧 | misfortune 不幸,tragedy: n. 悲剧；灾难；惨案 | tragic: adj. 悲剧的；悲痛的，不幸的
O1892,trait,1,trait,0,,1,trait,D1862,kept,,,,,,,trait: n. 特性，特点；品质；少许n. （Trait）（美、法）特雷（人名）
O1893,tramp,1,tramp,0,,1,tramp,D1863,kept,,,,,,,"tramp: v.重步行走,踏,践,践踏"
O1894,trans-send/carry,4,"transaction, transfer, transmission, transmit",2,"transact, transmissive",6,"transaction, transfer, transmission, transmit, transact, transmissive",D1864,split_large_group,trans- = across + carry/send/do,都表示跨越后把东西送过去或完成交易。,想象一个具有穿越能力的间谍：他通过交易(transaction)获得装备，超越(transcend)极限，瞬移(transfer)，变形(transformation)，使用变压器(transformer)，短暂隐身(transient)，带晶体管收音机(transistor)，过境(transit)无阻，成功过渡(transition)，破译翻译(translate)信息，进行传输(transmission)和传送(transmit)，保持透明(transparent)，移植(transplant)器官，利用运输(transportation)逃脱，最终横越(traverse)沙漠。,Trans-间谍横穿(trans-)一切：交易、超越、转移、变形、传输、透明、移植、运输、横穿。,conduct a transaction - 进行交易 | transcend boundaries - 超越界限 | wire transfer - 电汇 | undergo a transformation - 经历转变 | power transformer - 电力变压器 | a transient guest - 临时旅客 | transistor radio - 晶体管收音机 | mass transit - 公共交通 | smooth transition - 平稳过渡 | translate a document - 翻译文件 | lost in translation - 翻译中丢失的意味 | data transmission - 数据传输 | transmit a signal - 发射信号 | transparent glass - 透明玻璃 | organ transplant - 器官移植 | public transportation - 公共交通 | traverse the desert - 横穿沙漠,注意transistor是transfer+resistor合成；transient短暂的vs transit运输；traverse较正式。建议系统学习trans-前缀词语。,"transaction: n. 交易；事务；办理；会报，学报 | transfer: n.迁移,移动,传递,转移,调任,转帐,过户,转让vt.转移,调转,调任,传递,转让,改变vi.转移,转学,换车 | transmission: n. 传动装置，[机] 变速器；传递；传送；播送 | transmit: vt. 传输；传播；发射；传达；遗传vi. 传输；发射信号"
O1895,trans-beyond/through,3,"transcend, transparent, transplant",5,"transcendent, transcendence, transparency, transparently, transplantation",8,"transcend, transparent, transplant, transcendent, transcendence, transparency, transparently, transplantation",D1864,split_large_group,trans- = beyond/through/across,超越、透明、移植都表现'穿过边界'。,想象一个具有穿越能力的间谍：他通过交易(transaction)获得装备，超越(transcend)极限，瞬移(transfer)，变形(transformation)，使用变压器(transformer)，短暂隐身(transient)，带晶体管收音机(transistor)，过境(transit)无阻，成功过渡(transition)，破译翻译(translate)信息，进行传输(transmission)和传送(transmit)，保持透明(transparent)，移植(transplant)器官，利用运输(transportation)逃脱，最终横越(traverse)沙漠。,Trans-间谍横穿(trans-)一切：交易、超越、转移、变形、传输、透明、移植、运输、横穿。,conduct a transaction - 进行交易 | transcend boundaries - 超越界限 | wire transfer - 电汇 | undergo a transformation - 经历转变 | power transformer - 电力变压器 | a transient guest - 临时旅客 | transistor radio - 晶体管收音机 | mass transit - 公共交通 | smooth transition - 平稳过渡 | translate a document - 翻译文件 | lost in translation - 翻译中丢失的意味 | data transmission - 数据传输 | transmit a signal - 发射信号 | transparent glass - 透明玻璃 | organ transplant - 器官移植 | public transportation - 公共交通 | traverse the desert - 横穿沙漠,注意transistor是transfer+resistor合成；transient短暂的vs transit运输；traverse较正式。建议系统学习trans-前缀词语。,transcend: vt. 胜过，超越 | transparent: adj. 透明的；显然的；坦率的；易懂的 | transplant: v. 移植；移栽；使移居n. 移植；移植器官；被移植物；移居者
O1896,transform family,2,"transformation, transformer",1,transform,3,"transformation, transformer, transform",D1864,split_large_group,transform -> transformation/transformer,改变形态和变压器直接成组。,想象一个具有穿越能力的间谍：他通过交易(transaction)获得装备，超越(transcend)极限，瞬移(transfer)，变形(transformation)，使用变压器(transformer)，短暂隐身(transient)，带晶体管收音机(transistor)，过境(transit)无阻，成功过渡(transition)，破译翻译(translate)信息，进行传输(transmission)和传送(transmit)，保持透明(transparent)，移植(transplant)器官，利用运输(transportation)逃脱，最终横越(traverse)沙漠。,Trans-间谍横穿(trans-)一切：交易、超越、转移、变形、传输、透明、移植、运输、横穿。,conduct a transaction - 进行交易 | transcend boundaries - 超越界限 | wire transfer - 电汇 | undergo a transformation - 经历转变 | power transformer - 电力变压器 | a transient guest - 临时旅客 | transistor radio - 晶体管收音机 | mass transit - 公共交通 | smooth transition - 平稳过渡 | translate a document - 翻译文件 | lost in translation - 翻译中丢失的意味 | data transmission - 数据传输 | transmit a signal - 发射信号 | transparent glass - 透明玻璃 | organ transplant - 器官移植 | public transportation - 公共交通 | traverse the desert - 横穿沙漠,注意transistor是transfer+resistor合成；transient短暂的vs transit运输；traverse较正式。建议系统学习trans-前缀词语。,transformation: n. [遗] 转化；转换；改革；变形 | transformer: n. [电] 变压器；促使变化的人
O1897,transit/transport,5,"transient, transit, transition, transportation, traverse",2,"transience, transitional",7,"transient, transit, transition, transportation, traverse, transience, transitional",D1864,split_large_group,"trans- = across, through",穿过、过渡、运输、横越，都是移动画面。,想象一个具有穿越能力的间谍：他通过交易(transaction)获得装备，超越(transcend)极限，瞬移(transfer)，变形(transformation)，使用变压器(transformer)，短暂隐身(transient)，带晶体管收音机(transistor)，过境(transit)无阻，成功过渡(transition)，破译翻译(translate)信息，进行传输(transmission)和传送(transmit)，保持透明(transparent)，移植(transplant)器官，利用运输(transportation)逃脱，最终横越(traverse)沙漠。,Trans-间谍横穿(trans-)一切：交易、超越、转移、变形、传输、透明、移植、运输、横穿。,conduct a transaction - 进行交易 | transcend boundaries - 超越界限 | wire transfer - 电汇 | undergo a transformation - 经历转变 | power transformer - 电力变压器 | a transient guest - 临时旅客 | transistor radio - 晶体管收音机 | mass transit - 公共交通 | smooth transition - 平稳过渡 | translate a document - 翻译文件 | lost in translation - 翻译中丢失的意味 | data transmission - 数据传输 | transmit a signal - 发射信号 | transparent glass - 透明玻璃 | organ transplant - 器官移植 | public transportation - 公共交通 | traverse the desert - 横穿沙漠,注意transistor是transfer+resistor合成；transient短暂的vs transit运输；traverse较正式。建议系统学习trans-前缀词语。,"transient: adj. 短暂的；路过的n. 瞬变现象；过往旅客；候鸟 | transit: n.经过,通行,搬运,运输,运输线,转变vt.横越,通过,经过vi.通过n.[天] 中天,经纬仪 | transition: n. 过渡；转变；[分子生物] 转换；变调 | transportation: n. 运输；运输系统；运输工具；流放 | traverse: n.横贯,横断,横木,障碍,否认,反驳,(建筑)通廊vt.横过,穿过,经过,在...来回移动,反对,详细研究vi.横越,横断,旋转,来回移动adj.横断的,横的"
O1898,transistor,1,transistor,0,,1,transistor,D1864,split_large_group,transfer + resistor,晶体管词源较专门，单独记更准确。,想象一个具有穿越能力的间谍：他通过交易(transaction)获得装备，超越(transcend)极限，瞬移(transfer)，变形(transformation)，使用变压器(transformer)，短暂隐身(transient)，带晶体管收音机(transistor)，过境(transit)无阻，成功过渡(transition)，破译翻译(translate)信息，进行传输(transmission)和传送(transmit)，保持透明(transparent)，移植(transplant)器官，利用运输(transportation)逃脱，最终横越(traverse)沙漠。,Trans-间谍横穿(trans-)一切：交易、超越、转移、变形、传输、透明、移植、运输、横穿。,conduct a transaction - 进行交易 | transcend boundaries - 超越界限 | wire transfer - 电汇 | undergo a transformation - 经历转变 | power transformer - 电力变压器 | a transient guest - 临时旅客 | transistor radio - 晶体管收音机 | mass transit - 公共交通 | smooth transition - 平稳过渡 | translate a document - 翻译文件 | lost in translation - 翻译中丢失的意味 | data transmission - 数据传输 | transmit a signal - 发射信号 | transparent glass - 透明玻璃 | organ transplant - 器官移植 | public transportation - 公共交通 | traverse the desert - 横穿沙漠,注意transistor是transfer+resistor合成；transient短暂的vs transit运输；traverse较正式。建议系统学习trans-前缀词语。,transistor: n. 晶体管（收音机）
O1899,translate family,2,"translate, translation",1,translator,3,"translate, translation, translator",D1864,split_large_group,translate -> translation,翻译的动词和名词。,想象一个具有穿越能力的间谍：他通过交易(transaction)获得装备，超越(transcend)极限，瞬移(transfer)，变形(transformation)，使用变压器(transformer)，短暂隐身(transient)，带晶体管收音机(transistor)，过境(transit)无阻，成功过渡(transition)，破译翻译(translate)信息，进行传输(transmission)和传送(transmit)，保持透明(transparent)，移植(transplant)器官，利用运输(transportation)逃脱，最终横越(traverse)沙漠。,Trans-间谍横穿(trans-)一切：交易、超越、转移、变形、传输、透明、移植、运输、横穿。,conduct a transaction - 进行交易 | transcend boundaries - 超越界限 | wire transfer - 电汇 | undergo a transformation - 经历转变 | power transformer - 电力变压器 | a transient guest - 临时旅客 | transistor radio - 晶体管收音机 | mass transit - 公共交通 | smooth transition - 平稳过渡 | translate a document - 翻译文件 | lost in translation - 翻译中丢失的意味 | data transmission - 数据传输 | transmit a signal - 发射信号 | transparent glass - 透明玻璃 | organ transplant - 器官移植 | public transportation - 公共交通 | traverse the desert - 横穿沙漠,注意transistor是transfer+resistor合成；transient短暂的vs transit运输；traverse较正式。建议系统学习trans-前缀词语。,translate: vt. 翻译；转化；解释；转变为；调动vi. 翻译 | translation: n. 翻译；译文；转化；调任
O1900,tray,1,tray,0,,1,tray,D1865,kept,,,,,,,tray: n. 托盘；文件盒
O1901,treatment,2,"treatment, treaty",0,,2,"treatment, treaty",D1866,kept,"treat = handle, negotiate",treatment（处理，治疗）和treaty（条约）都源自动词treat，有处理、协商的意思。,外交官通过协商(treat)达成条约(treaty)，然后接受治疗(treatment)。,Treat一词：签署条约(treaty)后接受治疗(treatment)。,medical treatment - 医疗 | peace treaty - 和平条约,treat v. 对待；处理；款待,treatment: n. 治疗，疗法；处理；对待 | treaty: n. 条约，协议；谈判
O1902,tremble,2,"tremble, tremendous",0,,2,"tremble, tremendous",D1867,kept,trem- = tremble,tremble颤抖，tremendous巨大的（原义：令人颤抖的），同词根。,面对巨大的(tremendous)挑战，他全身颤抖(tremble)。,Trem-抖动：tremble是抖，tremendous是大到让人抖。,tremble with cold - 冷得发抖 | a tremendous achievement - 巨大的成就,相关词：tremor (n. 颤动),tremble: vi. 发抖；战栗；焦虑；摇晃vt. 使挥动；用颤抖的声音说出n. 颤抖；战栗；摇晃 | tremendous: adj. 极大的，巨大的；惊人的；极好的
O1903,trench,1,trench,0,,1,trench,D1868,kept,,,,,,,trench: n. 沟，沟渠；战壕；堑壕vt. 掘沟vi. 挖战壕；侵害n. (Trench)人名；(英、西)特伦奇
O1904,tribe,2,"tribe, tribute",0,,2,"tribe, tribute",D1869,kept,"trib- = tribe, give",部落(tribe)和贡品(tribute)同源，古代部落分配贡物。,部落(tribe)首领接受贡品(tribute)。,部落(tribe)纳贡(tribute)，同源同记。,native tribe - 土著部落 | pay tribute to - 向…致敬,tributary (adj. 进贡的，支流的),tribe: n. 部落；族；宗族；一伙n. (Tribe)人名；(英)特赖布 | tribute: n. 礼物；[税收] 贡物；颂词；（尤指对死者的）致敬，悼念，吊唁礼物
O1905,triple,3,"trifle, triple, trivial",0,,3,"trifle, triple, trivial",D1870,kept,tri- = three,triple是三倍；trivial原指三岔路口，引申为平凡的、琐碎的；trifle是琐事，微不足道。均含tri-。,三倍(triple)工资其实只是琐事(trifle)，生活就是这些trivial(琐碎的)细节。,Tri-(三)开头的词：三倍(triple)和琐碎(trivial/trifle来自三岔路口)。,triple the amount - 三倍金额 | trivial matters - 琐事 | a mere trifle - 区区小事,trifle也可作动词：to trifle with (轻视),trifle: n. 少量；琐事；不值钱的东西；屈莱弗甜食v. 轻浮地说（或做）；虚度，浪费；轻视 | triple: adj. 三倍的；三方的n. 三倍数；三个一组vi. 增至三倍vt. 使成三倍 | trivial: adj. 不重要的，琐碎的；琐细的
O1906,trigger,1,trigger,0,,1,trigger,D1871,kept,,,,,,,trigger: n. 扳机；起因，引起反应的事；触发器，引爆装置v. 触发，引起；开动（装置）n. (Trigger) 特里杰（人名）
O1907,trim,1,trim,0,,1,trim,D1872,kept,,,,,,,"trim: adj.整齐的,整洁的vt.整理,修整,装饰"
O1908,triumph,1,triumph,0,,1,triumph,D1873,kept,,,,,,,triumph: n. 胜利，凯旋；欢欣vi. 获得胜利，成功
O1909,tropical,1,tropical,0,,1,tropical,D1874,kept,,,,,,,tropical: adj. 热带的；热情的；酷热的
O1910,troublesome,1,troublesome,0,,1,troublesome,D1875,kept,,,,,,,troublesome: adj. 麻烦的；讨厌的；使人苦恼的
O1911,trumpet,1,trumpet,0,,1,trumpet,D1876,kept,,,,,,,trumpet: n. 喇叭；喇叭声vt. 吹喇叭；吹嘘vi. 吹喇叭；发出喇叭般的声音
O1912,tub,1,tub,0,,1,tub,D1877,kept,,,,,,,tub: n. 浴盆；桶vt. 把…装入桶；为…洗盆浴vi. 洗盆浴；（衣服等）被放在桶里洗
O1913,tuck,1,tuck,0,,1,tuck,D1878,kept,,,,,,,"tuck: n.缝摺,活力,鼓声,船尾突出部下方,食物(尤指点心、蛋糕)vt.打摺,卷起,挤进,塞,使隐藏vi.折成摺子,缩拢"
O1914,tuition,1,tuition,0,,1,tuition,D1879,kept,,,,,,,tuition: n. 学费；讲授
O1915,tumble,1,tumble,0,,1,tumble,D1880,kept,,,,,,,tumble: vi. 摔倒；倒塌；滚动；打滚；仓惶地行动vt. 使摔倒；使滚翻；弄乱n. 跌倒；翻筋斗；跌跤[ 过去式tumbled 过去分词tumbled 现在分词tumbling ]
O1916,tunnel,1,tunnel,0,,1,tunnel,D1881,kept,,,,,,,tunnel: n. 隧道；坑道；洞穴通道vt. 挖；在…打开通道；在…挖掘隧道vi. 挖掘隧道；打开通道
O1917,turbulent,2,"turbine, turbulent",0,,2,"turbine, turbulent",D1882,kept,词根 turb（扰乱）,turbine（涡轮机）因旋转搅动流体而得名，turbulent（动荡的）源自同一词根，都含“扰乱”意。,涡轮机（turbine）高速旋转造成气流混乱，天气变得动荡不安（turbulent）。,turb扰乱起波澜，涡轮旋转生湍流。,steam turbine - 蒸汽涡轮机 | turbulent weather - 恶劣天气,联想disturb（打扰）,turbine: n. [动力] 涡轮；[动力] 涡轮机 | turbulent: adj. 动荡的；湍流的；与紊流有关的
O1918,turning,2,"turning, turnover",0,,2,"turning, turnover",D1883,kept,词根 turn（转）,turning指转弯处，turnover指翻转、营业额，两者都来自turn（转动）的基本义。,在路的转弯处（turning），新开的店有很高的营业额（turnover），就像运气转了个弯。,turn是转，turning转弯 turnover翻；营业额好运转来。,turning point - 转折点 | annual turnover - 年营业额,结合记忆：turnover rate（周转率）,turning: n. 转向；旋转；回转；转弯处v. 旋转（turn的ing形式） | turnover: n. 翻覆；[贸易] 营业额；流通量；半圆卷饼；失误adj. 翻过来的；可翻转的
O1919,turnip,1,turnip,0,,1,turnip,D1884,kept,,,,,,,turnip: n. 萝卜；芜菁甘蓝，大头菜
O1920,twelfth,1,twelfth,0,,1,twelfth,D1885,kept,,,,,,,twelfth: adj. 第十二的，第十二个的；十二分之一的n. 第十二；月的第十二日
O1921,twinkle,1,twinkle,0,,1,twinkle,D1886,kept,,,,,,,twinkle: v. 闪烁；（眼睛）闪亮，闪闪发光；发亮；轻快移动n. （眼睛的）闪亮；欣喜的神情；闪烁
O1922,typewriter,2,"typewriter, typist",0,,2,"typewriter, typist",D1887,kept,词根 type-（打字）,typewriter（打字机）和typist（打字员）都与打字相关，属同一职业工具词族。,打字员（typist）熟练地敲击打字机（typewriter）键盘。,type打字，er人或机，打字员用打字机。,electric typewriter - 电动打字机 | skilled typist - 熟练的打字员,联想type（类型；打字）,typewriter: n. 打字机 | typist: n. 打字员，打字者
O1923,ultimate,2,"ultimate, ultimately",0,,2,"ultimate, ultimately",D1888,kept,词根 ultim-（最远的，最终）,ultimate和ultimately是形容词与副词关系，均表“最终”。,终极（ultimate）目标最终（ultimately）实现了。,ultim最远末端到，终极最终要记牢。,ultimate goal - 最终目标 | ultimately decide - 最终决定,关联记忆ultimatum（最后通牒）,ultimate: adj. 最终的；极限的；根本的n. 终极；根本；基本原则 | ultimately: adv. 最后；根本；基本上
O1924,ultraviolet,1,ultraviolet,0,,1,ultraviolet,D1889,kept,,,,,,,ultraviolet: adj. 紫外的；紫外线的n. 紫外线辐射，紫外光
O1925,unify,4,"unanimous, unify, unity, university",0,,4,"unanimous, unify, unity, university",D1890,kept,uni- = one 单一，统一,共享词根uni-，表示“合一”，从动词到名词到机构。,大学(university)作为一个整体，需要各院系团结(unity)致力于统一(unify)目标。,uni-单一：统一unify过程，达成团结unity，如同大学university成为整体。,unify the country - 统一国家 | national unity - 国家团结 | go to university - 上大学,union (联盟) | unique (独特的) | uniform (一致的),unanimous: adj. 全体一致的；意见一致的；无异议的 | unify: v. 整合，联合；统一，使成一体 | unity: n. 团结；一致；联合；个体n. (Unity)人名；(英)尤妮蒂 | university: n. 大学；综合性大学；大学校舍
O1926,un-comfort,3,"unbearable, uncomfortable, uneasy",0,,3,"unbearable, uncomfortable, uneasy",D1891,split_large_group,un- = not + comfort/ease/bear,都能画成难受、无法忍受。,想象一个人接连发生不幸：丢了钱包（unlucky），错过班车，真是令人遗憾（unfortunate），他无奈地说“Unfortunately...”,不幸的unfortunate，不幸地unfortunately，倒霉的unlucky，都因运气不佳。,"unfortunate accident - 不幸的事故 | unfortunately, ... - 不幸的是，... | unlucky day - 倒霉的一天",fortunate (幸运的) | luck (运气),unbearable: adj. 难以忍受的；承受不住的 | uncomfortable: adj. 不舒服的；不安的 | uneasy: adj. 不舒服的；心神不安的；不稳定的
O1927,un-conscious/reverse,2,"unconscious, uncover",0,,2,"unconscious, uncover",D1891,split_large_group,un- = not or reverse action,unconscious 是否定，uncover 是反向动作，放小组说明差异。,想象一个人接连发生不幸：丢了钱包（unlucky），错过班车，真是令人遗憾（unfortunate），他无奈地说“Unfortunately...”,不幸的unfortunate，不幸地unfortunately，倒霉的unlucky，都因运气不佳。,"unfortunate accident - 不幸的事故 | unfortunately, ... - 不幸的是，... | unlucky day - 倒霉的一天",fortunate (幸运的) | luck (运气),unconscious: adj. 无意识的；失去知觉的；不省人事的；未发觉的 | uncover: vt. 发现；揭开；揭露vi. 发现；揭示；揭去盖子
O1928,under-weakening,2,"underestimate, undermine",2,"estimation, undermining",4,"underestimate, undermine, estimation, undermining",D1892,split_large_group,under- = below/too little,低估和削弱都可画成从下面挖空。,一名本科生（undergraduate）在地铁（underground）里阅读，他划出（underline）重点，思考背后（underlying）深意，但不要低估（underestimate）考试难度，他必须经历（undergo）挑战，承担（undertake）责任，不要让自己被挖墙脚（undermine），最终完成事业（undertaking），这一切都隐藏在平凡生活之下（underneath）。,under-在下又不足，经历承担和破坏；本科地铁划重点，潜在低估别忘怀。,undergo an operation - 经历手术 | undergraduate student - 大学本科生 | underground station - 地铁站 | underline a sentence - 在句子下划线 | underlying cause - 根本原因 | undermine authority - 削弱权威 | underneath the surface - 在表面之下 | undertake a task - 承担任务 | undertaking a project - 从事项目 | underestimate the difficulty - 低估困难,辨析：under-与over-常为反义，如overestimate（高估）,underestimate: vt. 低估；看轻n. 低估 | undermine: vt. 破坏，渐渐破坏；挖掘地基
O1929,under-take/go,3,"undergo, undertake, undertaking",1,undertaken,4,"undergo, undertake, undertaking, undertaken",D1892,split_large_group,"under- = take on, go through",经历、承担、事业/任务是一条动作链。,一名本科生（undergraduate）在地铁（underground）里阅读，他划出（underline）重点，思考背后（underlying）深意，但不要低估（underestimate）考试难度，他必须经历（undergo）挑战，承担（undertake）责任，不要让自己被挖墙脚（undermine），最终完成事业（undertaking），这一切都隐藏在平凡生活之下（underneath）。,under-在下又不足，经历承担和破坏；本科地铁划重点，潜在低估别忘怀。,undergo an operation - 经历手术 | undergraduate student - 大学本科生 | underground station - 地铁站 | underline a sentence - 在句子下划线 | underlying cause - 根本原因 | undermine authority - 削弱权威 | underneath the surface - 在表面之下 | undertake a task - 承担任务 | undertaking a project - 从事项目 | underestimate the difficulty - 低估困难,辨析：under-与over-常为反义，如overestimate（高估）,undergo: vt. 经历，经受；忍受 | undertake: vt. 承担，保证；从事；同意；试图 | undertaking: n. 事业；企业；保证；殡仪业v. 同意；担任；许诺（undertake的ing形式）
O1930,undergraduate,1,undergraduate,0,,1,undergraduate,D1892,split_large_group,undergraduate = before graduate,本科生是未毕业阶段，单独记更清楚。,一名本科生（undergraduate）在地铁（underground）里阅读，他划出（underline）重点，思考背后（underlying）深意，但不要低估（underestimate）考试难度，他必须经历（undergo）挑战，承担（undertake）责任，不要让自己被挖墙脚（undermine），最终完成事业（undertaking），这一切都隐藏在平凡生活之下（underneath）。,under-在下又不足，经历承担和破坏；本科地铁划重点，潜在低估别忘怀。,undergo an operation - 经历手术 | undergraduate student - 大学本科生 | underground station - 地铁站 | underline a sentence - 在句子下划线 | underlying cause - 根本原因 | undermine authority - 削弱权威 | underneath the surface - 在表面之下 | undertake a task - 承担任务 | undertaking a project - 从事项目 | underestimate the difficulty - 低估困难,辨析：under-与over-常为反义，如overestimate（高估）,undergraduate: n. 大学本科生；大学肄业生adj. 大学本科生的；大学肄业生的
O1931,under-place,4,"underground, underline, underlying, underneath",0,,4,"underground, underline, underlying, underneath",D1892,split_large_group,under- = below,地下、下面、底层、下划线都是'在下'。,一名本科生（undergraduate）在地铁（underground）里阅读，他划出（underline）重点，思考背后（underlying）深意，但不要低估（underestimate）考试难度，他必须经历（undergo）挑战，承担（undertake）责任，不要让自己被挖墙脚（undermine），最终完成事业（undertaking），这一切都隐藏在平凡生活之下（underneath）。,under-在下又不足，经历承担和破坏；本科地铁划重点，潜在低估别忘怀。,undergo an operation - 经历手术 | undergraduate student - 大学本科生 | underground station - 地铁站 | underline a sentence - 在句子下划线 | underlying cause - 根本原因 | undermine authority - 削弱权威 | underneath the surface - 在表面之下 | undertake a task - 承担任务 | undertaking a project - 从事项目 | underestimate the difficulty - 低估困难,辨析：under-与over-常为反义，如overestimate（高估）,underground: adv. 在地下；秘密地adj. 位于地下的；地下的；先锋派的，急进探索的v. 铺（电缆）于地下n. 地铁；秘密政治组织 | underline: vt. 强调；在…下面划线；预告n. 下划线；下期节目预告 | underlying: adj. 潜在的；根本的；在下面的；优先的v. 放在…的下面；为…的基础；优先于（underlie的ing形式） | underneath: adv.在下面 prep.在...的下面
O1932,understanding,1,understanding,0,,1,understanding,D1893,kept,,,,,,,understanding: n. 谅解，理解；理解力；协议adj. 了解的；聪明的；有理解力的v. 理解；明白（understand的ing形式）
O1933,undoubtedly,1,undoubtedly,0,,1,undoubtedly,D1894,kept,,,,,,,undoubtedly: adv. 确实地，毋庸置疑地
O1934,unemployment,1,unemployment,0,,1,unemployment,D1895,kept,,,,,,,unemployment: n. 失业；失业率；失业人数
O1935,un-truth/justice/kindness,4,"unexpected, unjust, unkind, unlikely",1,expect,5,"unexpected, unjust, unkind, unlikely, expect",D1891,split_large_group,un- = not/opposite,非预期、不公、不友善、不可能，都是否定判断。,想象一个人接连发生不幸：丢了钱包（unlucky），错过班车，真是令人遗憾（unfortunate），他无奈地说“Unfortunately...”,不幸的unfortunate，不幸地unfortunately，倒霉的unlucky，都因运气不佳。,"unfortunate accident - 不幸的事故 | unfortunately, ... - 不幸的是，... | unlucky day - 倒霉的一天",fortunate (幸运的) | luck (运气),unexpected: adj. 意外的，想不到的 | unjust: adj. 不公平的，不公正的；非正义的 | unkind: adj. 不友善的，不亲切的；刻薄的；（天气）恶劣的 | unlikely: adj. 不太可能的；没希望的adv. 未必
O1936,un-fortune,3,"unfortunate, unfortunately, unlucky",1,fortune,4,"unfortunate, unfortunately, unlucky, fortune",D1891,split_large_group,un- = not + fortune/luck,倒霉、不幸一条线。,想象一个人接连发生不幸：丢了钱包（unlucky），错过班车，真是令人遗憾（unfortunate），他无奈地说“Unfortunately...”,不幸的unfortunate，不幸地unfortunately，倒霉的unlucky，都因运气不佳。,"unfortunate accident - 不幸的事故 | unfortunately, ... - 不幸的是，... | unlucky day - 倒霉的一天",fortunate (幸运的) | luck (运气),unfortunate: adj. 不幸的；令人遗憾的；不成功的 | unfortunately: adv. 不幸地 | unlucky: adj. 不幸的；倒霉的；不吉利的
O1937,unload,1,unload,0,,1,unload,D1896,kept,,,,,,,unload: vt. 卸；摆脱…之负担；倾销vi. 卸货；退子弹
O1938,unnecessary,1,unnecessary,0,,1,unnecessary,D1897,kept,,,,,,,unnecessary: adj. 不必要的；多余的，无用的
O1939,unpleasant,1,unpleasant,0,,1,unpleasant,D1898,kept,,,,,,,unpleasant: adj. 讨厌的；使人不愉快的
O1940,unsatisfactory,1,unsatisfactory,0,,1,unsatisfactory,D1899,kept,,,,,,,unsatisfactory: adj. 不令人满意的；不满足的；不符合要求的
O1941,unstable,1,unstable,0,,1,unstable,D1900,kept,,,,,,,unstable: adj. 不稳定的；动荡的；易变的
O1942,unsuitable,1,unsuitable,0,,1,unsuitable,D1901,kept,,,,,,,unsuitable: adj. 不适合的；不适宜的；不相称的
O1943,unusually,1,unusually,0,,1,unusually,D1902,kept,,,,,,,unusually: adv. 特别地，及其，非常；异常地，不同寻常地
O1944,unwilling,1,unwilling,0,,1,unwilling,D1903,kept,,,,,,,unwilling: adj. 不愿意的；不情愿的；勉强的
O1945,update,2,"update, upgrade",0,,2,"update, upgrade",D1904,kept,up-向上；date日期；grade等级,均有向上、改善之意，update更新（跟上日期），upgrade升级（提升等级）。,计算机上，我们先更新(update)软件，然后升级(upgrade)系统到最新版本。,向上up：更新update日期，升级upgrade等级。,update the system - 更新系统 | upgrade software - 升级软件,date (日期) | grade (等级),"update: vt. 更新；校正，修正；使现代化n. 更新；现代化 | upgrade: n.升级,上升,上坡adv.往上vt.使升级,提升,改良品种"
O1946,uphold,1,uphold,0,,1,uphold,D1905,kept,,,,,,,uphold: vt. 支撑；鼓励；赞成；举起
O1947,upright,1,upright,0,,1,upright,D1906,kept,,,,,,,upright: adj. 正直的，诚实的；垂直的，直立的；笔直的；合乎正道的n. 垂直；竖立
O1948,upwards,1,upwards,0,,1,upwards,D1907,kept,,,,,,,upwards: adv. 向上；在上部；向上游
O1949,us,1,us,0,,1,us,D1908,kept,,,,,,,us: pron. 我们
O1950,usage,4,"usage, used, utility, utilize",0,,4,"usage, used, utility, utilize",D1909,kept,"use, uti 使用",均与“使用”相关，涵盖名词、形容词、动词形式。,掌握英语的用法(usage)后，我习惯于(used)借助工具书，它们非常实用(utility)，能充分利用(utilize)时间。,用use/uti：用法usage，习惯的used，实用utility，利用utilize。,usage of words - 单词用法 | be used to doing - 习惯于做某事 | public utility - 公共设施 | utilize resources - 利用资源,use (使用) | useful (有用的) | useless (无用的),usage: n. 使用；用法；惯例 | used: adj. 习惯的；二手的，使用过的v. 用（use 的过去式和过去分词） | utility: n. 实用；效用；公共设施；功用adj. 实用的；通用的；有多种用途的 | utilize: vt. 利用
O1951,utmost,1,utmost,0,,1,utmost,D1910,kept,,,,,,,utmost: adj. 极度的；最远的n. 极限；最大可能
O1952,utter,1,utter,0,,1,utter,D1911,kept,,,,,,,utter: adj. 完全的；彻底的；无条件的v. 说出；发出，表达；发射；使用伪钞n. (Utter) （美、瑞、德、加、法、俄、匈）乌特（人名）
O1953,vacation,2,"vacation, vacuum",0,,2,"vacation, vacuum",D1912,kept,vac = empty 空,词根vac表示空，vacation假期（空闲），vacuum真空。,在假期(vacation)里，我把房间打扫得像真空(vacuum)一样空无一物。,vac空：假期vacation空了，真空vacuum更空。,summer vacation - 暑假 | vacuum cleaner - 真空吸尘器,vacant (空的) | vacancy (空缺),vacation: n. 假期；（房屋）搬出vi. 休假，度假 | vacuum: n. 真空；空缺，空白；真空吸尘器adj. 真空的；利用真空的；产生真空的vt. 用真空吸尘器清扫
O1954,validity,1,validity,0,,1,validity,D1913,kept,,,,,,,validity: n. [计] 有效性；正确；正确性
O1955,valve,1,valve,0,,1,valve,D1914,kept,,,,,,,valve: n. 阀；[解剖] 瓣膜；真空管；活门vt. 装阀于；以活门调节n. (Valve)人名；(俄、芬)瓦尔韦
O1956,van,1,van,0,,1,van,D1915,kept,,,,,,,van: n. 先锋；厢式货车；增值网vt. 用车搬运n. (Van)人名；(老、泰、柬、缅)万
O1957,vanish,2,"vanish, vanity",0,,2,"vanish, vanity",D1916,kept,van = empty 空,均源自van-空，vanish消失（变成空），vanity虚荣（空虚）。,当虚荣(vanity)被戳破，所有浮华瞬间消失(vanish)无踪。,van空：虚荣vanity使人空虚，消失vanish化为空无。,vanish into thin air - 消失得无影无踪 | personal vanity - 个人虚荣,vain (徒劳的；虚荣的),vanish: vi. 消失；突然不见；成为零vt. 使不见，使消失n. 弱化音 | vanity: n. 虚荣心；空虚；浮华；无价值的东西
O1958,vapour,1,vapour,0,,1,vapour,D1917,kept,,,,,,,vapour: n. 蒸汽，烟雾vi. 自我吹嘘
O1959,vary,3,"variable, variation, vary",0,,3,"variable, variation, vary",D1918,kept,var(i) = change 变化,vary动词变化，variable可变的/变量，variation变化/变异。,实验中，变量(variable)的微小变化(variation)会导致结果变化(vary)显著。,变vary：变量variable，变化variation，都在改变。,variable factor - 可变因素 | genetic variation - 遗传变异 | vary with temperature - 随温度变化,various (各种各样的) | variety (多样性),variable: adj. 变量的；可变的；易变的，多变的；变异的，[生物] 畸变的n. [数] 变量；可变物，可变因素 | variation: n. 变化，变更，变动；[生物] 变异，变种；变奏曲 | vary: vi. 变化；变异；违反vt. 改变；使多样化；变奏n. (Vary)人名；(英、法、罗、柬)瓦里
O1960,vegetation,1,vegetation,0,,1,vegetation,D1919,kept,,,,,,,vegetation: n. 植被；植物，草木；呆板单调的生活
O1961,veil,1,veil,0,,1,veil,D1920,kept,,,,,,,veil: n. 面纱；面罩；遮蔽物；托词vt. 遮蔽；掩饰；以面纱遮掩；用帷幕分隔vi. 蒙上面纱；出现轻度灰雾n. (Veil)人名；(法)韦伊；(德)法伊尔
O1962,vein,1,vein,0,,1,vein,D1921,kept,,,,,,,vein: n. 血管；叶脉；[地质] 岩脉；纹理；翅脉；性情vt. 使成脉络；像脉络般分布于n. (Vein)人名；(英)维因；(塞)魏因
O1963,velocity,1,velocity,0,,1,velocity,D1922,kept,,,,,,,velocity: n. 【物】速度
O1964,velvet,1,velvet,0,,1,velvet,D1923,kept,,,,,,,velvet: n. 天鹅绒，丝绒；天鹅绒似的东西adj. 天鹅绒的
O1965,vent,2,"vent, ventilate",0,,2,"vent, ventilate",D1924,kept,词根 vent- = wind (风),vent 是通风孔，ventilate 是使通风，同根词，均与风有关。,想象一个排气孔 (vent) 正在给房间通风换气 (ventilate)。,通风孔 (vent) 用于通风 (ventilate)。,give vent to - 发泄（感情等） | ventilate the room - 给房间通风,ventilation - 通风设备,"vent: n.通风孔,出烟孔,出口,(感情等的)发泄v.放出,排出,发泄 | ventilate: vt. 使通风；给…装通风设备；宣布"
O1966,venture,1,venture,0,,1,venture,D1925,kept,,,,,,,venture: n. 冒险旅行；（有风险的）企业v. 敢于冒险；小心地说（或做）；冒着失去……的风险n. (Venture) （法）旺蒂尔（人名）
O1967,verb,2,"verb, verbal",0,,2,"verb, verbal",D1926,kept,词根 verb- = word (词语),verb 是动词，verbal 是口头的、与动词相关的，都源于“词语”。,一个人说话时，嘴里蹦出动词 (verb)，而口头协议都是言语 (verbal) 的。,动词 (verb) 是词语，口头 (verbal) 也是词语。,verbal agreement - 口头协议 | phrasal verb - 短语动词,adverb - 副词 | proverb - 谚语,verb: n. 动词；动词词性；动词性短语或从句n. (Verb) （俄）韦尔布（人名） | verbal: adj. 口头的；言语的；动词的；照字面的n. 动词的非谓语形式
O1968,verify,2,"verdict, verify",0,,2,"verdict, verify",D1927,kept,词根 ver- = true (真实),verify 核实（使真实），verdict 裁定（真实的话），都强调“真实”。,法官核实 (verify) 证据后，做出裁决 (verdict)。,核实 (verify) 为真，裁决 (verdict) 亦真。,verify the information - 核实信息 | reach a verdict - 达成裁决,very - 非常（原意真正） | veracity - 真实性,verdict: n. 结论；裁定 | verify: vt. 核实；查证
O1969,verge,1,verge,0,,1,verge,D1928,kept,,,,,,,verge: n. 边缘；绿地；极限；山墙突瓦；权杖（作为职位标志）v. 濒临，接近；趋向；处在边缘n. (Verge) （英、美、法、加、西）贝尔赫（人名）
O1970,versatile,4,"versatile, verse, versus, vertical",0,,4,"versatile, verse, versus, vertical",D1929,kept,词根 vert-/vers- = to turn (转),verse 诗行（转行），versus 相对（转向对面），vertical 垂直（转向顶点），versatile 多才多艺（能转动），均源于“转”。,多才多艺 (versatile) 的人，转笔写诗 (verse)，转身对敌 (versus)，站得笔直 (vertical)。,多姿能转，写诗相对垂直。,blank verse - 无韵诗 | versus the world - 对抗世界 | vertical line - 垂直线 | versatile performer - 多才多艺的表演者,convert - 转变 | advertise - 做广告（转注意） | reverse - 相反,versatile: adj. 多才多艺的；通用的，万能的；多面手的 | verse: n. 诗，诗篇；韵文；诗节vi. 作诗vt. 使熟练，使精通n. (Verse)人名；(德)费尔泽 | versus: prep. 对，对抗；与……相对，与……相比 | vertical: adj. 垂直的，直立的；[解剖] 头顶的，顶点的；[植]纵长的，直上的n. 垂直线，垂直面；垂直位置
O1971,vessel,1,vessel,0,,1,vessel,D1930,kept,,,,,,,vessel: n. 船，舰；[组织] 脉管，血管；容器，器皿n. (Vessel)人名；(荷)费塞尔；(俄、意、捷)韦塞尔
O1972,veteran,1,veteran,0,,1,veteran,D1931,kept,,,,,,,veteran: n. 老兵；老手；富有经验的人；老运动员adj. 经验丰富的；老兵的
O1973,veto,1,veto,0,,1,veto,D1932,kept,,,,,,,veto: n. 否决权vt. 否决；禁止vi. 否决；禁止
O1974,vex,1,vex,0,,1,vex,D1933,kept,,,,,,,vex: vt. 使烦恼；使困惑；使恼怒vi. 烦恼
O1975,vibrate,2,"vibrate, vibration",0,,2,"vibrate, vibration",D1934,kept,词根 vibr- = to shake (摇动),vibrate 是振动，vibration 是其名词形式，直接派生。,手机在桌上振动 (vibrate)，你能感受到振动 (vibration)。,振动动词是 vibrate，名词是 vibration。,vibrate with excitement - 激动得颤抖 | vibration frequency - 振动频率,vibrant - 充满活力的（音近）,vibrate: vi. 振动；颤动；摇摆；踌躇vt. 使振动；使颤动 | vibration: n. 振动；犹豫；心灵感应
O1976,vicinity,1,vicinity,0,,1,vicinity,D1935,kept,,,,,,,vicinity: n. 邻近，附近；近处
O1977,vicious,1,vicious,0,,1,vicious,D1936,kept,,,,,,,vicious: adj. 恶毒的；恶意的；堕落的；有错误的；品性不端的；剧烈的n. (Vicious)人名；(英)维舍斯
O1978,victorious,1,victorious,0,,1,victorious,D1937,kept,,,,,,,victorious: adj. 胜利的；凯旋的
O1979,vision,4,"viewpoint, visible, vision, visualize",0,,4,"viewpoint, visible, vision, visualize",D1938,kept,词根 vis-/vid- = to see (看)；view 也源自 vid-,vision 视力/幻象，visible 可见的，visualize 想象（使可见），viewpoint 观点（看+点），均与“看”相关。,用眼睛看 (vision) 到可见的 (visible) 景象，再在脑中想象 (visualize) 形成观点 (viewpoint)。,看见印象想观点，都用 vis/vid。,field of vision - 视野 | visible spectrum - 可见光谱 | visualize success - 想象成功 | from my viewpoint - 从我的观点看,view - 视野；看法 | invisible - 看不见的 | revise - 修订（再看）,viewpoint: n. 观点，看法；视角 | visible: adj. 明显的；看得见的；现有的；可得到的n. 可见物；进出口贸易中的有形项目 | vision: n. 视力；美景；眼力；幻象；想象力；幻视（漫威漫画旗下超级英雄）vt. 想象；显现；梦见 | visualize: vt. 形象，形象化；想像，设想vi. 显现
O1980,vigorous,1,vigorous,0,,1,vigorous,D1939,kept,,,,,,,vigorous: adj. 有力的；精力充沛的
O1981,vine,1,vine,0,,1,vine,D1940,kept,,,,,,,vine: n. 藤；葡萄树；藤本植物；攀缘植物；藤蔓植物vi. 长成藤蔓；爬藤n. (Vine)人名；(葡)维内；(英)瓦因
O1982,violate,2,"violate, violence",0,,2,"violate, violence",D1941,kept,词根 viol- = to treat with force (暴力对待),violate 违反/侵犯，violence 暴力，都含有强力、侵犯之意。,用暴力 (violence) 侵犯 (violate) 规则。,侵犯 (violate) 常伴随暴力 (violence)。,violate the law - 违法 | domestic violence - 家庭暴力,violent - 暴力的 | inviolable - 不可侵犯的,violate: vt. 违反；侵犯，妨碍；亵渎 | violence: n. 暴力；侵犯；激烈；歪曲
O1983,violet,1,violet,0,,1,violet,D1942,kept,,,,,,,violet: n. 紫罗兰；堇菜；羞怯的人adj. 紫色的；紫罗兰色的n. (Violet)人名；(西)比奥莱特；(法)维奥莱；(印、匈、英)维奥莱特
O1984,virgin,1,virgin,0,,1,virgin,D1943,kept,,,,,,,"virgin: n.处女,(晚近用法)处男adj.处女的,童贞的,纯洁的,洁白无瑕疵的,未被玷污的,原始的,处于原耒状态的,未采伐过的森林 美国著名游戏软件公司"
O1985,virtual,2,"virtual, virtually",0,,2,"virtual, virtually",D1944,kept,源自拉丁语 virtus (力量)，意为“实质上的”，非典型词根，整体记忆,virtual 实质上的，virtually 几乎/实质上，是副词派生关系。,虚拟现实 (virtual reality) 看起来几乎 (virtually) 是真的。,virtual 是实质上的，virtually 是几乎。,virtual reality - 虚拟现实 | virtually impossible - 几乎不可能,actual - 实际的 | practical - 实际的,virtual: adj. [计] 虚拟的；实质上的，事实上的（但未在名义上或正式获承认） | virtually: adv. 事实上，几乎；实质上
O1986,vitamin,1,vitamin,0,,1,vitamin,D1945,kept,,,,,,,vitamin: n. [生化] 维生素；[生化] 维他命
O1987,vocal,3,"vocabulary, vocal, vocational",0,,3,"vocabulary, vocal, vocational",D1946,kept,"词根 voc-/vok- = to call, voice (声音，呼唤)",vocal 声音的，vocabulary 词汇（呼唤的集合），vocational 职业的（来自召唤），均与“呼唤”相关。,用声音 (vocal) 说出的词汇 (vocabulary) 指引职业 (vocational) 方向。,呼 (voc) 出声声，汇成词汇，召唤职业。,vocal cord - 声带 | active vocabulary - 主动词汇 | vocational training - 职业培训,advocate - 提倡 | vocation - 职业；使命感 | voice - 声音,vocabulary: n. 词汇；词表；词汇量 | vocal: adj. 歌唱的；声音的，有声的adj. 直言不讳的n. 声乐作品；元音n. Vocal)人名；(西)博卡尔 | vocational: adj. 职业的，行业的
O1988,void,1,void,0,,1,void,D1947,kept,,,,,,,void: adj. 无效的；空的；无人（居住）的；缺乏的n. 空间；空白；空虚感v. 使无效；排放（大小便）n. (Void) （美、俄、印）沃伊德（人名）
O1989,volleyball,1,volleyball,0,,1,volleyball,D1948,kept,,,,,,,volleyball: n. 排球
O1990,"volt, watt (电学单位)",2,"volt, watt",0,,2,"volt, watt",D1949,kept,"来自科学家 Volta, Watt",均为常见电学单位：volt 伏特（电压），watt 瓦特（功率）,一节电池有电压（volt），灯泡功率（watt）多大,伏特电压瓦特功，科学家人名记心中,volt – 伏特（电压单位） | watt – 瓦特（功率单位）,ampere (安培) | ohm (欧姆),volt: n. 伏特（电压单位）；环骑；闪避n. (Volt)人名；(捷)沃尔特 | watt: n. 瓦特n. (Watt)人名；(英、葡)瓦特
O1991,volume,1,volume,0,,1,volume,D1950,kept,,,,,,,volume: n. 量；体积；卷；音量；大量；册adj. 大量的vi. 成团卷起vt. 把…收集成卷
O1992,voluntary,1,voluntary,0,,1,voluntary,D1951,kept,,,,,,,voluntary: adj. 自愿的；志愿的；自发的；故意的n. 志愿者；自愿行动
O1993,vulgar,1,vulgar,0,,1,vulgar,D1952,kept,,,,,,,vulgar: adj. 粗俗的；通俗的；本土的n. 平民，百姓
O1994,vulnerable,1,vulnerable,0,,1,vulnerable,D1953,kept,,,,,,,vulnerable: adj. 易受攻击的，易受……的攻击；易受伤害的；有弱点的
O1995,waggon,1,waggon,0,,1,waggon,D1954,kept,,,,,,,waggon: n. 四轮运货马车；运货车
O1996,waken,1,waken,0,,1,waken,D1955,kept,,,,,,,waken: vt. 唤醒；使觉醒vi. 醒来；觉醒
O1997,-fare 结尾词,2,"warfare, welfare",0,,2,"warfare, welfare",D1956,kept,"war + fare, wel(l) + fare，-fare 古义“进展、旅行”",均以 -fare 结尾，含义相对：warfare 战争，welfare 福利、幸福,战争（warfare）带来破坏，福利（welfare）保障生活,"war 战, wel 好, fare 行进：战争行进，福利行进",warfare – 战争 | social welfare – 社会福利,farewell (告别),warfare: n. 战争；冲突 | welfare: n. 福利；幸福；福利事业；安宁adj. 福利的；接受社会救济的
O1998,warn,1,warn,0,,1,warn,D1957,kept,,,,,,,warn: vt. 警告，提醒；通知vi. 发出警告，发出预告n. (Warn)人名；(英)沃恩；(德)瓦恩
O1999,warrant,1,warrant,0,,1,warrant,D1958,kept,,,,,,,warrant: n. 根据；证明；正当理由；委任状vt. 保证；担保；批准；辩解
O2000,water- 复合词,3,"waterfall, waterproof, watertight",0,,3,"waterfall, waterproof, watertight",D1959,kept,water + fall / proof / tight,water 加上表示落下、防…、紧密的词，构成与水相关的形容词或名词,站在瀑布（waterfall）下，穿着防水（waterproof）外套，容器水密（watertight）不漏,水落瀑布，防水防漏,waterfall – 瀑布 | waterproof jacket – 防水夹克 | watertight seal – 水密密封,fireproof (防火) | airtight (气密的),waterfall: n. 瀑布；瀑布似的东西n. (Waterfall)人名；(英)沃特福尔 | waterproof: adj. 防水的，不透水的vt. 使防水n. 防水材料 | watertight: adj. 水密的；不漏水的；无懈可击的
O2001,wavelength,1,wavelength,0,,1,wavelength,D1960,kept,,,,,,,wavelength: n. [物] 波长
O2002,weaken,1,weaken,0,,1,weaken,D1961,kept,,,,,,,weaken: vt. 减少；使变弱；使变淡vi. 变弱；畏缩；变软弱
O2003,weapon,1,weapon,0,,1,weapon,D1962,kept,,,,,,,weapon: n. 武器，兵器
O2004,weary,1,weary,0,,1,weary,D1963,kept,,,,,,,weary: adj. 疲倦的；厌烦的；令人厌烦的vi. 疲倦；厌烦vt. 使疲倦；使厌烦
O2005,weave,1,weave,0,,1,weave,D1964,kept,,,,,,,weave: vt. 编织；编排；使迂回前进vi. 纺织；编成；迂回行进n. 织物；织法；编织式样
O2006,wedge,1,wedge,0,,1,wedge,D1965,kept,,,,,,,wedge: n. 楔子；楔形物；不和v. 楔入；挤进；楔住n. (Wedge) 韦奇（人名）
O2007,weekday,1,weekday,0,,1,weekday,D1966,kept,,,,,,,weekday: n. 平日，普通日；工作日
O2008,weld,1,weld,0,,1,weld,D1967,kept,,,,,,,weld: vt. 焊接；使结合；使成整体vi. 焊牢n. 焊接；焊接点n. (Weld)人名；(英)韦尔德
O2009,westward,1,westward,0,,1,westward,D1968,kept,,,,,,,westward: adj. 向西的；西方的adv. 向西n. 西部；西方n. (Westward) （英、美）韦史特华尔德（人名）
O2010,wh- 复合连词/代词,5,"whereas, whereby, whichever, whilst, whoever",0,,5,"whereas, whereby, whichever, whilst, whoever",D1969,kept,"where + as / by, which + ever, while + st, who + ever",wh- 词加后缀构成连接词或代词：whereas 然而，whereby 凭借，whichever 无论哪个，whilst 当…时，whoever 无论谁,然而（whereas）情况不同，凭此（whereby）方法解决，无论哪个（whichever）都行，当…时（whilst）做，无论谁（whoever）来,wh- 词加尾巴：-as 然而，-by 凭此，-ever 无论,whereas clause – 鉴于条款 | whereby … – 凭借… | whichever you like – 随便你选 | whilst working – 工作时 | whoever comes – 无论谁来,wherever (无论哪里) | whenever (无论何时) | however (然而/无论怎样),whereas: conj. 然而；鉴于n. 序言，开场白；条件语句 | whereby: conj. 凭借；通过…；借以；与…一致adv. 凭此；借以 | whichever: pron. 任何一个；无论哪个；无论哪些adj. 无论哪个；无论哪些det. 任何一个；无论哪个；无论哪些 | whilst: conj. 当……的时候；与……同时；然而；虽然，尽管；直到……为止（等于 while）adv. 在……时候（等于 while） | whoever: pron. 无论谁；任何人n. 《爱谁谁》（电影名）
O2011,whip,1,whip,0,,1,whip,D1970,kept,,,,,,,"whip: n.鞭子,车夫v.鞭打,抽打,突然移动"
O2012,whirl,1,whirl,0,,1,whirl,D1971,kept,,,,,,,"whirl: v.(使)旋转,急动,急走n.旋转,—连串快速的活动"
O2013,whisky,1,whisky,0,,1,whisky,D1972,kept,,,,,,,whisky: n. 威士忌酒adj. 威士忌酒的
O2014,whitewash,1,whitewash,0,,1,whitewash,D1973,kept,,,,,,,whitewash: n. 粉饰；白色涂料；石灰水vt. 掩饰；把…刷白
O2015,wholly,1,wholly,0,,1,wholly,D1974,kept,,,,,,,wholly: adv. 完全地；全部；统统
O2016,wicked,1,wicked,0,,1,wicked,D1975,kept,,,,,,,wicked: adj. 邪恶的；恶劣的；不道德的；顽皮的adv. 俚语非常，很
O2017,wide 词族,3,"widely, widen, width",0,,3,"widely, widen, width",D1976,kept,"wide + -ly (副词), -en (使…), -th (名词)",wide 的派生词：widely 广泛地，widen 变宽，width 宽度,度量宽度（width）之后，拓宽（widen）道路，广泛应用（widely）,wide 宽，width 宽度，widen 变宽，widely 广泛,widely used – 广泛使用 | widen the road – 拓宽道路 | width of the room – 房间宽度,"broad (宽的), breadth (宽度)",widely: adv. 广泛地 | widen: vt. 放宽vi. 变宽n. (Widen)人名；(德)维登 | width: n. 宽度；广度
O2018,widow,1,widow,0,,1,widow,D1977,kept,,,,,,,widow: n. 寡妇；未排足的行；寡妇鸟v. 使丧偶
O2019,wireless,1,wireless,0,,1,wireless,D1978,kept,,,,,,,wireless: adj. 无线的；无线电的n. 无线电vt. 用无线电报与…联系；用无线电报发送vi. 打无线电报；打无线电话
O2020,wit,1,wit,0,,1,wit,D1979,kept,,,,,,,wit: n. 智慧；才智；智力n. (Wit)人名；(泰)威；(英、德、波)威特v. 古知道；即
O2021,with- 前缀动词,2,"withhold, withstand",0,,2,"withhold, withstand",D1980,kept,"with- (向后、反对) + hold (握), stand (站)",with- 表示“向后、反对”，hold 抓住 → 隐瞒，stand 站立 → 抵抗,隐瞒（withhold）信息不说，抵抗（withstand）压力不倒,withhold 向后拿住不给；withstand 向后站住抗拒,withhold information – 隐瞒信息 | withstand pressure – 承受压力,withdraw (撤回) | within (在…之内),withhold: vt. 保留，不给；隐瞒；抑制vi. 忍住；克制 | withstand: vt. 抵挡；禁得起；反抗vi. 反抗
O2022,woollen,1,woollen,0,,1,woollen,D1981,kept,,,,,,,woollen: adj. 羊毛制的；毛纺织业的n. 毛织品n. (Woollen) （美、英、德）伍伦（人名）
O2023,work,2,"workman, workshop",0,,2,"workman, workshop",D1982,kept,work派生词，-man表人，-shop表场所,workman是工匠，workshop是车间或研讨会，都和工作相关,想象一个工匠在车间里工作，或者参加研讨会提升技能,工匠在车间参加研讨会,experienced workman - 有经验的工匠 | repair workshop - 修理车间,workforce | workmate,workman: n. 工匠；技工；男工n. (Workman)人名；(英)沃克曼 | workshop: n. 车间；研讨会；工场；讲习班
O2024,worship,1,worship,0,,1,worship,D1983,kept,,,,,,,worship: n. 崇拜；礼拜；尊敬vt. 崇拜；尊敬；爱慕vi. 拜神；做礼拜
O2025,worthwhile,1,worthwhile,0,,1,worthwhile,D1984,kept,,,,,,,worthwhile: adj. 重要的；令人愉快的；有趣的；值得（花时间、金钱、努力等）的；有价值的，有益的；值得做的
O2026,wrap,2,"wrap, wreath",0,,2,"wrap, wreath",D1985,kept,无共同词根，均含环绕之意,wrap是缠绕包裹，wreath是花环或环绕,把彩带缠绕起来做成一个花环,缠绕彩带成花环,wrap up the gift - 包好礼物 | lay a wreath - 献花圈,garland | envelop,wrap: vt. 包；缠绕；隐藏；掩护vi. 包起来；缠绕；穿外衣；非正式完成拍摄，杀青n. 外套；围巾 | wreath: n. 花冠；圈状物vt. 环绕（等于wreathe）vi. 盘旋（等于wreathe）
O2027,wreck,4,"wreck, wrench, wretched, wrinkle",0,,4,"wreck, wrench, wretched, wrinkle",D1986,kept,均以wr-开头，无共同词根，靠场景联想,四个词都有负面含义，构建灾难场景：失事、悲惨、扭伤、皱纹,船舶失事后，遇难者处境可怜，救援中扭伤关节，痛苦皱眉加深皱纹,遇难可怜扭伤起皱,train wreck - 火车失事 | wrench one's ankle - 扭伤脚踝 | wretched living conditions - 恶劣的生活条件 | fine wrinkles - 细皱纹,wreckage | sprain,wreck: n. 破坏；失事；残骸；失去健康的人vt. 破坏；使失事；拆毁vi. 失事；营救失事船只 | wrench: n. 扳手，扳钳；扭伤；痛苦；歪曲；猛扭vt. 扭伤；猛扭；曲解；折磨vi. 扭伤；猛扭；猛绞n. (Wrench)人名；(英)伦奇 | wretched: adj. 可怜的；卑鄙的；令人苦恼或难受的 | wrinkle: n. 皱纹vi. 起皱vt. 使起皱纹
O2028,writer,1,writer,0,,1,writer,D1987,kept,,,,,,,writer: n. 作家；作者；期权卖方
O2029,yacht,1,yacht,0,,1,yacht,D1988,kept,,,,,,,yacht: n. 游艇，快艇；轻舟v. 乘游艇，驾游艇；驾帆船比赛n. (Yacht) （美、加、土、法、荷、俄）约特（人名）
O2030,yawn,1,yawn,0,,1,yawn,D1989,kept,,,,,,,yawn: v. 打哈欠；张得很开；（令人恐惧地）豁开n. 打哈欠；乏味的人（事物）
O2031,yield,2,"yearly, yield",0,,2,"yearly, yield",D1990,kept,无共同词根，yearly为year+ly，yield指产量,yearly每年的，yield产量，常见于年产量语境,农民计算一年的产量：每年的粮食产量都有增长,每年的产量记心间,yearly output - 年产量 | crop yield - 农作物产量,annual | harvest,yearly: adj. 每年的adv. 每年；一年一次n. 年刊；年鉴 | yield: v. 出产（产品或作物）；产出（效果、收益等）；生息；屈服；放弃；停止争论；给（车辆）让路；（在外力、重压等下）屈曲n. 产量；利润，红利率
O2032,yoke,1,yoke,0,,1,yoke,D1991,kept,,,,,,,yoke: n. 轭；束缚；牛轭vt. 结合；给…上轭vi. 结合；匹配n. (Yoke)人名；(日)与家(姓)
O2033,young,2,"youngster, youthful",0,,2,"youngster, youthful",D1992,kept,young/youth同源，-ster指人，-ful形容词后缀,都与年轻有关，youngster是年轻人，youthful是年轻的,那个有活力的年轻人总是展现出年轻的活力,年轻人充满年轻活力,talented youngster - 有天赋的年轻人 | youthful vigor - 青春活力,youth,youngster: n. 年轻人；少年 | youthful: adj. 年轻的；早期的
O2034,zeal,2,"zeal, zealous",0,,2,"zeal, zealous",D1993,kept,zeal名词，加-ous变形容词,名词和形容词形式，表示热情（的）,充满热情的人做事情很热心,热情之人必热心,religious zeal - 宗教热情 | zealous supporter - 热心的支持者,enthusiasm | enthusiastic,zeal: n. 热情；热心；热诚 | zealous: adj. 热心的，热情的，积极的n. (Zealous)人名；(英)泽勒斯
O2035,zinc,1,zinc,0,,1,zinc,D1994,kept,,,,,,,zinc: n. 锌；（用于屋顶等的）镀锌铁板v. 镀锌于，用锌处理
